{
  "type": "FeatureCollection",
  "generator": "overpass-turbo",
  "copyright": "The data included in this document is from www.openstreetmap.org. The data is made available under ODbL.",
  "timestamp": "2026-04-30T07:06:12Z",
  "features": [
    {
      "type": "Feature",
      "properties": {
        "@id": "node/244218255",
        "boundary": "marker",
        "note": "This is point 60°32'00'',00 N 27°46'25'', 00 E what is defined in border agreement (http://www.finlex.fi/fi/sopimukset/sopsteksti/1941/19410012/19410012_3)",
        "seamark:buoy_safe_water:colour": "red;white",
        "seamark:buoy_safe_water:colour_pattern": "vertical",
        "seamark:buoy_safe_water:shape": "spar",
        "seamark:name": "Rajaviitta 1",
        "seamark:type": "buoy_safe_water",
        "source:url": "http://www.finlex.fi/fi/sopimukset/sopsteksti/1941/19410012/19410012_3"
      },
      "geometry": {
        "type": "Point",
        "coordinates": [
          27.7744141,
          60.5335769
        ]
      },
      "id": "node/244218255"
    },
    {
      "type": "Feature",
      "properties": {
        "@id": "node/287088269",
        "seamark:buoy_safe_water:colour": "red;white",
        "seamark:buoy_safe_water:colour_pattern": "vertical",
        "seamark:buoy_safe_water:shape": "pillar",
        "seamark:light:character": "Iso",
        "seamark:light:colour": "white",
        "seamark:light:period": "4",
        "seamark:radar_transponder:category": "racon",
        "seamark:radar_transponder:group": "T",
        "seamark:topmark:colour": "red",
        "seamark:topmark:shape": "sphere",
        "seamark:type": "buoy_safe_water",
        "source": "US NGA Pub. 116. 2011-07-07."
      },
      "geometry": {
        "type": "Point",
        "coordinates": [
          10.5958432,
          57.4150955
        ]
      },
      "id": "node/287088269"
    },
    {
      "type": "Feature",
      "properties": {
        "@id": "node/361459753",
        "seamark:buoy_safe_water:colour": "red;white",
        "seamark:buoy_safe_water:colour_pattern": "vertical",
        "seamark:buoy_safe_water:shape": "pillar",
        "seamark:information": "If there is a risk of ice the buoy will not be replaced during the winter season.",
        "seamark:light:character": "Iso",
        "seamark:light:colour": "white",
        "seamark:light:period": "4",
        "seamark:lnam": "00B44010D1940060",
        "seamark:name": "Rostock",
        "seamark:radar_reflector": "yes",
        "seamark:topmark:colour": "red",
        "seamark:topmark:shape": "sphere",
        "seamark:type": "buoy_safe_water"
      },
      "geometry": {
        "type": "Point",
        "coordinates": [
          12.026523,
          54.29848
        ]
      },
      "id": "node/361459753"
    },
    {
      "type": "Feature",
      "properties": {
        "@id": "node/413721557",
        "seamark:buoy_safe_water:colour": "red;white",
        "seamark:buoy_safe_water:colour_pattern": "vertical",
        "seamark:buoy_safe_water:shape": "pillar",
        "seamark:information": "If there is a risk of ice the buoy will not be replaced during the winter season.",
        "seamark:light:character": "Iso",
        "seamark:light:colour": "white",
        "seamark:light:period": "8",
        "seamark:lnam": "00B44010D1940007",
        "seamark:name": "KO 2",
        "seamark:topmark:colour": "red",
        "seamark:topmark:shape": "sphere",
        "seamark:type": "buoy_safe_water"
      },
      "geometry": {
        "type": "Point",
        "coordinates": [
          10.45045,
          54.53268
        ]
      },
      "id": "node/413721557"
    },
    {
      "type": "Feature",
      "properties": {
        "@id": "node/417288229",
        "seamark:buoy_safe_water:colour": "red;white",
        "seamark:buoy_safe_water:colour_pattern": "vertical",
        "seamark:buoy_safe_water:shape": "pillar",
        "seamark:information": "If there is a risk of ice the buoy will not be replaced during the winter season.",
        "seamark:light:character": "Iso",
        "seamark:light:colour": "white",
        "seamark:light:period": "4",
        "seamark:lnam": "00B44010D1950090",
        "seamark:name": "2",
        "seamark:topmark:colour": "red",
        "seamark:topmark:shape": "sphere",
        "seamark:type": "buoy_safe_water"
      },
      "geometry": {
        "type": "Point",
        "coordinates": [
          10.936588,
          54.411564
        ]
      },
      "id": "node/417288229"
    },
    {
      "type": "Feature",
      "properties": {
        "@id": "node/431047089",
        "seamark:buoy_safe_water:colour": "red;white",
        "seamark:buoy_safe_water:colour_pattern": "vertical",
        "seamark:buoy_safe_water:shape": "pillar",
        "seamark:information": "If there is a risk of ice the buoy will not be replaced during the winter season.",
        "seamark:light:character": "Iso",
        "seamark:light:colour": "white",
        "seamark:light:period": "4",
        "seamark:lnam": "00B44010D18F00DE",
        "seamark:name": "Offentief",
        "seamark:topmark:colour": "red",
        "seamark:topmark:shape": "sphere",
        "seamark:type": "buoy_safe_water"
      },
      "geometry": {
        "type": "Point",
        "coordinates": [
          11.2975,
          54.04
        ]
      },
      "id": "node/431047089"
    },
    {
      "type": "Feature",
      "properties": {
        "@id": "node/431048936",
        "seamark:buoy_safe_water:colour": "red;white",
        "seamark:buoy_safe_water:colour_pattern": "vertical",
        "seamark:buoy_safe_water:shape": "pillar",
        "seamark:information": "If there is a risk of ice the buoy will not be replaced during the winter season.",
        "seamark:light:character": "Iso",
        "seamark:light:colour": "white",
        "seamark:light:period": "4",
        "seamark:lnam": "00B44010D19500EE",
        "seamark:name": "Trave",
        "seamark:topmark:colour": "red",
        "seamark:topmark:shape": "sphere",
        "seamark:type": "buoy_safe_water"
      },
      "geometry": {
        "type": "Point",
        "coordinates": [
          10.9458373,
          53.9974998
        ]
      },
      "id": "node/431048936"
    },
    {
      "type": "Feature",
      "properties": {
        "@id": "node/431059056",
        "description": "Rerik Ansteuerung",
        "seamark:buoy_safe_water:colour": "red;white",
        "seamark:buoy_safe_water:colour_pattern": "vertical",
        "seamark:buoy_safe_water:period_end": "--1031",
        "seamark:buoy_safe_water:period_start": "--0515",
        "seamark:buoy_safe_water:shape": "pillar",
        "seamark:buoy_safe_water:status": "intermittent",
        "seamark:information": "If there is a risk of ice the buoy will not be replaced during the winter season.",
        "seamark:lnam": "00B4000120280001",
        "seamark:name": "Rerik",
        "seamark:topmark:colour": "red",
        "seamark:topmark:shape": "sphere",
        "seamark:type": "buoy_safe_water"
      },
      "geometry": {
        "type": "Point",
        "coordinates": [
          11.561192,
          54.054877
        ]
      },
      "id": "node/431059056"
    },
    {
      "type": "Feature",
      "properties": {
        "@id": "node/431061211",
        "seamark:buoy_safe_water:colour": "red;white",
        "seamark:buoy_safe_water:colour_pattern": "vertical",
        "seamark:buoy_safe_water:shape": "pillar",
        "seamark:information": "If there is a risk of ice the buoy will be unlit and has no topmark. If there is a risk of ice the buoy will not be replaced during the winter season.",
        "seamark:light:character": "Iso",
        "seamark:light:colour": "white",
        "seamark:light:period": "4",
        "seamark:lnam": "00B44010D18B0086",
        "seamark:name": "Greifswald",
        "seamark:topmark:colour": "red",
        "seamark:topmark:shape": "sphere",
        "seamark:type": "buoy_safe_water"
      },
      "geometry": {
        "type": "Point",
        "coordinates": [
          13.501483,
          54.163093
        ]
      },
      "id": "node/431061211"
    },
    {
      "type": "Feature",
      "properties": {
        "@id": "node/431061427",
        "seamark:buoy_safe_water:colour": "red;white",
        "seamark:buoy_safe_water:colour_pattern": "vertical",
        "seamark:buoy_safe_water:shape": "pillar",
        "seamark:information": "If there is a risk of ice the buoy will be unlit and has no topmark. If there is a risk of ice the buoy will not be replaced during the winter season.",
        "seamark:light:character": "Oc",
        "seamark:light:colour": "white",
        "seamark:light:period": "4",
        "seamark:lnam": "00B44010D19500F0",
        "seamark:name": "Vierow",
        "seamark:topmark:colour": "red",
        "seamark:topmark:shape": "sphere",
        "seamark:type": "buoy_safe_water"
      },
      "geometry": {
        "type": "Point",
        "coordinates": [
          13.578887,
          54.18477
        ]
      },
      "id": "node/431061427"
    },
    {
      "type": "Feature",
      "properties": {
        "@id": "node/431062821",
        "name": "Tw-2",
        "seamark:buoy_safe_water:colour": "red;white",
        "seamark:buoy_safe_water:colour_pattern": "vertical",
        "seamark:buoy_safe_water:shape": "spar",
        "seamark:name": "TW-2",
        "seamark:topmark:colour": "red",
        "seamark:topmark:shape": "sphere",
        "seamark:type": "buoy_safe_water",
        "topmark": "yes"
      },
      "geometry": {
        "type": "Point",
        "coordinates": [
          14.3538737,
          53.7695275
        ]
      },
      "id": "node/431062821"
    },
    {
      "type": "Feature",
      "properties": {
        "@id": "node/431062863",
        "seamark:buoy_safe_water:colour": "red;white",
        "seamark:buoy_safe_water:colour_pattern": "vertical",
        "seamark:buoy_safe_water:shape": "pillar",
        "seamark:information": "During the winter saeson the buoy will be replaced by a special ice buoy (unlit/no topmark)",
        "seamark:light:character": "Iso",
        "seamark:light:colour": "white",
        "seamark:light:period": "4",
        "seamark:lnam": "00B40001210C0001",
        "seamark:name": "Peenestrom Süd/H 1",
        "seamark:topmark:colour": "red",
        "seamark:topmark:shape": "sphere",
        "seamark:type": "buoy_safe_water"
      },
      "geometry": {
        "type": "Point",
        "coordinates": [
          13.959233,
          53.824553
        ]
      },
      "id": "node/431062863"
    },
    {
      "type": "Feature",
      "properties": {
        "@id": "node/431062864",
        "seamark:buoy_safe_water:colour": "red;white",
        "seamark:buoy_safe_water:colour_pattern": "vertical",
        "seamark:buoy_safe_water:shape": "spar",
        "seamark:name": "TW-1",
        "seamark:topmark:colour": "red",
        "seamark:topmark:shape": "sphere",
        "seamark:type": "buoy_safe_water"
      },
      "geometry": {
        "type": "Point",
        "coordinates": [
          14.3780397,
          53.7644938
        ]
      },
      "id": "node/431062864"
    },
    {
      "type": "Feature",
      "properties": {
        "@id": "node/431062950",
        "seamark:buoy_safe_water:colour": "red;white",
        "seamark:buoy_safe_water:colour_pattern": "vertical",
        "seamark:buoy_safe_water:shape": "spar",
        "seamark:lnam": "00B44010D18C00B4",
        "seamark:name": "H 4",
        "seamark:topmark:colour": "red",
        "seamark:topmark:shape": "sphere",
        "seamark:type": "buoy_safe_water"
      },
      "geometry": {
        "type": "Point",
        "coordinates": [
          14.101577,
          53.824615
        ]
      },
      "id": "node/431062950"
    },
    {
      "type": "Feature",
      "properties": {
        "@id": "node/431063539",
        "seamark:buoy_safe_water:colour": "red;white",
        "seamark:buoy_safe_water:colour_pattern": "vertical",
        "seamark:buoy_safe_water:shape": "spar",
        "seamark:information": "No topmark during the winter season.",
        "seamark:lnam": "00B44010D19600B4",
        "seamark:name": "H 2",
        "seamark:topmark:colour": "red",
        "seamark:topmark:shape": "sphere",
        "seamark:type": "buoy_safe_water"
      },
      "geometry": {
        "type": "Point",
        "coordinates": [
          14.006703,
          53.824595
        ]
      },
      "id": "node/431063539"
    },
    {
      "type": "Feature",
      "properties": {
        "@id": "node/431074469",
        "seamark:buoy_safe_water:colour": "red;white",
        "seamark:buoy_safe_water:colour_pattern": "vertical",
        "seamark:buoy_safe_water:shape": "pillar",
        "seamark:light:character": "Iso",
        "seamark:light:colour": "white",
        "seamark:light:period": "8",
        "seamark:name": "Großer Stein",
        "seamark:topmark:colour": "red",
        "seamark:topmark:shape": "sphere",
        "seamark:type": "buoy_safe_water"
      },
      "geometry": {
        "type": "Point",
        "coordinates": [
          11.4456,
          53.62918
        ]
      },
      "id": "node/431074469"
    },
    {
      "type": "Feature",
      "properties": {
        "@id": "node/431074881",
        "seamark:buoy_safe_water:colour": "red;white",
        "seamark:buoy_safe_water:colour_pattern": "vertical",
        "seamark:buoy_safe_water:shape": "pillar",
        "seamark:information": "If there is a risk of ice the buoy will not be replaced during the winter season.",
        "seamark:light:character": "Oc",
        "seamark:light:colour": "white",
        "seamark:light:period": "4",
        "seamark:lnam": "00B44010D1940058",
        "seamark:name": "Schlei",
        "seamark:radar_reflector": "yes",
        "seamark:topmark:colour": "red",
        "seamark:topmark:shape": "sphere",
        "seamark:type": "buoy_safe_water"
      },
      "geometry": {
        "type": "Point",
        "coordinates": [
          10.0559807,
          54.6682696
        ]
      },
      "id": "node/431074881"
    },
    {
      "type": "Feature",
      "properties": {
        "@id": "node/431087481",
        "seamark:buoy_safe_water:colour": "red;white",
        "seamark:buoy_safe_water:colour_pattern": "vertical",
        "seamark:buoy_safe_water:shape": "pillar",
        "seamark:topmark:colour": "red",
        "seamark:topmark:shape": "sphere",
        "seamark:type": "buoy_safe_water"
      },
      "geometry": {
        "type": "Point",
        "coordinates": [
          12.978436,
          53.2854544
        ]
      },
      "id": "node/431087481"
    },
    {
      "type": "Feature",
      "properties": {
        "@id": "node/431608739",
        "seamark:buoy_safe_water:colour": "red;white",
        "seamark:buoy_safe_water:colour_pattern": "vertical",
        "seamark:buoy_safe_water:shape": "pillar",
        "seamark:light:character": "Iso",
        "seamark:light:colour": "white",
        "seamark:light:period": "4",
        "seamark:name": "KO 9 / T 66",
        "seamark:topmark:colour": "red",
        "seamark:topmark:shape": "sphere",
        "seamark:type": "buoy_safe_water"
      },
      "geometry": {
        "type": "Point",
        "coordinates": [
          11.5537854,
          54.4846045
        ]
      },
      "id": "node/431608739"
    },
    {
      "type": "Feature",
      "properties": {
        "@id": "node/431608823",
        "seamark:buoy_safe_water:colour": "red;white",
        "seamark:buoy_safe_water:colour_pattern": "vertical",
        "seamark:buoy_safe_water:shape": "pillar",
        "seamark:information": "If there is a risk of ice the buoy will not be replaced during the winter season.",
        "seamark:light:character": "Iso",
        "seamark:light:colour": "white",
        "seamark:light:period": "4",
        "seamark:lnam": "00B44010D19500B7",
        "seamark:name": "KO 7-T 64",
        "seamark:topmark:colour": "red",
        "seamark:topmark:shape": "sphere",
        "seamark:type": "buoy_safe_water"
      },
      "geometry": {
        "type": "Point",
        "coordinates": [
          11.221038,
          54.577193
        ]
      },
      "id": "node/431608823"
    },
    {
      "type": "Feature",
      "properties": {
        "@id": "node/431608868",
        "seamark:buoy_safe_water:colour": "red;white",
        "seamark:buoy_safe_water:colour_pattern": "vertical",
        "seamark:buoy_safe_water:shape": "pillar",
        "seamark:information": "If there is a risk of ice the buoy will not be replaced during the winter season.",
        "seamark:light:character": "Iso",
        "seamark:light:colour": "white",
        "seamark:light:period": "4",
        "seamark:lnam": "00B44010D19500AF",
        "seamark:name": "KO 5-T 62",
        "seamark:topmark:colour": "red",
        "seamark:topmark:shape": "sphere",
        "seamark:type": "buoy_safe_water"
      },
      "geometry": {
        "type": "Point",
        "coordinates": [
          11.017657,
          54.591022
        ]
      },
      "id": "node/431608868"
    },
    {
      "type": "Feature",
      "properties": {
        "@id": "node/431609945",
        "seamark:buoy_safe_water:colour": "red;white",
        "seamark:buoy_safe_water:colour_pattern": "vertical",
        "seamark:buoy_safe_water:shape": "pillar",
        "seamark:light:character": "Iso",
        "seamark:light:colour": "white",
        "seamark:light:period": "4",
        "seamark:name": "KO 3",
        "seamark:topmark:colour": "red",
        "seamark:topmark:shape": "sphere",
        "seamark:type": "buoy_safe_water"
      },
      "geometry": {
        "type": "Point",
        "coordinates": [
          10.5931072,
          54.5674813
        ]
      },
      "id": "node/431609945"
    },
    {
      "type": "Feature",
      "properties": {
        "@id": "node/442811249",
        "seamark:buoy_safe_water:colour": "red;white",
        "seamark:buoy_safe_water:colour_pattern": "vertical",
        "seamark:buoy_safe_water:shape": "pillar",
        "seamark:information": "If there is a risk of ice the buoy will not be replaced during the winter season.",
        "seamark:light:character": "Iso",
        "seamark:light:colour": "white",
        "seamark:light:period": "4",
        "seamark:lnam": "00B44010D196004E",
        "seamark:name": "Sassnitz",
        "seamark:topmark:colour": "red",
        "seamark:topmark:shape": "sphere",
        "seamark:type": "buoy_safe_water"
      },
      "geometry": {
        "type": "Point",
        "coordinates": [
          13.766928,
          54.54497
        ]
      },
      "id": "node/442811249"
    },
    {
      "type": "Feature",
      "properties": {
        "@id": "node/443383639",
        "seamark:buoy_safe_water:colour": "red;white",
        "seamark:buoy_safe_water:colour_pattern": "vertical",
        "seamark:light:character": "LFl",
        "seamark:light:colour": "white",
        "seamark:name": "N-5",
        "seamark:topmark:colour": "red",
        "seamark:topmark:shape": "sphere",
        "seamark:type": "buoy_safe_water"
      },
      "geometry": {
        "type": "Point",
        "coordinates": [
          14.2316667,
          54.0775017
        ]
      },
      "id": "node/443383639"
    },
    {
      "type": "Feature",
      "properties": {
        "@id": "node/449947980",
        "seamark:buoy_safe_water:colour": "red;white",
        "seamark:buoy_safe_water:colour_pattern": "vertical",
        "seamark:buoy_safe_water:shape": "pillar",
        "seamark:information": "If there is a risk of ice the buoy will be replaced by a special ice buoy (unlit/no topmark)",
        "seamark:light:character": "Iso",
        "seamark:light:colour": "white",
        "seamark:light:period": "8",
        "seamark:lnam": "00B44010D19500BF",
        "seamark:name": "Fehmarnsund",
        "seamark:topmark:colour": "red",
        "seamark:topmark:shape": "sphere",
        "seamark:type": "buoy_safe_water"
      },
      "geometry": {
        "type": "Point",
        "coordinates": [
          11.176598,
          54.376372
        ]
      },
      "id": "node/449947980"
    },
    {
      "type": "Feature",
      "properties": {
        "@id": "node/476602204",
        "seamark:buoy_safe_water:colour": "red;white",
        "seamark:buoy_safe_water:colour_pattern": "vertical",
        "seamark:buoy_safe_water:shape": "pillar",
        "seamark:light:character": "Iso",
        "seamark:light:colour": "white",
        "seamark:light:period": "4",
        "seamark:name": "M 42",
        "seamark:topmark:colour": "red",
        "seamark:topmark:shape": "sphere",
        "seamark:type": "buoy_safe_water"
      },
      "geometry": {
        "type": "Point",
        "coordinates": [
          12.7048142,
          55.2920088
        ]
      },
      "id": "node/476602204"
    },
    {
      "type": "Feature",
      "properties": {
        "@id": "node/491397206",
        "note": "Ansteuerung Kadetrinne West",
        "seamark:buoy_safe_water:colour": "red;white",
        "seamark:buoy_safe_water:colour_pattern": "vertical",
        "seamark:buoy_safe_water:shape": "pillar",
        "seamark:light:character": "Iso",
        "seamark:light:colour": "white",
        "seamark:light:period": "4",
        "seamark:name": "69",
        "seamark:topmark:colour": "red",
        "seamark:topmark:shape": "sphere",
        "seamark:type": "buoy_safe_water"
      },
      "geometry": {
        "type": "Point",
        "coordinates": [
          11.9987125,
          54.4209499
        ]
      },
      "id": "node/491397206"
    },
    {
      "type": "Feature",
      "properties": {
        "@id": "node/492010030",
        "seamark:buoy_safe_water:colour": "red;white",
        "seamark:buoy_safe_water:colour_pattern": "vertical",
        "seamark:buoy_safe_water:shape": "pillar",
        "seamark:topmark:colour": "red",
        "seamark:topmark:shape": "sphere",
        "seamark:type": "buoy_safe_water",
        "topmark": "yes"
      },
      "geometry": {
        "type": "Point",
        "coordinates": [
          13.2527939,
          52.5709843
        ]
      },
      "id": "node/492010030"
    },
    {
      "type": "Feature",
      "properties": {
        "@id": "node/492881562",
        "seamark:buoy_safe_water:colour": "red;white",
        "seamark:buoy_safe_water:colour_pattern": "vertical",
        "seamark:buoy_safe_water:shape": "spar",
        "seamark:information": "No topmark during the winter season.",
        "seamark:lnam": "00B44010D195009F",
        "seamark:name": "Riems",
        "seamark:topmark:colour": "red",
        "seamark:topmark:shape": "sphere",
        "seamark:type": "buoy_safe_water"
      },
      "geometry": {
        "type": "Point",
        "coordinates": [
          13.371875,
          54.199507
        ]
      },
      "id": "node/492881562"
    },
    {
      "type": "Feature",
      "properties": {
        "@id": "node/493912646",
        "name": "Müritz Mitte",
        "seamark:buoy_safe_water:colour": "red;white",
        "seamark:buoy_safe_water:colour_pattern": "vertical",
        "seamark:buoy_safe_water:shape": "pillar",
        "seamark:light:character": "Iso",
        "seamark:light:colour": "white",
        "seamark:light:period": "8",
        "seamark:name": "Müritz Mitte",
        "seamark:radar_reflector": "yes",
        "seamark:topmark:colour": "red",
        "seamark:topmark:shape": "sphere",
        "seamark:type": "buoy_safe_water"
      },
      "geometry": {
        "type": "Point",
        "coordinates": [
          12.6753751,
          53.4301199
        ]
      },
      "id": "node/493912646"
    },
    {
      "type": "Feature",
      "properties": {
        "@id": "node/533982347",
        "ft_link": "www.freietonne.de?edit=13532",
        "seamark:buoy_safe_water:colour": "red;white",
        "seamark:buoy_safe_water:colour_pattern": "vertical",
        "seamark:buoy_safe_water:shape": "pillar",
        "seamark:information": "If there is a risk of ice the buoy will be replaced by a special ice buoy (unlit/no topmark)",
        "seamark:light:character": "Iso",
        "seamark:light:colour": "white",
        "seamark:light:period": "4",
        "seamark:lnam": "00B40001219E0001",
        "seamark:name": "Vortrapptief",
        "seamark:source": "BfS 302/24 WSA Elbe-Nordsee",
        "seamark:topmark:colour": "red",
        "seamark:topmark:shape": "sphere",
        "seamark:type": "buoy_safe_water"
      },
      "geometry": {
        "type": "Point",
        "coordinates": [
          8.2494667,
          54.5782667
        ]
      },
      "id": "node/533982347"
    },
    {
      "type": "Feature",
      "properties": {
        "@id": "node/538091906",
        "buoy": "safe_water",
        "buoy:colour": "red-white",
        "description": "Port Hueneme Entrance Lighted Whistle Buoy PH. No topmark is shown on this aid as required by IALA standards due to weather.",
        "light": "yes",
        "name": "PH",
        "seamark": "buoy",
        "seamark:buoy_safe_water:colour": "red;white",
        "seamark:buoy_safe_water:colour_pattern": "vertical",
        "seamark:buoy_safe_water:shape": "pillar",
        "seamark:fog_signal:category": "whistle",
        "seamark:light:character": "Mo",
        "seamark:light:colour": "white",
        "seamark:light:group": "A",
        "seamark:light:period": "8",
        "seamark:light:range": "6",
        "seamark:name": "PH",
        "seamark:reference": "USCG 3595",
        "seamark:type": "buoy_safe_water"
      },
      "geometry": {
        "type": "Point",
        "coordinates": [
          -119.2171095,
          34.137667
        ]
      },
      "id": "node/538091906"
    },
    {
      "type": "Feature",
      "properties": {
        "@id": "node/538588133",
        "buoy": "safe_water",
        "buoy:colour": "red-white",
        "description": "Santa Barbara Harbor Lighted Bell Buoy SB. No topmark is shown on this aid as required by IALA standards due to weather.",
        "light": "yes",
        "name": "SB",
        "seamark": "buoy",
        "seamark:buoy_safe_water:colour": "red;white",
        "seamark:buoy_safe_water:colour_pattern": "vertical",
        "seamark:buoy_safe_water:shape": "pillar",
        "seamark:fog_signal:category": "bell",
        "seamark:light:colour": "white",
        "seamark:light:group": "A",
        "seamark:light:period": "8",
        "seamark:light:range": "5",
        "seamark:name": "SB",
        "seamark:reference": "USCG 3755",
        "seamark:type": "buoy_safe_water"
      },
      "geometry": {
        "type": "Point",
        "coordinates": [
          -119.6793028,
          34.4011094
        ]
      },
      "id": "node/538588133"
    },
    {
      "type": "Feature",
      "properties": {
        "@id": "node/560917543",
        "buoy": "safe_water",
        "buoy:colour": "red-white",
        "description": "Redondo Harbor Entrance Lighted Bell Buoy RB. No topmark is shown on this aid as required by IALA standards due to weather.",
        "light": "yes",
        "name": "RB",
        "seamark": "buoy",
        "seamark:buoy_safe_water:colour": "red;white",
        "seamark:buoy_safe_water:colour_pattern": "vertical",
        "seamark:buoy_safe_water:shape": "pillar",
        "seamark:fog_signal:category": "bell",
        "seamark:light:character": "Mo",
        "seamark:light:colour": "white",
        "seamark:light:group": "A",
        "seamark:light:period": "8",
        "seamark:light:range": "5",
        "seamark:name": "RB",
        "seamark:reference": "USCG 3325",
        "seamark:type": "buoy_safe_water"
      },
      "geometry": {
        "type": "Point",
        "coordinates": [
          -118.3964631,
          33.839265
        ]
      },
      "id": "node/560917543"
    },
    {
      "type": "Feature",
      "properties": {
        "@id": "node/566839455",
        "description": "Long Beach Channel Approach Lighted Whistle Buoy LB",
        "name": "LB",
        "seamark:buoy_safe_water:colour": "red;white",
        "seamark:buoy_safe_water:colour_pattern": "vertical",
        "seamark:buoy_safe_water:shape": "pillar",
        "seamark:fog_signal:category": "whistle",
        "seamark:light:character": "Mo",
        "seamark:light:colour": "white",
        "seamark:light:group": "A",
        "seamark:light:period": "8",
        "seamark:light:range": "6",
        "seamark:light:sequence": "00.4+(00.6)+02.0+(05.0)",
        "seamark:name": "LB",
        "seamark:radar_transponder:category": "racon",
        "seamark:radar_transponder:group": "C",
        "seamark:reference": "USCG 3010",
        "seamark:type": "buoy_safe_water"
      },
      "geometry": {
        "type": "Point",
        "coordinates": [
          -118.183611,
          33.69
        ]
      },
      "id": "node/566839455"
    },
    {
      "type": "Feature",
      "properties": {
        "@id": "node/571061390",
        "seamark:buoy_safe_water:colour": "red;white",
        "seamark:buoy_safe_water:colour_pattern": "vertical",
        "seamark:buoy_safe_water:shape": "pillar",
        "seamark:information": "If there is a risk of ice the buoy will be replaced by a special ice buoy (unlit)",
        "seamark:light:character": "Iso",
        "seamark:light:colour": "white",
        "seamark:light:period": "4",
        "seamark:lnam": "00B44010D19000D5",
        "seamark:name": "Timmendorf",
        "seamark:topmark:colour": "red",
        "seamark:topmark:shape": "sphere",
        "seamark:type": "buoy_safe_water"
      },
      "geometry": {
        "type": "Point",
        "coordinates": [
          11.3705,
          53.9905
        ]
      },
      "id": "node/571061390"
    },
    {
      "type": "Feature",
      "properties": {
        "@id": "node/571534248",
        "buoy": "safe_water",
        "buoy:colour": "red;white",
        "description": "Newport Harbor Entrance Lighted Bell Buoy NWP",
        "light": "yes",
        "name": "NWP",
        "seamark": "buoy",
        "seamark:buoy_safe_water:colour": "red;white",
        "seamark:buoy_safe_water:colour_pattern": "vertical",
        "seamark:buoy_safe_water:shape": "pillar",
        "seamark:fog_signal:category": "bell",
        "seamark:light:character": "Mo",
        "seamark:light:colour": "white",
        "seamark:light:group": "A",
        "seamark:light:period": "8",
        "seamark:light:range": "5",
        "seamark:name": "NWP",
        "seamark:reference": "USCG 2435",
        "seamark:type": "buoy_safe_water"
      },
      "geometry": {
        "type": "Point",
        "coordinates": [
          -117.8782,
          33.5844167
        ]
      },
      "id": "node/571534248"
    },
    {
      "type": "Feature",
      "properties": {
        "@id": "node/574334851",
        "note": "Lübeck-Gedser-Weg 1",
        "seamark:buoy_safe_water:colour": "red;white",
        "seamark:buoy_safe_water:colour_pattern": "vertical",
        "seamark:buoy_safe_water:shape": "pillar",
        "seamark:information": "If there is a risk of ice the buoy will not be replaced during the winter season.",
        "seamark:light:character": "Iso",
        "seamark:light:colour": "white",
        "seamark:light:period": "8",
        "seamark:lnam": "00B44010D19500ED",
        "seamark:name": "1",
        "seamark:topmark:colour": "red",
        "seamark:topmark:shape": "sphere",
        "seamark:type": "buoy_safe_water"
      },
      "geometry": {
        "type": "Point",
        "coordinates": [
          11.0675,
          54.060833
        ]
      },
      "id": "node/574334851"
    },
    {
      "type": "Feature",
      "properties": {
        "@id": "node/574334852",
        "note": "Lübeck-Gedser-Weg 2",
        "seamark:buoy_safe_water:colour": "red;white",
        "seamark:buoy_safe_water:colour_pattern": "vertical",
        "seamark:buoy_safe_water:shape": "pillar",
        "seamark:information": "If there is a risk of ice the buoy will not be replaced during the winter season.",
        "seamark:light:character": "Iso",
        "seamark:light:colour": "white",
        "seamark:light:period": "4",
        "seamark:lnam": "00B44010D1940046",
        "seamark:name": "2",
        "seamark:topmark:colour": "red",
        "seamark:topmark:shape": "sphere",
        "seamark:type": "buoy_safe_water"
      },
      "geometry": {
        "type": "Point",
        "coordinates": [
          11.2736557,
          54.1628085
        ]
      },
      "id": "node/574334852"
    },
    {
      "type": "Feature",
      "properties": {
        "@id": "node/589004559",
        "description": "Morro Bay Approach Lighted Whistle Buoy MB. No topmark is shown on this aid as required by IALA standards due to weather.",
        "name": "MB",
        "seamark:buoy_safe_water:colour": "red;white",
        "seamark:buoy_safe_water:colour_pattern": "vertical",
        "seamark:buoy_safe_water:shape": "pillar",
        "seamark:fog_signal:category": "whistle",
        "seamark:light:character": "Mo",
        "seamark:light:colour": "white",
        "seamark:light:group": "A",
        "seamark:light:period": "8",
        "seamark:light:range": "5",
        "seamark:name": "MB",
        "seamark:reference": "USCG 3840",
        "seamark:type": "buoy_safe_water"
      },
      "geometry": {
        "type": "Point",
        "coordinates": [
          -120.880505,
          35.3598183
        ]
      },
      "id": "node/589004559"
    },
    {
      "type": "Feature",
      "properties": {
        "@id": "node/621528723",
        "buoy": "safe_water",
        "buoy:colour": "red-white",
        "description": "Oceanside Approach Lighted Whistle Buoy OC",
        "light": "yes",
        "name": "Oceanside Harbor",
        "seamark": "buoy",
        "seamark:buoy_safe_water:colour": "red;white",
        "seamark:buoy_safe_water:colour_pattern": "vertical",
        "seamark:buoy_safe_water:shape": "pillar",
        "seamark:fog_signal:category": "whistle",
        "seamark:light:character": "Mo",
        "seamark:light:colour": "white",
        "seamark:light:group": "A",
        "seamark:light:period": "8",
        "seamark:light:range": "5",
        "seamark:name": "OC",
        "seamark:reference": "USCG 2290",
        "seamark:type": "buoy_safe_water"
      },
      "geometry": {
        "type": "Point",
        "coordinates": [
          -117.408095,
          33.2017025
        ]
      },
      "id": "node/621528723"
    },
    {
      "type": "Feature",
      "properties": {
        "@id": "node/622202595",
        "description": "San Diego Bay Approach Lighted Whistle Buoy SD",
        "name": "SD",
        "seamark:buoy_safe_water:colour": "red;white",
        "seamark:buoy_safe_water:colour_pattern": "vertical",
        "seamark:buoy_safe_water:shape": "pillar",
        "seamark:fog_signal:category": "whistle",
        "seamark:light:character": "Mo",
        "seamark:light:colour": "white",
        "seamark:light:group": "A",
        "seamark:light:period": "8",
        "seamark:light:range": "6",
        "seamark:name": "SD",
        "seamark:radar_transponder:category": "racon",
        "seamark:radar_transponder:group": "M",
        "seamark:reference": "USCG 10; USCG 1485",
        "seamark:topmark:colour": "red",
        "seamark:topmark:shape": "sphere",
        "seamark:type": "buoy_safe_water"
      },
      "geometry": {
        "type": "Point",
        "coordinates": [
          -117.2458689,
          32.6222756
        ]
      },
      "id": "node/622202595"
    },
    {
      "type": "Feature",
      "properties": {
        "@id": "node/625746613",
        "note": "lt. Imray-Seekarte A27 befeuert Fl.R, ist aber nicht so (1/2010)",
        "seamark:light:colour": "white",
        "seamark:name": "Ansteuerungstonne Jolly Harbour",
        "seamark:type": "buoy_safe_water"
      },
      "geometry": {
        "type": "Point",
        "coordinates": [
          61,
          17
        ]
      },
      "id": "node/625746613"
    },
    {
      "type": "Feature",
      "properties": {
        "@id": "node/638424320",
        "seamark:buoy_safe_water:colour": "red;white",
        "seamark:buoy_safe_water:colour_pattern": "vertical",
        "seamark:buoy_safe_water:shape": "pillar",
        "seamark:information": "If there is a risk of ice the buoy will be unlit and has no topmark. If there is a risk of ice the buoy will not be replaced during the winter season.",
        "seamark:light:character": "Iso",
        "seamark:light:colour": "white",
        "seamark:light:period": "4",
        "seamark:lnam": "00B44010D19500E9",
        "seamark:name": "Ariadne",
        "seamark:topmark:colour": "red",
        "seamark:topmark:shape": "sphere",
        "seamark:type": "buoy_safe_water"
      },
      "geometry": {
        "type": "Point",
        "coordinates": [
          13.56666,
          54.2057083
        ]
      },
      "id": "node/638424320"
    },
    {
      "type": "Feature",
      "properties": {
        "@id": "node/638569080",
        "seamark:buoy_safe_water:colour": "red;white",
        "seamark:buoy_safe_water:colour_pattern": "vertical",
        "seamark:buoy_safe_water:shape": "spar",
        "seamark:information": "No topmark during the winter season.",
        "seamark:lnam": "00B44010D19500F7",
        "seamark:name": "Kaming",
        "seamark:topmark:colour": "red",
        "seamark:topmark:shape": "sphere",
        "seamark:type": "buoy_safe_water"
      },
      "geometry": {
        "type": "Point",
        "coordinates": [
          13.663958,
          54.284875
        ]
      },
      "id": "node/638569080"
    },
    {
      "type": "Feature",
      "properties": {
        "@id": "node/638750219",
        "note": "Kadetrinne",
        "seamark:buoy_safe_water:colour": "red;white",
        "seamark:buoy_safe_water:colour_pattern": "vertical",
        "seamark:buoy_safe_water:shape": "pillar",
        "seamark:light:character": "LFl",
        "seamark:light:colour": "white",
        "seamark:light:period": "10",
        "seamark:lnam": "00B44010D1940052",
        "seamark:name": "70",
        "seamark:topmark:colour": "red",
        "seamark:topmark:shape": "sphere",
        "seamark:type": "buoy_safe_water"
      },
      "geometry": {
        "type": "Point",
        "coordinates": [
          12.155527,
          54.421029
        ]
      },
      "id": "node/638750219"
    },
    {
      "type": "Feature",
      "properties": {
        "@id": "node/638929148",
        "note": "Kadetrinne",
        "seamark:buoy_safe_water:colour": "red;white",
        "seamark:buoy_safe_water:colour_pattern": "vertical",
        "seamark:buoy_safe_water:shape": "pillar",
        "seamark:light:character": "Iso",
        "seamark:light:colour": "white",
        "seamark:light:period": "4",
        "seamark:lnam": "00B44010D1940057",
        "seamark:name": "71",
        "seamark:radar_transponder:category": "racon",
        "seamark:radar_transponder:group": "X",
        "seamark:radar_transponder:range": "10",
        "seamark:radar_transponder:wavelength": "0.03-X",
        "seamark:topmark:colour": "red",
        "seamark:topmark:shape": "sphere",
        "seamark:type": "buoy_safe_water"
      },
      "geometry": {
        "type": "Point",
        "coordinates": [
          12.2038598,
          54.4593608
        ]
      },
      "id": "node/638929148"
    },
    {
      "type": "Feature",
      "properties": {
        "@id": "node/638932718",
        "note": "Kadetrinne",
        "seamark:buoy_safe_water:colour": "red;white",
        "seamark:buoy_safe_water:colour_pattern": "vertical",
        "seamark:buoy_safe_water:shape": "pillar",
        "seamark:light:character": "LFl",
        "seamark:light:colour": "white",
        "seamark:light:period": "10",
        "seamark:name": "72",
        "seamark:topmark:colour": "red",
        "seamark:topmark:shape": "sphere",
        "seamark:type": "buoy_safe_water"
      },
      "geometry": {
        "type": "Point",
        "coordinates": [
          12.2337008,
          54.5193755
        ]
      },
      "id": "node/638932718"
    },
    {
      "type": "Feature",
      "properties": {
        "@id": "node/664318903",
        "seamark:buoy_safe_water:colour": "red;white",
        "seamark:buoy_safe_water:colour_pattern": "vertical",
        "seamark:buoy_safe_water:shape": "pillar",
        "seamark:light:character": "Mo",
        "seamark:light:colour": "white",
        "seamark:light:group": "A",
        "seamark:light:period": "5",
        "seamark:name": "PP",
        "seamark:reference": "USCG 330",
        "seamark:topmark:colour": "red",
        "seamark:topmark:shape": "sphere",
        "seamark:type": "buoy_safe_water"
      },
      "geometry": {
        "type": "Point",
        "coordinates": [
          -122.51375,
          37.4722222
        ]
      },
      "id": "node/664318903"
    },
    {
      "type": "Feature",
      "properties": {
        "@id": "node/664318948",
        "name": "MLA",
        "seamark:buoy_safe_water:colour": "red;white",
        "seamark:buoy_safe_water:colour_pattern": "vertical",
        "seamark:buoy_safe_water:shape": "pillar",
        "seamark:fog_signal:category": "bell",
        "seamark:light:character": "Mo",
        "seamark:light:colour": "white",
        "seamark:light:group": "A",
        "seamark:light:period": "8",
        "seamark:name": "MLA",
        "seamark:reference": "USCG 3990",
        "seamark:type": "buoy_safe_water"
      },
      "geometry": {
        "type": "Point",
        "coordinates": [
          -121.801568,
          36.7989283
        ]
      },
      "id": "node/664318948"
    },
    {
      "type": "Feature",
      "properties": {
        "@id": "node/664318966",
        "name": "SC",
        "note": "No topmark is shown on this aid as required by IALA standards due to weather.",
        "seamark:buoy_safe_water:colour": "red;white",
        "seamark:buoy_safe_water:colour_pattern": "vertical",
        "seamark:buoy_safe_water:shape": "pillar",
        "seamark:fog_signal:category": "whistle",
        "seamark:light:character": "Mo",
        "seamark:light:colour": "white",
        "seamark:light:group": "A",
        "seamark:light:period": "8",
        "seamark:light:range": "6",
        "seamark:reference": "USCG 4080",
        "seamark:type": "buoy_safe_water"
      },
      "geometry": {
        "type": "Point",
        "coordinates": [
          -122.009611,
          36.9389903
        ]
      },
      "id": "node/664318966"
    },
    {
      "type": "Feature",
      "properties": {
        "@id": "node/665891874",
        "note": "F.Mo(A) 12s",
        "seamark:buoy_safe_water:colour": "red;white",
        "seamark:buoy_safe_water:colour_pattern": "vertical",
        "seamark:buoy_safe_water:shape": "pillar",
        "seamark:light:character": "Mo",
        "seamark:light:colour": "white",
        "seamark:light:group": "A",
        "seamark:light:period": "12",
        "seamark:name": "AT-SO",
        "seamark:radar_reflector": "yes",
        "seamark:topmark:colour": "red",
        "seamark:topmark:shape": "sphere",
        "seamark:type": "buoy_safe_water"
      },
      "geometry": {
        "type": "Point",
        "coordinates": [
          1.475,
          50.2333333
        ]
      },
      "id": "node/665891874"
    },
    {
      "type": "Feature",
      "properties": {
        "@id": "node/675845822",
        "seamark:buoy_safe_water:colour": "white;red",
        "seamark:buoy_safe_water:shape": "spar",
        "seamark:name": "Test",
        "seamark:type": "buoy_safe_water"
      },
      "geometry": {
        "type": "Point",
        "coordinates": [
          27.99606,
          61.1635
        ]
      },
      "id": "node/675845822"
    },
    {
      "type": "Feature",
      "properties": {
        "@id": "node/675953476",
        "seamark:buoy_safe_water:colour": "red;white",
        "seamark:buoy_safe_water:colour_pattern": "vertical",
        "seamark:buoy_safe_water:shape": "spar",
        "seamark:name": "Kajuuttaluodot länsi",
        "seamark:type": "buoy_safe_water"
      },
      "geometry": {
        "type": "Point",
        "coordinates": [
          25.1902345,
          60.1761994
        ]
      },
      "id": "node/675953476"
    },
    {
      "type": "Feature",
      "properties": {
        "@id": "node/675953581",
        "seamark:buoy_safe_water:colour": "red;white",
        "seamark:buoy_safe_water:colour_pattern": "vertical",
        "seamark:buoy_safe_water:shape": "spar",
        "seamark:type": "buoy_safe_water"
      },
      "geometry": {
        "type": "Point",
        "coordinates": [
          25.2361462,
          60.1847567
        ]
      },
      "id": "node/675953581"
    },
    {
      "type": "Feature",
      "properties": {
        "@id": "node/677528679",
        "name": "Hiiu väina laevatee teljepoi",
        "number": "709",
        "seamark:buoy_safe_water:colour": "red;white",
        "seamark:buoy_safe_water:colour_pattern": "vertical",
        "seamark:light:character": "LFl",
        "seamark:light:colour": "white",
        "seamark:light:period": "10",
        "seamark:type": "buoy_safe_water",
        "source": "Estonian Maritime Administration, 24.03.2010",
        "url": "https://nma.vta.ee/aton/"
      },
      "geometry": {
        "type": "Point",
        "coordinates": [
          22.70855,
          58.6600833
        ]
      },
      "id": "node/677528679"
    },
    {
      "type": "Feature",
      "properties": {
        "@id": "node/677528703",
        "name": "Suurupi teljepoi Nr.2",
        "number": "369",
        "seamark:buoy_safe_water:colour": "red;white",
        "seamark:buoy_safe_water:colour_pattern": "vertical",
        "seamark:buoy_safe_water:shape": "pillar",
        "seamark:light:character": "LFl",
        "seamark:light:colour": "white",
        "seamark:light:period": "10",
        "seamark:name": "Suurupi 2",
        "seamark:type": "buoy_safe_water",
        "source": "Estonian Maritime Administration, 24.03.2010",
        "url": "https://nma.vta.ee/aton/"
      },
      "geometry": {
        "type": "Point",
        "coordinates": [
          24.5,
          59.4998333
        ]
      },
      "id": "node/677528703"
    },
    {
      "type": "Feature",
      "properties": {
        "@id": "node/677528722",
        "name": "Kihnu teljepoi",
        "number": "845",
        "seamark:buoy_safe_water:colour": "red;white",
        "seamark:buoy_safe_water:colour_pattern": "vertical",
        "seamark:light:character": "LFl",
        "seamark:light:colour": "white",
        "seamark:light:period": "10",
        "seamark:type": "buoy_safe_water",
        "source": "Estonian Maritime Administration, 24.03.2010",
        "url": "https://nma.vta.ee/aton/"
      },
      "geometry": {
        "type": "Point",
        "coordinates": [
          24.046,
          58.1416667
        ]
      },
      "id": "node/677528722"
    },
    {
      "type": "Feature",
      "properties": {
        "@id": "node/677528865",
        "name": "Ringsu sadama teljepoi",
        "number": "996",
        "seamark:buoy_safe_water:colour": "red;white",
        "seamark:buoy_safe_water:colour_pattern": "vertical",
        "seamark:light:character": "LFl",
        "seamark:light:colour": "white",
        "seamark:light:period": "10",
        "seamark:type": "buoy_safe_water",
        "source": "Estonian Maritime Administration, 24.03.2010",
        "website": "http://195.50.203.61/POID?Lan=996"
      },
      "geometry": {
        "type": "Point",
        "coordinates": [
          23.2897667,
          57.7770333
        ]
      },
      "id": "node/677528865"
    },
    {
      "type": "Feature",
      "properties": {
        "@id": "node/677528899",
        "name": "Kuressaare laevatee teljepoi",
        "number": "958",
        "seamark:buoy_safe_water:colour": "red;white",
        "seamark:buoy_safe_water:colour_pattern": "vertical",
        "seamark:light:character": "LFl",
        "seamark:light:colour": "white",
        "seamark:light:period": "10",
        "seamark:type": "buoy_safe_water",
        "source": "Estonian Maritime Administration, 24.03.2010",
        "url": "https://nma.vta.ee/aton/"
      },
      "geometry": {
        "type": "Point",
        "coordinates": [
          22.4689667,
          58.2083333
        ]
      },
      "id": "node/677528899"
    },
    {
      "type": "Feature",
      "properties": {
        "@id": "node/677528969",
        "name": "Hiiu väina laevatee teljepoi",
        "number": "708",
        "seamark:buoy_safe_water:colour": "red;white",
        "seamark:buoy_safe_water:colour_pattern": "vertical",
        "seamark:light:character": "LFl",
        "seamark:light:colour": "white",
        "seamark:light:period": "10",
        "seamark:type": "buoy_safe_water",
        "source": "Estonian Maritime Administration, 24.03.2010",
        "url": "https://nma.vta.ee/aton/"
      },
      "geometry": {
        "type": "Point",
        "coordinates": [
          22.5858333,
          58.6588
        ]
      },
      "id": "node/677528969"
    },
    {
      "type": "Feature",
      "properties": {
        "@id": "node/677528971",
        "name": "Suurupi teljepoi nr.3",
        "ref": "370",
        "seamark:buoy_safe_water:colour": "red;white",
        "seamark:buoy_safe_water:colour_pattern": "vertical",
        "seamark:buoy_safe_water:shape": "pillar",
        "seamark:light:character": "LFl",
        "seamark:light:colour": "white",
        "seamark:light:period": "10",
        "seamark:name": "Suurupi 3",
        "seamark:type": "buoy_safe_water",
        "source": "Estonian Maritime Administration, 24.03.2010",
        "url": "https://nma.vta.ee/aton/"
      },
      "geometry": {
        "type": "Point",
        "coordinates": [
          24.5441667,
          59.4998333
        ]
      },
      "id": "node/677528971"
    },
    {
      "type": "Feature",
      "properties": {
        "@id": "node/677529053",
        "name": "Tallinna teljepoi Nr.2",
        "ref": "212",
        "seamark:buoy_safe_water:colour": "red;white",
        "seamark:buoy_safe_water:colour_pattern": "vertical",
        "seamark:buoy_safe_water:shape": "pillar",
        "seamark:light:character": "LFl",
        "seamark:light:colour": "white",
        "seamark:light:period": "10",
        "seamark:name": "Tallinn 2",
        "seamark:type": "buoy_safe_water",
        "source": "Estonian Maritime Administration, 24.03.2010",
        "url": "https://nma.vta.ee/aton/"
      },
      "geometry": {
        "type": "Point",
        "coordinates": [
          24.7323833,
          59.5252667
        ]
      },
      "id": "node/677529053"
    },
    {
      "type": "Feature",
      "properties": {
        "@id": "node/677529072",
        "name": "Soela teljepoi",
        "number": "695",
        "seamark:buoy_safe_water:colour": "red;white",
        "seamark:buoy_safe_water:colour_pattern": "vertical",
        "seamark:light:character": "LFl",
        "seamark:light:colour": "white",
        "seamark:light:period": "10",
        "seamark:type": "buoy_safe_water",
        "source": "Estonian Maritime Administration, 24.03.2010",
        "url": "https://nma.vta.ee/aton/"
      },
      "geometry": {
        "type": "Point",
        "coordinates": [
          22.4035333,
          58.68985
        ]
      },
      "id": "node/677529072"
    },
    {
      "type": "Feature",
      "properties": {
        "@id": "node/677529110",
        "name": "Dirhami teljepoi",
        "number": "428",
        "seamark:buoy_safe_water:colour": "red;white",
        "seamark:buoy_safe_water:colour_pattern": "vertical",
        "seamark:type": "buoy_safe_water",
        "source": "Estonian Maritime Administration, 24.03.2010",
        "url": "https://nma.vta.ee/aton/"
      },
      "geometry": {
        "type": "Point",
        "coordinates": [
          23.49455,
          59.2335833
        ]
      },
      "id": "node/677529110"
    },
    {
      "type": "Feature",
      "properties": {
        "@id": "node/677529158",
        "name": "Tallinna teljepoi Nr.3",
        "ref": "213",
        "seamark:buoy_safe_water:colour": "red;white",
        "seamark:buoy_safe_water:colour_pattern": "vertical",
        "seamark:buoy_safe_water:shape": "pillar",
        "seamark:light:character": "LFl",
        "seamark:light:colour": "white",
        "seamark:light:group": "1",
        "seamark:light:period": "10",
        "seamark:name": "Tallinn 3",
        "seamark:type": "buoy_safe_water",
        "source": "Estonian Maritime Administration, 24.03.2010",
        "url": "https://nma.vta.ee/aton/"
      },
      "geometry": {
        "type": "Point",
        "coordinates": [
          24.7540167,
          59.4965833
        ]
      },
      "id": "node/677529158"
    },
    {
      "type": "Feature",
      "properties": {
        "@id": "node/677529170",
        "name": "Hiiu väina laevatee teljepoi",
        "number": "746",
        "seamark:buoy_safe_water:colour": "red;white",
        "seamark:buoy_safe_water:colour_pattern": "vertical",
        "seamark:light:character": "LFl",
        "seamark:light:colour": "white",
        "seamark:light:period": "10",
        "seamark:type": "buoy_safe_water",
        "source": "Estonian Maritime Administration, 24.03.2010",
        "url": "https://nma.vta.ee/aton/"
      },
      "geometry": {
        "type": "Point",
        "coordinates": [
          23.21255,
          58.70065
        ]
      },
      "id": "node/677529170"
    },
    {
      "type": "Feature",
      "properties": {
        "@id": "node/677529215",
        "name": "Kihnu väina laevatee teljepoi K1",
        "number": "837",
        "seamark:buoy_safe_water:colour": "red;white",
        "seamark:buoy_safe_water:colour_pattern": "vertical",
        "seamark:light:character": "LFl",
        "seamark:light:colour": "white",
        "seamark:light:period": "10",
        "seamark:type": "buoy_safe_water",
        "source": "Estonian Maritime Administration, 24.03.2010",
        "url": "https://nma.vta.ee/aton/"
      },
      "geometry": {
        "type": "Point",
        "coordinates": [
          23.7422833,
          58.2857833
        ]
      },
      "id": "node/677529215"
    },
    {
      "type": "Feature",
      "properties": {
        "@id": "node/677529279",
        "name": "Rohuneeme sadama merekanali teljepoi",
        "number": "216",
        "seamark:buoy_safe_water:colour": "red;white",
        "seamark:buoy_safe_water:colour_pattern": "vertical",
        "seamark:buoy_safe_water:shape": "pillar",
        "seamark:name": "Rohuneeme Harbour",
        "seamark:type": "buoy_safe_water",
        "source": "Estonian Maritime Administration, 24.03.2010",
        "url": "https://nma.vta.ee/aton/"
      },
      "geometry": {
        "type": "Point",
        "coordinates": [
          24.77,
          59.5565167
        ]
      },
      "id": "node/677529279"
    },
    {
      "type": "Feature",
      "properties": {
        "@id": "node/677529296",
        "name": "Sillamäe sadama teljepoi",
        "number": "24",
        "seamark:buoy_safe_water:colour": "red;white",
        "seamark:buoy_safe_water:colour_pattern": "vertical",
        "seamark:buoy_safe_water:shape": "pillar",
        "seamark:light:character": "LFl",
        "seamark:light:colour": "white",
        "seamark:light:period": "10",
        "seamark:type": "buoy_safe_water",
        "source": "Estonian Maritime Administration, 24.03.2010",
        "url": "https://nma.vta.ee/aton/"
      },
      "geometry": {
        "type": "Point",
        "coordinates": [
          27.6966667,
          59.4733333
        ]
      },
      "id": "node/677529296"
    },
    {
      "type": "Feature",
      "properties": {
        "@id": "node/677529311",
        "name": "Suurupi teljepoi Nr.1",
        "ref": "368",
        "seamark:buoy_safe_water:colour": "red;white",
        "seamark:buoy_safe_water:colour_pattern": "vertical",
        "seamark:light:character": "LFl",
        "seamark:light:colour": "white",
        "seamark:light:period": "10",
        "seamark:type": "buoy_safe_water",
        "source": "Estonian Maritime Administration, 24.03.2010",
        "url": "https://nma.vta.ee/aton/"
      },
      "geometry": {
        "type": "Point",
        "coordinates": [
          24.3328333,
          59.4998333
        ]
      },
      "id": "node/677529311"
    },
    {
      "type": "Feature",
      "properties": {
        "@id": "node/677529356",
        "name": "Kihnu väina laevatee teljepoi K9",
        "number": "838",
        "seamark:buoy_safe_water:colour": "red;white",
        "seamark:buoy_safe_water:colour_pattern": "vertical",
        "seamark:light:character": "LFl",
        "seamark:light:colour": "white",
        "seamark:light:period": "10",
        "seamark:type": "buoy_safe_water",
        "source": "Estonian Maritime Administration, 24.03.2010",
        "url": "https://nma.vta.ee/aton/"
      },
      "geometry": {
        "type": "Point",
        "coordinates": [
          24.0598833,
          58.1976833
        ]
      },
      "id": "node/677529356"
    },
    {
      "type": "Feature",
      "properties": {
        "@id": "node/677529389",
        "name": "Tallinna teljepoi Nr.1",
        "ref": "211",
        "seamark:buoy_safe_water:colour": "red;white",
        "seamark:buoy_safe_water:colour_pattern": "vertical",
        "seamark:buoy_safe_water:shape": "pillar",
        "seamark:light:character": "LFl",
        "seamark:light:colour": "white",
        "seamark:light:period": "10",
        "seamark:name": "Tallinn N1",
        "seamark:type": "buoy_safe_water",
        "source": "Estonian Maritime Administration, 24.03.2010",
        "url": "https://nma.vta.ee/aton/"
      },
      "geometry": {
        "type": "Point",
        "coordinates": [
          24.6700167,
          59.6080167
        ]
      },
      "id": "node/677529389"
    },
    {
      "type": "Feature",
      "properties": {
        "@id": "node/694831533",
        "seamark:buoy_safe_water:colour": "red;white",
        "seamark:buoy_safe_water:colour_pattern": "vertical",
        "seamark:buoy_safe_water:shape": "spar",
        "seamark:topmark:colour": "red",
        "seamark:topmark:shape": "sphere",
        "seamark:type": "buoy_safe_water"
      },
      "geometry": {
        "type": "Point",
        "coordinates": [
          10.6402071,
          54.8404659
        ]
      },
      "id": "node/694831533"
    },
    {
      "type": "Feature",
      "properties": {
        "@id": "node/695339331",
        "seamark:buoy_safe_water:colour": "red;white",
        "seamark:buoy_safe_water:colour_pattern": "vertical",
        "seamark:buoy_safe_water:shape": "spar",
        "seamark:topmark:colour": "red",
        "seamark:topmark:shape": "sphere",
        "seamark:type": "buoy_safe_water"
      },
      "geometry": {
        "type": "Point",
        "coordinates": [
          10.5695996,
          54.875821
        ]
      },
      "id": "node/695339331"
    },
    {
      "type": "Feature",
      "properties": {
        "@id": "node/695351224",
        "seamark:buoy_safe_water:colour": "red;white",
        "seamark:buoy_safe_water:colour_pattern": "vertical",
        "seamark:buoy_safe_water:shape": "spar",
        "seamark:light:character": "LFl",
        "seamark:light:colour": "white",
        "seamark:light:period": "10",
        "seamark:topmark:colour": "red",
        "seamark:topmark:shape": "sphere",
        "seamark:type": "buoy_safe_water"
      },
      "geometry": {
        "type": "Point",
        "coordinates": [
          10.6568167,
          54.9098833
        ]
      },
      "id": "node/695351224"
    },
    {
      "type": "Feature",
      "properties": {
        "@id": "node/724194273",
        "seamark:buoy_safe_water:colour": "red;white",
        "seamark:buoy_safe_water:colour_pattern": "vertical",
        "seamark:buoy_safe_water:shape": "pillar",
        "seamark:light:character": "Iso",
        "seamark:light:colour": "white",
        "seamark:light:period": "8",
        "seamark:lnam": "00B44010D19500EA",
        "seamark:name": "Accumer Ee",
        "seamark:source": "BfS 56/26 WSA Ems-Nordsee",
        "seamark:topmark:colour": "red",
        "seamark:topmark:shape": "sphere",
        "seamark:type": "buoy_safe_water"
      },
      "geometry": {
        "type": "Point",
        "coordinates": [
          7.4602167,
          53.7836333
        ]
      },
      "id": "node/724194273"
    },
    {
      "type": "Feature",
      "properties": {
        "@id": "node/729748156",
        "seamark:buoy_safe_water:colour": "red;white",
        "seamark:buoy_safe_water:colour_pattern": "vertical",
        "seamark:buoy_safe_water:shape": "pillar",
        "seamark:information": "If there is a risk of ice the buoy will not be replaced during the winter season.",
        "seamark:light:character": "Iso",
        "seamark:light:colour": "white",
        "seamark:light:period": "4",
        "seamark:lnam": "00B44010D19000E0",
        "seamark:name": "Wendtorf",
        "seamark:topmark:colour": "red",
        "seamark:topmark:shape": "sphere",
        "seamark:type": "buoy_safe_water"
      },
      "geometry": {
        "type": "Point",
        "coordinates": [
          10.2684935,
          54.4262273
        ]
      },
      "id": "node/729748156"
    },
    {
      "type": "Feature",
      "properties": {
        "@id": "node/748914540",
        "seamark:buoy_safe_water:colour": "red;white",
        "seamark:buoy_safe_water:colour_pattern": "vertical",
        "seamark:buoy_safe_water:shape": "spar",
        "seamark:information": "No topmark during the winter season.",
        "seamark:lnam": "00B44010D18D0027",
        "seamark:name": "Wall",
        "seamark:topmark:colour": "red",
        "seamark:topmark:shape": "sphere",
        "seamark:type": "buoy_safe_water"
      },
      "geometry": {
        "type": "Point",
        "coordinates": [
          13.4259161,
          54.5436763
        ]
      },
      "id": "node/748914540"
    },
    {
      "type": "Feature",
      "properties": {
        "@id": "node/748920988",
        "seamark:buoy_safe_water:colour": "red;white",
        "seamark:buoy_safe_water:colour_pattern": "vertical",
        "seamark:buoy_safe_water:shape": "spar",
        "seamark:information": "No topmark during the winter season.",
        "seamark:lnam": "00B44010D18D001E",
        "seamark:name": "Jasmund",
        "seamark:topmark:colour": "red",
        "seamark:topmark:shape": "sphere",
        "seamark:type": "buoy_safe_water"
      },
      "geometry": {
        "type": "Point",
        "coordinates": [
          13.451053,
          54.52502
        ]
      },
      "id": "node/748920988"
    },
    {
      "type": "Feature",
      "properties": {
        "@id": "node/751574339",
        "seamark:buoy_safe_water:colour": "white;red",
        "seamark:buoy_safe_water:shape": "spherical",
        "seamark:light:colour": "white",
        "seamark:type": "buoy_safe_water"
      },
      "geometry": {
        "type": "Point",
        "coordinates": [
          13.6451,
          54.33956
        ]
      },
      "id": "node/751574339"
    },
    {
      "type": "Feature",
      "properties": {
        "@id": "node/793481190",
        "seamark:buoy_safe_water:colour": "red;white",
        "seamark:buoy_safe_water:colour_pattern": "vertical",
        "seamark:buoy_safe_water:shape": "pillar",
        "seamark:information": "If there is a risk of ice the buoy will be replaced by a special ice buoy (unlit/no topmark)",
        "seamark:light:character": "Iso",
        "seamark:light:colour": "white",
        "seamark:light:period": "8",
        "seamark:lnam": "00B4000121AA0001",
        "seamark:name": "Harle",
        "seamark:source": "BfS 129/25 WSA Weser-Jade-Nordsee",
        "seamark:topmark:colour": "red",
        "seamark:topmark:shape": "sphere",
        "seamark:type": "buoy_safe_water"
      },
      "geometry": {
        "type": "Point",
        "coordinates": [
          7.7733333,
          53.8229667
        ]
      },
      "id": "node/793481190"
    },
    {
      "type": "Feature",
      "properties": {
        "@id": "node/796391077",
        "seamark:buoy_safe_water:colour": "red;white",
        "seamark:buoy_safe_water:colour_pattern": "vertical",
        "seamark:buoy_safe_water:shape": "pillar",
        "seamark:light:character": "Iso",
        "seamark:light:colour": "white",
        "seamark:light:period": "8",
        "seamark:topmark:colour": "red",
        "seamark:topmark:shape": "sphere",
        "seamark:type": "buoy_safe_water"
      },
      "geometry": {
        "type": "Point",
        "coordinates": [
          9.8937915,
          54.8418709
        ]
      },
      "id": "node/796391077"
    },
    {
      "type": "Feature",
      "properties": {
        "@id": "node/796391080",
        "seamark:buoy_safe_water:colour": "red;white",
        "seamark:buoy_safe_water:colour_pattern": "vertical",
        "seamark:buoy_safe_water:shape": "pillar",
        "seamark:topmark:colour": "red",
        "seamark:topmark:shape": "sphere",
        "seamark:type": "buoy_safe_water"
      },
      "geometry": {
        "type": "Point",
        "coordinates": [
          10.5475855,
          54.842402
        ]
      },
      "id": "node/796391080"
    },
    {
      "type": "Feature",
      "properties": {
        "@id": "node/808522466",
        "seamark:buoy_safe_water:colour": "red;white",
        "seamark:buoy_safe_water:colour_pattern": "vertical",
        "seamark:buoy_safe_water:shape": "spherical",
        "seamark:light:character": "Mo",
        "seamark:light:colour": "white",
        "seamark:light:group": "A",
        "seamark:light:period": "10",
        "seamark:name": "EXE",
        "seamark:type": "buoy_safe_water"
      },
      "geometry": {
        "type": "Point",
        "coordinates": [
          -3.3960642,
          50.5986718
        ]
      },
      "id": "node/808522466"
    },
    {
      "type": "Feature",
      "properties": {
        "@id": "node/817389895",
        "seamark:buoy_safe_water:colour": "red;white",
        "seamark:buoy_safe_water:colour_pattern": "vertical",
        "seamark:buoy_safe_water:shape": "pillar",
        "seamark:information": "During the winter saeson the buoy will be replaced by a special ice buoy (unlit/no topmark)",
        "seamark:light:character": "Iso",
        "seamark:light:colour": "white",
        "seamark:light:period": "4",
        "seamark:lnam": "00B44010D18C00B2",
        "seamark:name": "UE",
        "seamark:topmark:colour": "red",
        "seamark:topmark:shape": "sphere",
        "seamark:type": "buoy_safe_water"
      },
      "geometry": {
        "type": "Point",
        "coordinates": [
          14.097099,
          53.771466
        ]
      },
      "id": "node/817389895"
    },
    {
      "type": "Feature",
      "properties": {
        "@id": "node/817389930",
        "name": "TW-4",
        "seamark:buoy_safe_water:colour": "red;white",
        "seamark:buoy_safe_water:colour_pattern": "vertical",
        "seamark:buoy_safe_water:shape": "spar",
        "seamark:name": "TW-4",
        "seamark:topmark:colour": "red",
        "seamark:topmark:shape": "sphere",
        "seamark:type": "buoy_safe_water",
        "topmark": "yes"
      },
      "geometry": {
        "type": "Point",
        "coordinates": [
          14.3059157,
          53.779558
        ]
      },
      "id": "node/817389930"
    },
    {
      "type": "Feature",
      "properties": {
        "@id": "node/817389939",
        "name": "TW3",
        "seamark:buoy_safe_water:colour": "red;white",
        "seamark:buoy_safe_water:colour_pattern": "vertical",
        "seamark:buoy_safe_water:shape": "spar",
        "seamark:name": "TW-3",
        "seamark:topmark:colour": "red",
        "seamark:topmark:shape": "sphere",
        "seamark:type": "buoy_safe_water",
        "topmark": "yes"
      },
      "geometry": {
        "type": "Point",
        "coordinates": [
          14.3300196,
          53.7745286
        ]
      },
      "id": "node/817389939"
    },
    {
      "type": "Feature",
      "properties": {
        "@id": "node/824650745",
        "name": "Lassan",
        "seamark:buoy_safe_water:colour": "red;white",
        "seamark:buoy_safe_water:colour_pattern": "vertical",
        "seamark:buoy_safe_water:shape": "spar",
        "seamark:information": "No topmark during the winter season.",
        "seamark:lnam": "00B44010D19600A4",
        "seamark:name": "Lassan",
        "seamark:topmark:colour": "red",
        "seamark:topmark:shape": "sphere",
        "seamark:type": "buoy_safe_water"
      },
      "geometry": {
        "type": "Point",
        "coordinates": [
          13.871071,
          53.963218
        ]
      },
      "id": "node/824650745"
    },
    {
      "type": "Feature",
      "properties": {
        "@id": "node/833770001",
        "seamark:buoy_safe_water:colour": "red;white",
        "seamark:buoy_safe_water:colour_pattern": "vertical",
        "seamark:buoy_safe_water:shape": "pillar",
        "seamark:topmark:colour": "red",
        "seamark:topmark:shape": "sphere",
        "seamark:type": "buoy_safe_water"
      },
      "geometry": {
        "type": "Point",
        "coordinates": [
          -9.5031852,
          52.627645
        ]
      },
      "id": "node/833770001"
    },
    {
      "type": "Feature",
      "properties": {
        "@id": "node/838042689",
        "seamark:buoy_safe_water:colour": "red;white",
        "seamark:buoy_safe_water:colour_pattern": "vertical",
        "seamark:buoy_safe_water:shape": "spherical",
        "seamark:light:character": "Mo",
        "seamark:light:colour": "white",
        "seamark:light:group": "A",
        "seamark:light:period": "10",
        "seamark:name": "Alpha",
        "seamark:type": "buoy_safe_water",
        "source": "ABP Humber"
      },
      "geometry": {
        "type": "Point",
        "coordinates": [
          0.219933,
          53.54697
        ]
      },
      "id": "node/838042689"
    },
    {
      "type": "Feature",
      "properties": {
        "@id": "node/838043893",
        "seamark:buoy_safe_water:colour": "red;white",
        "seamark:buoy_safe_water:colour_pattern": "vertical",
        "seamark:buoy_safe_water:shape": "spherical",
        "seamark:light:character": "LFl",
        "seamark:light:colour": "white",
        "seamark:light:period": "10",
        "seamark:name": "Bravo",
        "seamark:type": "buoy_safe_water",
        "source": "ABP Humber"
      },
      "geometry": {
        "type": "Point",
        "coordinates": [
          0.18577,
          53.544467
        ]
      },
      "id": "node/838043893"
    },
    {
      "type": "Feature",
      "properties": {
        "@id": "node/838703657",
        "seamark:buoy_safe_water:colour": "red;white",
        "seamark:buoy_safe_water:colour_pattern": "vertical",
        "seamark:buoy_safe_water:shape": "spherical",
        "seamark:light:character": "LFl",
        "seamark:light:colour": "white",
        "seamark:light:period": "10",
        "seamark:name": "Charlie",
        "seamark:type": "buoy_safe_water",
        "source": "ABP Humber"
      },
      "geometry": {
        "type": "Point",
        "coordinates": [
          0.1607495,
          53.5454742
        ]
      },
      "id": "node/838703657"
    },
    {
      "type": "Feature",
      "properties": {
        "@id": "node/838703660",
        "seamark:buoy_safe_water:colour": "red;white",
        "seamark:buoy_safe_water:colour_pattern": "vertical",
        "seamark:buoy_safe_water:shape": "spherical",
        "seamark:light:character": "LFl",
        "seamark:light:colour": "white",
        "seamark:light:period": "10",
        "seamark:name": "Delta",
        "seamark:type": "buoy_safe_water",
        "source": "ABP Humber"
      },
      "geometry": {
        "type": "Point",
        "coordinates": [
          0.118768,
          53.5589672
        ]
      },
      "id": "node/838703660"
    },
    {
      "type": "Feature",
      "properties": {
        "@id": "node/863140151",
        "seamark:buoy_safe_water:colour": "red;white",
        "seamark:buoy_safe_water:colour_pattern": "vertical",
        "seamark:buoy_safe_water:shape": "spherical",
        "seamark:light:character": "LFl",
        "seamark:light:colour": "white",
        "seamark:light:period": "10",
        "seamark:name": "Inner Sea Reach",
        "seamark:type": "buoy_safe_water",
        "source": "ABP Humber"
      },
      "geometry": {
        "type": "Point",
        "coordinates": [
          0.304917,
          53.5453
        ]
      },
      "id": "node/863140151"
    },
    {
      "type": "Feature",
      "properties": {
        "@id": "node/863140180",
        "seamark:buoy_safe_water:colour": "red;white",
        "seamark:buoy_safe_water:colour_pattern": "vertical",
        "seamark:buoy_safe_water:shape": "spherical",
        "seamark:light:character": "LFl",
        "seamark:light:colour": "white",
        "seamark:light:period": "10",
        "seamark:name": "Inner Rosse Reach",
        "seamark:type": "buoy_safe_water",
        "source": "ABP Humber"
      },
      "geometry": {
        "type": "Point",
        "coordinates": [
          0.290783,
          53.520617
        ]
      },
      "id": "node/863140180"
    },
    {
      "type": "Feature",
      "properties": {
        "@id": "node/863864734",
        "seamark:buoy_safe_water:colour": "red;white",
        "seamark:buoy_safe_water:colour_pattern": "vertical",
        "seamark:buoy_safe_water:shape": "spherical",
        "seamark:light:character": "LFl",
        "seamark:light:colour": "white",
        "seamark:light:period": "10",
        "seamark:name": "Outer Sea Reach",
        "seamark:type": "buoy_safe_water",
        "source": "ABP Humber"
      },
      "geometry": {
        "type": "Point",
        "coordinates": [
          0.382667,
          53.545333
        ]
      },
      "id": "node/863864734"
    },
    {
      "type": "Feature",
      "properties": {
        "@id": "node/863865058",
        "seamark:buoy_safe_water:colour": "red;white",
        "seamark:buoy_safe_water:colour_pattern": "vertical",
        "seamark:buoy_safe_water:shape": "spherical",
        "seamark:light:character": "LFl",
        "seamark:light:colour": "white",
        "seamark:light:period": "10",
        "seamark:name": "Outer Rosse Reach",
        "seamark:type": "buoy_safe_water",
        "source": "ABP Humber"
      },
      "geometry": {
        "type": "Point",
        "coordinates": [
          0.346667,
          53.498167
        ]
      },
      "id": "node/863865058"
    },
    {
      "type": "Feature",
      "properties": {
        "@id": "node/879665866",
        "seamark:buoy_safe_water:colour": "red;white",
        "seamark:buoy_safe_water:colour_pattern": "vertical",
        "seamark:buoy_safe_water:shape": "pillar",
        "seamark:light:character": "LFl",
        "seamark:light:colour": "white",
        "seamark:light:period": "10",
        "seamark:name": "Needles Fairway",
        "seamark:topmark:colour": "red",
        "seamark:topmark:shape": "sphere",
        "seamark:type": "buoy_safe_water"
      },
      "geometry": {
        "type": "Point",
        "coordinates": [
          -1.6496472,
          50.6373269
        ]
      },
      "id": "node/879665866"
    },
    {
      "type": "Feature",
      "properties": {
        "@id": "node/1159101256",
        "description": "nicht mehr genutzte Leuchtonne",
        "historic": "technical_monument",
        "ref": "31",
        "seamark:buoy_safe_water:colour": "red;white",
        "seamark:buoy_safe_water:colour_pattern": "vertical",
        "seamark:buoy_safe_water:shape": "conical",
        "seamark:type": "buoy_safe_water"
      },
      "geometry": {
        "type": "Point",
        "coordinates": [
          12.0818822,
          54.1711677
        ]
      },
      "id": "node/1159101256"
    },
    {
      "type": "Feature",
      "properties": {
        "@id": "node/1187054483",
        "seamark:buoy_safe_water:colour": "red;white",
        "seamark:buoy_safe_water:colour_pattern": "vertical",
        "seamark:buoy_safe_water:shape": "spar",
        "seamark:name": "Lopi",
        "seamark:type": "buoy_safe_water"
      },
      "geometry": {
        "type": "Point",
        "coordinates": [
          26.7325577,
          60.4009734
        ]
      },
      "id": "node/1187054483"
    },
    {
      "type": "Feature",
      "properties": {
        "@id": "node/1187061152",
        "seamark:buoy_safe_water:colour": "red;white",
        "seamark:buoy_safe_water:colour_pattern": "vertical",
        "seamark:buoy_safe_water:shape": "spar",
        "seamark:name": "Lounatniemi itäinen",
        "seamark:type": "buoy_safe_water"
      },
      "geometry": {
        "type": "Point",
        "coordinates": [
          26.7471752,
          60.407402
        ]
      },
      "id": "node/1187061152"
    },
    {
      "type": "Feature",
      "properties": {
        "@id": "node/1187065387",
        "seamark:buoy_safe_water:colour": "red;white",
        "seamark:buoy_safe_water:colour_pattern": "vertical",
        "seamark:buoy_safe_water:shape": "spar",
        "seamark:name": "Rapholma vasen",
        "seamark:type": "buoy_safe_water"
      },
      "geometry": {
        "type": "Point",
        "coordinates": [
          26.7835506,
          60.4119633
        ]
      },
      "id": "node/1187065387"
    },
    {
      "type": "Feature",
      "properties": {
        "@id": "node/1187066643",
        "seamark:buoy_safe_water:colour": "red;white",
        "seamark:buoy_safe_water:colour_pattern": "vertical",
        "seamark:buoy_safe_water:shape": "spar",
        "seamark:name": "Rapholma itäinen",
        "seamark:type": "buoy_safe_water"
      },
      "geometry": {
        "type": "Point",
        "coordinates": [
          26.8001619,
          60.4134521
        ]
      },
      "id": "node/1187066643"
    },
    {
      "type": "Feature",
      "properties": {
        "@id": "node/1187068063",
        "seamark:buoy_safe_water:colour": "red;white",
        "seamark:buoy_safe_water:colour_pattern": "vertical",
        "seamark:buoy_safe_water:shape": "spar",
        "seamark:name": "Hellinkarit",
        "seamark:type": "buoy_safe_water"
      },
      "geometry": {
        "type": "Point",
        "coordinates": [
          26.8169864,
          60.415421
        ]
      },
      "id": "node/1187068063"
    },
    {
      "type": "Feature",
      "properties": {
        "@id": "node/1187499887",
        "name": "Haff",
        "note": "This is the first/last buoy of the fairway on the German side, i.e. wrong designation of German/Polish bordeline",
        "seamark:buoy_safe_water:colour": "red;white",
        "seamark:buoy_safe_water:colour_pattern": "vertical",
        "seamark:buoy_safe_water:shape": "pillar",
        "seamark:information": "During the winter saeson the buoy will be replaced by a special ice buoy (unlit/no topmark)",
        "seamark:light:character": "Iso",
        "seamark:light:colour": "white",
        "seamark:light:period": "4",
        "seamark:lnam": "00B44010D18C00C2",
        "seamark:name": "Haff",
        "seamark:topmark:colour": "red",
        "seamark:topmark:shape": "sphere",
        "seamark:type": "buoy_safe_water"
      },
      "geometry": {
        "type": "Point",
        "coordinates": [
          14.270572,
          53.787088
        ]
      },
      "id": "node/1187499887"
    },
    {
      "type": "Feature",
      "properties": {
        "@id": "node/1196300047",
        "seamark:buoy_safe_water:colour": "red;white",
        "seamark:buoy_safe_water:colour_pattern": "vertical",
        "seamark:buoy_safe_water:shape": "pillar",
        "seamark:type": "buoy_safe_water"
      },
      "geometry": {
        "type": "Point",
        "coordinates": [
          28.405431,
          60.5749548
        ]
      },
      "id": "node/1196300047"
    },
    {
      "type": "Feature",
      "properties": {
        "@id": "node/1211620667",
        "seamark:buoy_safe_water:colour": "red;white",
        "seamark:buoy_safe_water:colour_pattern": "vertical",
        "seamark:light:character": "Iso",
        "seamark:light:colour": "white",
        "seamark:light:period": "4",
        "seamark:light:range": "11",
        "seamark:name": "Uraga Suido",
        "seamark:radar_reflector": "yes",
        "seamark:topmark:shape": "sphere",
        "seamark:type": "buoy_safe_water",
        "source": "US NGA Pub. 112. 2009-11-12."
      },
      "geometry": {
        "type": "Point",
        "coordinates": [
          139.7766757,
          35.2118138
        ]
      },
      "id": "node/1211620667"
    },
    {
      "type": "Feature",
      "properties": {
        "@id": "node/1211620724",
        "seamark:buoy_safe_water:colour": "red;white",
        "seamark:buoy_safe_water:colour_pattern": "vertical",
        "seamark:buoy_safe_water:shape": "pillar",
        "seamark:light:character": "Iso",
        "seamark:light:colour": "white",
        "seamark:light:period": "4",
        "seamark:name": "Uraga Suido",
        "seamark:radar_transponder:category": "racon",
        "seamark:radar_transponder:group": "M",
        "seamark:topmark:shape": "sphere",
        "seamark:type": "buoy_safe_water",
        "source": "US NGA Pub. 112. 2009-11-12."
      },
      "geometry": {
        "type": "Point",
        "coordinates": [
          139.7135144,
          35.3294334
        ]
      },
      "id": "node/1211620724"
    },
    {
      "type": "Feature",
      "properties": {
        "@id": "node/1250684529",
        "seamark:buoy_safe_water:colour": "red;white",
        "seamark:buoy_safe_water:colour_pattern": "vertical",
        "seamark:buoy_safe_water:shape": "spherical",
        "seamark:light:character": "Fl",
        "seamark:light:colour": "white",
        "seamark:light:period": "10",
        "seamark:name": "Largs Yacht Haven",
        "seamark:type": "buoy_safe_water"
      },
      "geometry": {
        "type": "Point",
        "coordinates": [
          -4.8642237,
          55.7735128
        ]
      },
      "id": "node/1250684529"
    },
    {
      "type": "Feature",
      "properties": {
        "@id": "node/1283818511",
        "seamark:buoy_safe_water:colour": "red;white",
        "seamark:buoy_safe_water:colour_pattern": "vertical",
        "seamark:buoy_safe_water:shape": "spherical",
        "seamark:light:character": "Iso",
        "seamark:light:colour": "white",
        "seamark:light:period": "8",
        "seamark:name": "MG",
        "seamark:source": "http://www.vaarweginformatie.nl/fdd/main/infra/downloads → Actuele vaarwegmarkering (drijvend) Author: RWS CIV Version: 10 Date: 23-02-2018",
        "seamark:type": "buoy_safe_water"
      },
      "geometry": {
        "type": "Point",
        "coordinates": [
          3.8955333,
          52.0204333
        ]
      },
      "id": "node/1283818511"
    },
    {
      "type": "Feature",
      "properties": {
        "@id": "node/1283818517",
        "seamark:buoy_safe_water:colour": "red;white",
        "seamark:buoy_safe_water:colour_pattern": "vertical",
        "seamark:buoy_safe_water:shape": "spherical",
        "seamark:light:character": "Iso",
        "seamark:light:colour": "white",
        "seamark:light:period": "4",
        "seamark:name": "MAAS CENTER",
        "seamark:radar_transponder:category": "racon",
        "seamark:radar_transponder:group": "M",
        "seamark:radar_transponder:period": "60",
        "seamark:type": "buoy_safe_water",
        "source": "160304_DNZ_002a_markeringen_drijvend"
      },
      "geometry": {
        "type": "Point",
        "coordinates": [
          3.813122,
          52.015311
        ]
      },
      "id": "node/1283818517"
    },
    {
      "type": "Feature",
      "properties": {
        "@id": "node/1283818520",
        "seamark:buoy_safe_water:colour": "red;white",
        "seamark:buoy_safe_water:colour_pattern": "vertical",
        "seamark:buoy_safe_water:shape": "spherical",
        "seamark:light:character": "Mo",
        "seamark:light:colour": "white",
        "seamark:light:group": "A",
        "seamark:light:period": "8",
        "seamark:name": "MAAS OOST",
        "seamark:type": "buoy_safe_water",
        "source": "160304_DNZ_002a_markeringen_drijvend"
      },
      "geometry": {
        "type": "Point",
        "coordinates": [
          3.969847,
          52.018372
        ]
      },
      "id": "node/1283818520"
    },
    {
      "type": "Feature",
      "properties": {
        "@id": "node/1289273029",
        "seamark:buoy_safe_water:colour": "red;white",
        "seamark:buoy_safe_water:colour_pattern": "vertical",
        "seamark:buoy_safe_water:shape": "pillar",
        "seamark:light:character": "Iso",
        "seamark:light:colour": "white",
        "seamark:light:period": "5",
        "seamark:name": "Sunk E1",
        "seamark:type": "buoy_safe_water"
      },
      "geometry": {
        "type": "Point",
        "coordinates": [
          2,
          51.8511325
        ]
      },
      "id": "node/1289273029"
    },
    {
      "type": "Feature",
      "properties": {
        "@id": "node/1289273074",
        "seamark:buoy_safe_water:colour": "red;white",
        "seamark:buoy_safe_water:colour_pattern": "vertical",
        "seamark:buoy_safe_water:shape": "pillar",
        "seamark:light:character": "LFl",
        "seamark:light:colour": "white",
        "seamark:light:period": "10",
        "seamark:name": "Sunk E2",
        "seamark:type": "buoy_safe_water"
      },
      "geometry": {
        "type": "Point",
        "coordinates": [
          1.86425,
          51.8115001
        ]
      },
      "id": "node/1289273074"
    },
    {
      "type": "Feature",
      "properties": {
        "@id": "node/1293078891",
        "seamark:buoy_safe_water:colour": "red;white",
        "seamark:buoy_safe_water:colour_pattern": "vertical",
        "seamark:buoy_safe_water:shape": "pillar",
        "seamark:light:character": "LFl",
        "seamark:light:colour": "white",
        "seamark:light:information": "Tathong Channel, Buoy",
        "seamark:light:period": "10",
        "seamark:name": "TCS 1",
        "seamark:national_name": "藍塘1",
        "seamark:topmark:colour": "red",
        "seamark:topmark:shape": "sphere",
        "seamark:type": "buoy_safe_water",
        "source": "US NGA Pub. 112. 2009-11-12."
      },
      "geometry": {
        "type": "Point",
        "coordinates": [
          114.3358,
          22.2193
        ]
      },
      "id": "node/1293078891"
    },
    {
      "type": "Feature",
      "properties": {
        "@id": "node/1293792323",
        "seamark:buoy_safe_water:colour": "red;white",
        "seamark:buoy_safe_water:colour_pattern": "vertical",
        "seamark:buoy_safe_water:shape": "pillar",
        "seamark:light:character": "LFl",
        "seamark:light:colour": "white",
        "seamark:light:period": "15",
        "seamark:light:reference": "D 7567",
        "seamark:radar_transponder:category": "racon",
        "seamark:radar_transponder:group": "N",
        "seamark:topmark:shape": "sphere",
        "seamark:type": "buoy_safe_water",
        "source": "US NGA Pub. 112. 2009-11-12."
      },
      "geometry": {
        "type": "Point",
        "coordinates": [
          49.503014,
          28.5346065
        ]
      },
      "id": "node/1293792323"
    },
    {
      "type": "Feature",
      "properties": {
        "@id": "node/1293792330",
        "seamark:buoy_safe_water:colour": "red;white",
        "seamark:buoy_safe_water:colour_pattern": "vertical",
        "seamark:buoy_safe_water:shape": "pillar",
        "seamark:light:character": "LFl",
        "seamark:light:colour": "white",
        "seamark:light:period": "10",
        "seamark:radar_transponder:category": "racon",
        "seamark:radar_transponder:group": "G",
        "seamark:topmark:shape": "sphere",
        "seamark:type": "buoy_safe_water",
        "source": "US NGA Pub. 112. 2009-11-12."
      },
      "geometry": {
        "type": "Point",
        "coordinates": [
          49.3097573,
          28.2489312
        ]
      },
      "id": "node/1293792330"
    },
    {
      "type": "Feature",
      "properties": {
        "@id": "node/1293793567",
        "seamark:buoy_safe_water:colour": "red;white",
        "seamark:buoy_safe_water:colour_pattern": "vertical",
        "seamark:buoy_safe_water:shape": "pillar",
        "seamark:light:character": "Fl",
        "seamark:light:colour": "white",
        "seamark:light:period": "10",
        "seamark:radar_transponder:category": "racon",
        "seamark:radar_transponder:group": "G",
        "seamark:topmark:shape": "sphere",
        "seamark:type": "buoy_safe_water",
        "source": "US NGA Pub. 112. 2009-11-12."
      },
      "geometry": {
        "type": "Point",
        "coordinates": [
          51.6996742,
          25.9150028
        ]
      },
      "id": "node/1293793567"
    },
    {
      "type": "Feature",
      "properties": {
        "@id": "node/1293793580",
        "seamark:buoy_safe_water:colour": "red;white",
        "seamark:buoy_safe_water:colour_pattern": "vertical",
        "seamark:buoy_safe_water:shape": "pillar",
        "seamark:information": "Radar reflector.",
        "seamark:light:character": "LFl",
        "seamark:light:colour": "white",
        "seamark:light:period": "10",
        "seamark:light:reference": "D 7367",
        "seamark:name": "Zaqqum",
        "seamark:radar_transponder:category": "racon",
        "seamark:radar_transponder:group": "Z",
        "seamark:topmark:shape": "sphere",
        "seamark:type": "buoy_safe_water",
        "source": "US NGA Pub. 112. 2009-11-12."
      },
      "geometry": {
        "type": "Point",
        "coordinates": [
          53.4177394,
          25.1096345
        ]
      },
      "id": "node/1293793580"
    },
    {
      "type": "Feature",
      "properties": {
        "@id": "node/1293793656",
        "seamark:buoy_safe_water:colour": "red;white",
        "seamark:buoy_safe_water:colour_pattern": "vertical",
        "seamark:buoy_safe_water:shape": "spherical",
        "seamark:information": "Radar reflector.",
        "seamark:light:character": "LFl",
        "seamark:light:colour": "white",
        "seamark:light:group": "1",
        "seamark:light:height": "8",
        "seamark:light:period": "10",
        "seamark:light:reference": "D 7362",
        "seamark:name": "Abu Dhabi Buoy.",
        "seamark:radar_transponder:category": "racon",
        "seamark:radar_transponder:group": "T",
        "seamark:type": "buoy_safe_water",
        "source": "US NGA Pub. 112. 2009-11-12."
      },
      "geometry": {
        "type": "Point",
        "coordinates": [
          54.2376562,
          24.6541102
        ]
      },
      "id": "node/1293793656"
    },
    {
      "type": "Feature",
      "properties": {
        "@id": "node/1293793667",
        "seamark:buoy_safe_water:colour": "red;white",
        "seamark:buoy_safe_water:colour_pattern": "vertical",
        "seamark:buoy_safe_water:shape": "pillar",
        "seamark:light:character": "LFl",
        "seamark:light:colour": "white",
        "seamark:light:height": "8",
        "seamark:light:period": "15",
        "seamark:light:reference": "D 7359",
        "seamark:name": "Jebel Ali",
        "seamark:radar_transponder:category": "racon",
        "seamark:radar_transponder:group": "X",
        "seamark:topmark:colour": "red",
        "seamark:topmark:shape": "sphere",
        "seamark:type": "buoy_safe_water",
        "source": "US NGA Pub. 112. 2009-11-12."
      },
      "geometry": {
        "type": "Point",
        "coordinates": [
          54.872,
          25.1769837
        ]
      },
      "id": "node/1293793667"
    },
    {
      "type": "Feature",
      "properties": {
        "@id": "node/1293793691",
        "seamark:buoy_safe_water:colour": "red;white",
        "seamark:buoy_safe_water:colour_pattern": "vertical",
        "seamark:buoy_safe_water:shape": "pillar",
        "seamark:light:character": "LFl",
        "seamark:light:colour": "white",
        "seamark:light:period": "10",
        "seamark:radar_transponder:category": "racon",
        "seamark:radar_transponder:group": "T",
        "seamark:topmark:shape": "sphere",
        "seamark:type": "buoy_safe_water",
        "source": "US NGA Pub. 112. 2009-11-12."
      },
      "geometry": {
        "type": "Point",
        "coordinates": [
          55.1666667,
          25.3083167
        ]
      },
      "id": "node/1293793691"
    },
    {
      "type": "Feature",
      "properties": {
        "@id": "node/1295698328",
        "seamark:buoy_safe_water:colour": "red;white",
        "seamark:buoy_safe_water:colour_pattern": "vertical",
        "seamark:light:character": "LFl",
        "seamark:light:colour": "white",
        "seamark:light:height": "6",
        "seamark:light:period": "10",
        "seamark:light:range": "9",
        "seamark:name": "Ain Sukhna",
        "seamark:radar_transponder:category": "racon",
        "seamark:radar_transponder:group": "O",
        "seamark:topmark:shape": "sphere",
        "seamark:type": "buoy_safe_water",
        "source": "US NGA Pub. 112. 2010-11-10."
      },
      "geometry": {
        "type": "Point",
        "coordinates": [
          32.5387405,
          29.6666667
        ]
      },
      "id": "node/1295698328"
    },
    {
      "type": "Feature",
      "properties": {
        "@id": "node/1295699312",
        "seamark:buoy_safe_water:colour": "red;white",
        "seamark:buoy_safe_water:colour_pattern": "vertical",
        "seamark:buoy_safe_water:shape": "pillar",
        "seamark:light:character": "Iso",
        "seamark:light:colour": "white",
        "seamark:light:period": "8",
        "seamark:name": "Gizan N",
        "seamark:topmark:colour": "red",
        "seamark:topmark:shape": "sphere",
        "seamark:type": "buoy_safe_water",
        "source": "US NGA Pub. 112. 2010-11-10."
      },
      "geometry": {
        "type": "Point",
        "coordinates": [
          41.2920833,
          16.9463833
        ]
      },
      "id": "node/1295699312"
    },
    {
      "type": "Feature",
      "properties": {
        "@id": "node/1295700156",
        "seamark:buoy_safe_water:colour": "red;white",
        "seamark:buoy_safe_water:colour_pattern": "vertical",
        "seamark:buoy_safe_water:shape": "pillar",
        "seamark:light:character": "Iso",
        "seamark:light:colour": "white",
        "seamark:light:period": "2",
        "seamark:radar_transponder:category": "racon",
        "seamark:radar_transponder:group": "B",
        "seamark:topmark:shape": "sphere",
        "seamark:type": "buoy_safe_water",
        "source": "US NGA Pub. 112. 2010-11-10."
      },
      "geometry": {
        "type": "Point",
        "coordinates": [
          31.0943164,
          -29.8282274
        ]
      },
      "id": "node/1295700156"
    },
    {
      "type": "Feature",
      "properties": {
        "@id": "node/1295700284",
        "seamark:buoy_safe_water:colour": "red;white",
        "seamark:buoy_safe_water:colour_pattern": "vertical",
        "seamark:buoy_safe_water:shape": "pillar",
        "seamark:light:character": "Iso",
        "seamark:light:colour": "white",
        "seamark:light:period": "2",
        "seamark:radar_transponder:category": "racon",
        "seamark:radar_transponder:group": "C",
        "seamark:topmark:shape": "sphere",
        "seamark:type": "buoy_safe_water",
        "source": "US NGA Pub. 112. 2010-11-10."
      },
      "geometry": {
        "type": "Point",
        "coordinates": [
          25.673481,
          -33.9255608
        ]
      },
      "id": "node/1295700284"
    },
    {
      "type": "Feature",
      "properties": {
        "@id": "node/1296192390",
        "seamark:buoy_safe_water:colour": "red;white",
        "seamark:buoy_safe_water:colour_pattern": "vertical",
        "seamark:buoy_safe_water:shape": "pillar",
        "seamark:light:character": "Iso",
        "seamark:light:colour": "white",
        "seamark:light:period": "5",
        "seamark:name": "Harwich Approach (HA)",
        "seamark:topmark:colour": "red",
        "seamark:topmark:shape": "sphere",
        "seamark:type": "buoy_safe_water"
      },
      "geometry": {
        "type": "Point",
        "coordinates": [
          1.511083,
          51.945933
        ]
      },
      "id": "node/1296192390"
    },
    {
      "type": "Feature",
      "properties": {
        "@id": "node/1319924660",
        "radio_transponder:AIS": "yes",
        "seamark:buoy_safe_water:colour": "red;white",
        "seamark:buoy_safe_water:colour_pattern": "vertical",
        "seamark:buoy_safe_water:shape": "pillar",
        "seamark:light:character": "Iso",
        "seamark:light:colour": "white",
        "seamark:light:period": "4",
        "seamark:name": "GW / B",
        "seamark:radio_station:category": "s-ais",
        "seamark:source": "BfS 84/25 WSA Weser-Jade-Nordsee",
        "seamark:topmark:colour": "red",
        "seamark:topmark:shape": "sphere",
        "seamark:type": "buoy_safe_water"
      },
      "geometry": {
        "type": "Point",
        "coordinates": [
          6.901912,
          54.1740528
        ]
      },
      "id": "node/1319924660"
    },
    {
      "type": "Feature",
      "properties": {
        "@id": "node/1319924670",
        "radio_transponder:AIS": "yes",
        "seamark:buoy_safe_water:colour": "red;white",
        "seamark:buoy_safe_water:colour_pattern": "vertical",
        "seamark:buoy_safe_water:shape": "pillar",
        "seamark:light:character": "LFl",
        "seamark:light:colour": "white",
        "seamark:light:period": "5",
        "seamark:name": "GW / A",
        "seamark:radio_station:category": "s-ais",
        "seamark:source": "BfS 84/25 WSA Weser-Jade-Nordsee",
        "seamark:topmark:colour": "red",
        "seamark:topmark:shape": "sphere",
        "seamark:type": "buoy_safe_water"
      },
      "geometry": {
        "type": "Point",
        "coordinates": [
          6.6235967,
          54.1703253
        ]
      },
      "id": "node/1319924670"
    },
    {
      "type": "Feature",
      "properties": {
        "@id": "node/1319924674",
        "radio_transponder:AIS": "yes",
        "seamark:buoy_safe_water:colour": "red;white",
        "seamark:buoy_safe_water:colour_pattern": "vertical",
        "seamark:buoy_safe_water:shape": "pillar",
        "seamark:light:character": "LFl",
        "seamark:light:colour": "white",
        "seamark:light:period": "10",
        "seamark:name": "GW / C",
        "seamark:radio_station:category": "s-ais",
        "seamark:source": "BfS 84/25 WSA Weser-Jade-Nordsee",
        "seamark:topmark:colour": "red",
        "seamark:topmark:shape": "sphere",
        "seamark:type": "buoy_safe_water"
      },
      "geometry": {
        "type": "Point",
        "coordinates": [
          7.1802902,
          54.1771373
        ]
      },
      "id": "node/1319924674"
    },
    {
      "type": "Feature",
      "properties": {
        "@id": "node/1320037248",
        "seamark:buoy_safe_water:colour": "red;white",
        "seamark:buoy_safe_water:colour_pattern": "vertical",
        "seamark:buoy_safe_water:shape": "pillar",
        "seamark:light:character": "LFl",
        "seamark:light:colour": "white",
        "seamark:light:period": "10",
        "seamark:name": "Sunk N2",
        "seamark:topmark:colour": "red",
        "seamark:topmark:shape": "sphere",
        "seamark:type": "buoy_safe_water"
      },
      "geometry": {
        "type": "Point",
        "coordinates": [
          1.7723333,
          51.9048333
        ]
      },
      "id": "node/1320037248"
    },
    {
      "type": "Feature",
      "properties": {
        "@id": "node/1320037251",
        "seamark:buoy_safe_water:colour": "red;white",
        "seamark:buoy_safe_water:colour_pattern": "vertical",
        "seamark:buoy_safe_water:shape": "pillar",
        "seamark:fog_signal:category": "horn",
        "seamark:fog_signal:group": "R",
        "seamark:fog_signal:period": "30",
        "seamark:information": "AIS",
        "seamark:light:character": "Iso",
        "seamark:light:colour": "white",
        "seamark:light:period": "10",
        "seamark:lnam": "00B44010D1930076",
        "seamark:name": "Elbe",
        "seamark:radar_transponder:category": "racon",
        "seamark:radar_transponder:group": "T",
        "seamark:radio_station:category": "ais",
        "seamark:source": "BfS 179/25 WSA Elbe-Nordsee *",
        "seamark:topmark:colour": "red",
        "seamark:topmark:shape": "sphere",
        "seamark:type": "buoy_safe_water"
      },
      "geometry": {
        "type": "Point",
        "coordinates": [
          8.108467,
          53.9993
        ]
      },
      "id": "node/1320037251"
    },
    {
      "type": "Feature",
      "properties": {
        "@id": "node/1320037265",
        "seamark:buoy_safe_water:colour": "red;white",
        "seamark:buoy_safe_water:colour_pattern": "vertical",
        "seamark:buoy_safe_water:shape": "pillar",
        "seamark:light:character": "LFl",
        "seamark:light:colour": "white",
        "seamark:light:period": "10",
        "seamark:name": "DR1",
        "seamark:topmark:colour": "red",
        "seamark:topmark:shape": "sphere",
        "seamark:type": "buoy_safe_water"
      },
      "geometry": {
        "type": "Point",
        "coordinates": [
          2.6787862,
          53.1114847
        ]
      },
      "id": "node/1320037265"
    },
    {
      "type": "Feature",
      "properties": {
        "@id": "node/1320037271",
        "seamark:buoy_safe_water:colour": "red;white",
        "seamark:buoy_safe_water:colour_pattern": "vertical",
        "seamark:buoy_safe_water:shape": "pillar",
        "seamark:light:character": "LFl",
        "seamark:light:colour": "white",
        "seamark:light:period": "10",
        "seamark:name": "Sunk S2",
        "seamark:topmark:colour": "red",
        "seamark:topmark:shape": "sphere",
        "seamark:type": "buoy_safe_water"
      },
      "geometry": {
        "type": "Point",
        "coordinates": [
          1.7778333,
          51.70675
        ]
      },
      "id": "node/1320037271"
    },
    {
      "type": "Feature",
      "properties": {
        "@id": "node/1320037279",
        "seamark:buoy_safe_water:colour": "red;white",
        "seamark:buoy_safe_water:colour_pattern": "vertical",
        "seamark:buoy_safe_water:shape": "pillar",
        "seamark:light:character": "Iso",
        "seamark:light:colour": "white",
        "seamark:light:period": "5",
        "seamark:name": "Sunk N1",
        "seamark:topmark:colour": "red",
        "seamark:topmark:shape": "sphere",
        "seamark:type": "buoy_safe_water"
      },
      "geometry": {
        "type": "Point",
        "coordinates": [
          1.7820833,
          51.9351667
        ]
      },
      "id": "node/1320037279"
    },
    {
      "type": "Feature",
      "properties": {
        "@id": "node/1320037286",
        "seamark:buoy_safe_water:colour": "red;white",
        "seamark:buoy_safe_water:colour_pattern": "vertical",
        "seamark:buoy_safe_water:shape": "pillar",
        "seamark:light:character": "Iso",
        "seamark:light:colour": "white",
        "seamark:light:period": "5",
        "seamark:name": "Sunk S1",
        "seamark:topmark:colour": "red",
        "seamark:topmark:shape": "sphere",
        "seamark:type": "buoy_safe_water"
      },
      "geometry": {
        "type": "Point",
        "coordinates": [
          1.7893333,
          51.6429167
        ]
      },
      "id": "node/1320037286"
    },
    {
      "type": "Feature",
      "properties": {
        "@id": "node/1320037313",
        "seamark:buoy_safe_water:colour": "red;white",
        "seamark:buoy_safe_water:colour_pattern": "vertical",
        "seamark:buoy_safe_water:shape": "pillar",
        "seamark:light:character": "Iso",
        "seamark:light:colour": "white",
        "seamark:light:period": "2",
        "seamark:name": "DR2",
        "seamark:topmark:colour": "red",
        "seamark:topmark:shape": "sphere",
        "seamark:type": "buoy_safe_water"
      },
      "geometry": {
        "type": "Point",
        "coordinates": [
          2.8442005,
          53.3507721
        ]
      },
      "id": "node/1320037313"
    },
    {
      "type": "Feature",
      "properties": {
        "@id": "node/1333823747",
        "seamark:buoy_safe_water:colour": "red;white",
        "seamark:buoy_safe_water:colour_pattern": "vertical",
        "seamark:buoy_safe_water:shape": "spherical",
        "seamark:light:character": "Mo",
        "seamark:light:colour": "white",
        "seamark:light:group": "A",
        "seamark:light:period": "8",
        "seamark:name": "ROOMPOT",
        "seamark:type": "buoy_safe_water",
        "source": "160108_DNZ_002a_markeringen_drijvend"
      },
      "geometry": {
        "type": "Point",
        "coordinates": [
          3.886756,
          51.627478
        ]
      },
      "id": "node/1333823747"
    },
    {
      "type": "Feature",
      "properties": {
        "@id": "node/1333824219",
        "seamark:buoy_safe_water:colour": "red;white",
        "seamark:buoy_safe_water:colour_pattern": "vertical",
        "seamark:buoy_safe_water:shape": "spherical",
        "seamark:light:character": "Mo",
        "seamark:light:colour": "white",
        "seamark:light:group": "A",
        "seamark:light:period": "8",
        "seamark:name": "TE-A",
        "seamark:radar_transponder:category": "racon",
        "seamark:radar_transponder:group": "T",
        "seamark:source": "https://data.overheid.nl/dataset/2c5f6817-d902-4123-9b1d-103a0a484979 2023-06-30 *",
        "seamark:type": "buoy_safe_water"
      },
      "geometry": {
        "type": "Point",
        "coordinates": [
          5.358333,
          53.596667
        ]
      },
      "id": "node/1333824219"
    },
    {
      "type": "Feature",
      "properties": {
        "@id": "node/1333824646",
        "seamark:buoy_safe_water:colour": "red;white",
        "seamark:buoy_safe_water:colour_pattern": "vertical",
        "seamark:buoy_safe_water:shape": "spherical",
        "seamark:light:character": "LFl",
        "seamark:light:colour": "white",
        "seamark:light:period": "8",
        "seamark:name": "NHR N",
        "seamark:type": "buoy_safe_water",
        "source": "160122_DNZ_002a_markeringen_drijvend"
      },
      "geometry": {
        "type": "Point",
        "coordinates": [
          3.076833,
          52.174103
        ]
      },
      "id": "node/1333824646"
    },
    {
      "type": "Feature",
      "properties": {
        "@id": "node/1333825331",
        "seamark:buoy_safe_water:colour": "red;white",
        "seamark:buoy_safe_water:colour_pattern": "vertical",
        "seamark:buoy_safe_water:shape": "spherical",
        "seamark:light:character": "Iso",
        "seamark:light:colour": "white",
        "seamark:light:period": "8",
        "seamark:name": "WG",
        "seamark:radar_transponder:category": "racon",
        "seamark:radar_transponder:group": "N",
        "seamark:radio_station:category": "ais",
        "seamark:radio_station:mmsi": "992446001",
        "seamark:source": "https://data.overheid.nl/dataset/2c5f6817-d902-4123-9b1d-103a0a484979 2023-06-30 *",
        "seamark:type": "buoy_safe_water"
      },
      "geometry": {
        "type": "Point",
        "coordinates": [
          6.0306833,
          53.5326
        ]
      },
      "id": "node/1333825331"
    },
    {
      "type": "Feature",
      "properties": {
        "@id": "node/1333825466",
        "seamark:buoy_safe_water:colour": "red;white",
        "seamark:buoy_safe_water:colour_pattern": "vertical",
        "seamark:buoy_safe_water:shape": "spherical",
        "seamark:information": "Noord Hinder Buoy",
        "seamark:light:character": "Fl",
        "seamark:light:colour": "white",
        "seamark:light:group": "2",
        "seamark:light:period": "10",
        "seamark:name": "NHR",
        "seamark:radar_transponder:category": "racon",
        "seamark:radar_transponder:group": "T",
        "seamark:type": "buoy_safe_water",
        "source": "160122_DNZ_002a_markeringen_drijvend"
      },
      "geometry": {
        "type": "Point",
        "coordinates": [
          2.851711,
          52.001411
        ]
      },
      "id": "node/1333825466"
    },
    {
      "type": "Feature",
      "properties": {
        "@id": "node/1333826653",
        "seamark:buoy_safe_water:colour": "red;white",
        "seamark:buoy_safe_water:colour_pattern": "vertical",
        "seamark:buoy_safe_water:shape": "spar",
        "seamark:light:character": "Iso",
        "seamark:light:colour": "white",
        "seamark:light:period": "8",
        "seamark:name": "EZ-C",
        "seamark:source": "https://data.overheid.nl/dataset/2c5f6817-d902-4123-9b1d-103a0a484979 2023-06-30",
        "seamark:source:id": "1492280",
        "seamark:type": "buoy_safe_water"
      },
      "geometry": {
        "type": "Point",
        "coordinates": [
          5.4366312,
          52.709632
        ]
      },
      "id": "node/1333826653"
    },
    {
      "type": "Feature",
      "properties": {
        "@id": "node/1333826948",
        "seamark:buoy_safe_water:colour": "red;white",
        "seamark:buoy_safe_water:colour_pattern": "vertical",
        "seamark:buoy_safe_water:shape": "pillar",
        "seamark:light:character": "Mo",
        "seamark:light:colour": "white",
        "seamark:light:group": "A",
        "seamark:light:period": "8",
        "seamark:name": "IJM-C",
        "seamark:radar_transponder:category": "racon",
        "seamark:radar_transponder:group": "Y",
        "seamark:source": "https://data.overheid.nl/dataset/2c5f6817-d902-4123-9b1d-103a0a484979 2023-06-30 *",
        "seamark:type": "buoy_safe_water"
      },
      "geometry": {
        "type": "Point",
        "coordinates": [
          4.396564,
          52.474219
        ]
      },
      "id": "node/1333826948"
    },
    {
      "type": "Feature",
      "properties": {
        "@id": "node/1333827262",
        "seamark:buoy_safe_water:colour": "red;white",
        "seamark:buoy_safe_water:colour_pattern": "vertical",
        "seamark:buoy_safe_water:shape": "spherical",
        "seamark:light:character": "Iso",
        "seamark:light:colour": "white",
        "seamark:light:period": "4",
        "seamark:name": "SG",
        "seamark:type": "buoy_safe_water"
      },
      "geometry": {
        "type": "Point",
        "coordinates": [
          3.8570167,
          51.8658639
        ]
      },
      "id": "node/1333827262"
    },
    {
      "type": "Feature",
      "properties": {
        "@id": "node/1333827389",
        "seamark:buoy_safe_water:colour": "red;white",
        "seamark:buoy_safe_water:colour_pattern": "vertical",
        "seamark:buoy_safe_water:shape": "spar",
        "seamark:light:character": "Iso",
        "seamark:light:colour": "white",
        "seamark:light:period": "6",
        "seamark:name": "EZ-D",
        "seamark:source": "https://data.overheid.nl/dataset/2c5f6817-d902-4123-9b1d-103a0a484979 2023-06-30",
        "seamark:source:id": "1492279",
        "seamark:type": "buoy_safe_water"
      },
      "geometry": {
        "type": "Point",
        "coordinates": [
          5.498488,
          52.6791812
        ]
      },
      "id": "node/1333827389"
    },
    {
      "type": "Feature",
      "properties": {
        "@id": "node/1333827963",
        "seamark:buoy_safe_water:colour": "red;white",
        "seamark:buoy_safe_water:colour_pattern": "vertical",
        "seamark:buoy_safe_water:shape": "spherical",
        "seamark:light:character": "Iso",
        "seamark:light:colour": "white",
        "seamark:light:period": "8",
        "seamark:name": "KALOO",
        "seamark:type": "buoy_safe_water",
        "source": "Rijkswaterstaat.nl"
      },
      "geometry": {
        "type": "Point",
        "coordinates": [
          3.387153,
          51.592517
        ]
      },
      "id": "node/1333827963"
    },
    {
      "type": "Feature",
      "properties": {
        "@id": "node/1333828143",
        "seamark:buoy_safe_water:colour": "red;white",
        "seamark:buoy_safe_water:colour_pattern": "vertical",
        "seamark:buoy_safe_water:shape": "spar",
        "seamark:light:character": "Iso",
        "seamark:light:colour": "white",
        "seamark:light:period": "8",
        "seamark:name": "RH-A",
        "seamark:source": "https://data.overheid.nl/dataset/2c5f6817-d902-4123-9b1d-103a0a484979 2023-06-30",
        "seamark:source:id": "1498973",
        "seamark:type": "buoy_safe_water"
      },
      "geometry": {
        "type": "Point",
        "coordinates": [
          5.561194,
          52.711464
        ]
      },
      "id": "node/1333828143"
    },
    {
      "type": "Feature",
      "properties": {
        "@id": "node/1333828347",
        "seamark:buoy_safe_water:colour": "red;white",
        "seamark:buoy_safe_water:colour_pattern": "vertical",
        "seamark:buoy_safe_water:shape": "spherical",
        "seamark:light:character": "LFl",
        "seamark:light:colour": "white",
        "seamark:light:period": "10",
        "seamark:name": "TE-C",
        "seamark:radar_transponder:category": "racon",
        "seamark:radar_transponder:group": "B",
        "seamark:type": "buoy_safe_water"
      },
      "geometry": {
        "type": "Point",
        "coordinates": [
          6.025,
          53.726667
        ]
      },
      "id": "node/1333828347"
    },
    {
      "type": "Feature",
      "properties": {
        "@id": "node/1333828682",
        "seamark:buoy_safe_water:colour": "red;white",
        "seamark:buoy_safe_water:colour_pattern": "vertical",
        "seamark:buoy_safe_water:shape": "spherical",
        "seamark:light:character": "Iso",
        "seamark:light:colour": "white",
        "seamark:light:period": "4",
        "seamark:name": "ZS",
        "seamark:radar_transponder:category": "racon",
        "seamark:radar_transponder:group": "T",
        "seamark:source": "https://data.overheid.nl/dataset/2c5f6817-d902-4123-9b1d-103a0a484979 2023-06-30 *",
        "seamark:type": "buoy_safe_water"
      },
      "geometry": {
        "type": "Point",
        "coordinates": [
          4.9421917,
          53.3216111
        ]
      },
      "id": "node/1333828682"
    },
    {
      "type": "Feature",
      "properties": {
        "@id": "node/1333829248",
        "seamark:buoy_safe_water:colour": "red;white",
        "seamark:buoy_safe_water:colour_pattern": "vertical",
        "seamark:buoy_safe_water:shape": "can",
        "seamark:light:character": "LFl",
        "seamark:light:colour": "white",
        "seamark:light:period": "10",
        "seamark:name": "EF-C",
        "seamark:type": "buoy_safe_water"
      },
      "geometry": {
        "type": "Point",
        "coordinates": [
          5.998664,
          54.137625
        ]
      },
      "id": "node/1333829248"
    },
    {
      "type": "Feature",
      "properties": {
        "@id": "node/1333829950",
        "seamark:buoy_safe_water:colour": "red;white",
        "seamark:buoy_safe_water:colour_pattern": "vertical",
        "seamark:buoy_safe_water:shape": "spar",
        "seamark:name": "V-R",
        "seamark:source": "https://data.overheid.nl/dataset/2c5f6817-d902-4123-9b1d-103a0a484979 2023-06-30 *",
        "seamark:topmark:colour": "red",
        "seamark:topmark:shape": "sphere",
        "seamark:type": "buoy_safe_water"
      },
      "geometry": {
        "type": "Point",
        "coordinates": [
          6.6976611,
          53.5054583
        ]
      },
      "id": "node/1333829950"
    },
    {
      "type": "Feature",
      "properties": {
        "@id": "node/1333830633",
        "seamark:buoy_safe_water:colour": "red;white",
        "seamark:buoy_safe_water:colour_pattern": "vertical",
        "seamark:buoy_safe_water:shape": "spherical",
        "seamark:light:character": "LFl",
        "seamark:light:colour": "white",
        "seamark:light:period": "10",
        "seamark:name": "WA",
        "seamark:source": "https://data.overheid.nl/dataset/2c5f6817-d902-4123-9b1d-103a0a484979 2023-06-30 *",
        "seamark:topmark:colour": "red",
        "seamark:topmark:shape": "sphere",
        "seamark:type": "buoy_safe_water"
      },
      "geometry": {
        "type": "Point",
        "coordinates": [
          5.477564,
          53.472564
        ]
      },
      "id": "node/1333830633"
    },
    {
      "type": "Feature",
      "properties": {
        "@id": "node/1333830883",
        "seamark:buoy_safe_water:colour": "red;white",
        "seamark:buoy_safe_water:colour_pattern": "vertical",
        "seamark:buoy_safe_water:shape": "spar",
        "seamark:light:character": "Iso",
        "seamark:light:colour": "white",
        "seamark:light:period": "8",
        "seamark:name": "EA 2",
        "seamark:source": "https://data.overheid.nl/dataset/2c5f6817-d902-4123-9b1d-103a0a484979 2023-06-30 *",
        "seamark:type": "buoy_safe_water"
      },
      "geometry": {
        "type": "Point",
        "coordinates": [
          5.2166583,
          52.5109139
        ]
      },
      "id": "node/1333830883"
    },
    {
      "type": "Feature",
      "properties": {
        "@id": "node/1333831941",
        "seamark:buoy_safe_water:colour": "red;white",
        "seamark:buoy_safe_water:colour_pattern": "vertical",
        "seamark:buoy_safe_water:shape": "spherical",
        "seamark:light:character": "Iso",
        "seamark:light:colour": "white",
        "seamark:light:period": "4",
        "seamark:name": "ZHD",
        "seamark:source": "https://data.overheid.nl/dataset/2c5f6817-d902-4123-9b1d-103a0a484979 2023-06-30",
        "seamark:source:id": "1500776",
        "seamark:type": "buoy_safe_water"
      },
      "geometry": {
        "type": "Point",
        "coordinates": [
          4.6013389,
          51.6989278
        ]
      },
      "id": "node/1333831941"
    },
    {
      "type": "Feature",
      "properties": {
        "@id": "node/1333834217",
        "seamark:buoy_safe_water:colour": "red;white",
        "seamark:buoy_safe_water:colour_pattern": "vertical",
        "seamark:buoy_safe_water:shape": "spar",
        "seamark:name": "L",
        "seamark:source": "https://data.overheid.nl/dataset/2c5f6817-d902-4123-9b1d-103a0a484979 2023-06-30",
        "seamark:source:id": "1495167",
        "seamark:topmark:colour": "red",
        "seamark:topmark:shape": "sphere",
        "seamark:type": "buoy_safe_water"
      },
      "geometry": {
        "type": "Point",
        "coordinates": [
          6.244167,
          53.553167
        ]
      },
      "id": "node/1333834217"
    },
    {
      "type": "Feature",
      "properties": {
        "@id": "node/1333834662",
        "seamark:buoy_safe_water:colour": "red;white",
        "seamark:buoy_safe_water:colour_pattern": "vertical",
        "seamark:buoy_safe_water:shape": "spherical",
        "seamark:light:character": "LFl",
        "seamark:light:colour": "white",
        "seamark:light:period": "5",
        "seamark:name": "BG E",
        "seamark:type": "buoy_safe_water",
        "source": "Rijkswaterstaat.nl"
      },
      "geometry": {
        "type": "Point",
        "coordinates": [
          3.731114,
          53.963425
        ]
      },
      "id": "node/1333834662"
    },
    {
      "type": "Feature",
      "properties": {
        "@id": "node/1333836127",
        "seamark:buoy_safe_water:colour": "red;white",
        "seamark:buoy_safe_water:colour_pattern": "vertical",
        "seamark:buoy_safe_water:shape": "spherical",
        "seamark:light:character": "Iso",
        "seamark:light:colour": "white",
        "seamark:light:period": "4",
        "seamark:name": "SCH",
        "seamark:type": "buoy_safe_water",
        "source": "Rijkswaterstaat.nl"
      },
      "geometry": {
        "type": "Point",
        "coordinates": [
          4.23535,
          52.129208
        ]
      },
      "id": "node/1333836127"
    },
    {
      "type": "Feature",
      "properties": {
        "@id": "node/1333837153",
        "note": "Edge of TSS",
        "seamark:buoy_safe_water:colour": "red;white",
        "seamark:buoy_safe_water:colour_pattern": "vertical",
        "seamark:buoy_safe_water:shape": "spherical",
        "seamark:light:character": "Iso",
        "seamark:light:colour": "white",
        "seamark:light:period": "2",
        "seamark:name": "EURO E",
        "seamark:type": "buoy_safe_water",
        "source": "160108_DNZ_002a_markeringen_drijvend"
      },
      "geometry": {
        "type": "Point",
        "coordinates": [
          3.166442,
          51.961414
        ]
      },
      "id": "node/1333837153"
    },
    {
      "type": "Feature",
      "properties": {
        "@id": "node/1333842153",
        "seamark:buoy_safe_water:colour": "red;white",
        "seamark:buoy_safe_water:colour_pattern": "vertical",
        "seamark:buoy_safe_water:shape": "can",
        "seamark:light:character": "Iso",
        "seamark:light:colour": "white",
        "seamark:light:period": "4",
        "seamark:name": "EF-B",
        "seamark:radar_transponder:category": "racon",
        "seamark:radar_transponder:group": "M",
        "seamark:type": "buoy_safe_water"
      },
      "geometry": {
        "type": "Point",
        "coordinates": [
          5.666656,
          54.110619
        ]
      },
      "id": "node/1333842153"
    },
    {
      "type": "Feature",
      "properties": {
        "@id": "node/1333844711",
        "seamark:buoy_safe_water:colour": "red;white",
        "seamark:buoy_safe_water:colour_pattern": "vertical",
        "seamark:buoy_safe_water:shape": "spar",
        "seamark:light:character": "Iso",
        "seamark:light:colour": "white",
        "seamark:light:period": "6",
        "seamark:name": "KR-A",
        "seamark:source": "https://data.overheid.nl/dataset/2c5f6817-d902-4123-9b1d-103a0a484979 2023-06-30",
        "seamark:source:id": "1495123",
        "seamark:type": "buoy_safe_water"
      },
      "geometry": {
        "type": "Point",
        "coordinates": [
          5.2256302,
          52.8257188
        ]
      },
      "id": "node/1333844711"
    },
    {
      "type": "Feature",
      "properties": {
        "@id": "node/1333845768",
        "seamark:buoy_safe_water:colour": "red;white",
        "seamark:buoy_safe_water:colour_pattern": "vertical",
        "seamark:buoy_safe_water:shape": "spherical",
        "seamark:light:character": "LFl",
        "seamark:light:colour": "white",
        "seamark:light:period": "10",
        "seamark:name": "VL S",
        "seamark:source": "https://data.overheid.nl/dataset/2c5f6817-d902-4123-9b1d-103a0a484979 2023-06-30",
        "seamark:source:id": "1499987",
        "seamark:type": "buoy_safe_water"
      },
      "geometry": {
        "type": "Point",
        "coordinates": [
          4.441989,
          53.148242
        ]
      },
      "id": "node/1333845768"
    },
    {
      "type": "Feature",
      "properties": {
        "@id": "node/1333845854",
        "seamark:buoy_safe_water:colour": "red;white",
        "seamark:buoy_safe_water:colour_pattern": "vertical",
        "seamark:buoy_safe_water:shape": "spherical",
        "seamark:light:character": "Iso",
        "seamark:light:colour": "white",
        "seamark:light:period": "8",
        "seamark:name": "MIDDELBANK",
        "seamark:type": "buoy_safe_water",
        "source": "Rijkswaterstaat.nl"
      },
      "geometry": {
        "type": "Point",
        "coordinates": [
          3.303675,
          51.68085
        ]
      },
      "id": "node/1333845854"
    },
    {
      "type": "Feature",
      "properties": {
        "@id": "node/1333848961",
        "seamark:buoy_safe_water:colour": "red;white",
        "seamark:buoy_safe_water:colour_pattern": "vertical",
        "seamark:buoy_safe_water:shape": "can",
        "seamark:light:character": "Mo",
        "seamark:light:colour": "white",
        "seamark:light:group": "A",
        "seamark:light:period": "8",
        "seamark:name": "EF-A",
        "seamark:type": "buoy_safe_water"
      },
      "geometry": {
        "type": "Point",
        "coordinates": [
          5.285,
          54.078833
        ]
      },
      "id": "node/1333848961"
    },
    {
      "type": "Feature",
      "properties": {
        "@id": "node/1333849025",
        "man_made": "monitoring_station",
        "monitoring:wave_height": "yes",
        "name": "Keeten boei",
        "operator": "Rijkswaterstaat",
        "recording:automated": "yes",
        "recording:remote": "yes",
        "seamark:buoy_safe_water:colour": "red;white",
        "seamark:buoy_safe_water:colour_pattern": "vertical",
        "seamark:buoy_safe_water:shape": "spherical",
        "seamark:light:character": "Mo",
        "seamark:light:colour": "white",
        "seamark:light:group": "A",
        "seamark:light:period": "8",
        "seamark:name": "KEETEN B",
        "seamark:radar_reflector": "yes",
        "seamark:radar_transponder:category": "racon",
        "seamark:radar_transponder:group": "K",
        "seamark:source": "https://data.overheid.nl/dataset/2c5f6817-d902-4123-9b1d-103a0a484979 2023-06-30 *",
        "seamark:type": "buoy_safe_water",
        "website": "https://waterinfo.rws.nl/#!/details/publiek/golfhoogte/Keeten-boei(KEET)"
      },
      "geometry": {
        "type": "Point",
        "coordinates": [
          3.9708694,
          51.6054222
        ]
      },
      "id": "node/1333849025"
    },
    {
      "type": "Feature",
      "properties": {
        "@id": "node/1333850123",
        "seamark:buoy_safe_water:colour": "red;white",
        "seamark:buoy_safe_water:colour_pattern": "vertical",
        "seamark:buoy_safe_water:shape": "spherical",
        "seamark:light:character": "Fl",
        "seamark:light:colour": "white",
        "seamark:light:period": "5",
        "seamark:light:reference": "B 0890",
        "seamark:name": "VL-C",
        "seamark:radar_transponder:category": "racon",
        "seamark:radar_transponder:group": "C",
        "seamark:source": "https://data.overheid.nl/dataset/2c5f6817-d902-4123-9b1d-103a0a484979 2023-06-30 *",
        "seamark:type": "buoy_safe_water"
      },
      "geometry": {
        "type": "Point",
        "coordinates": [
          4.665319,
          53.449253
        ]
      },
      "id": "node/1333850123"
    },
    {
      "type": "Feature",
      "properties": {
        "@id": "node/1333850786",
        "seamark:buoy_safe_water:colour": "red;white",
        "seamark:buoy_safe_water:colour_pattern": "vertical",
        "seamark:buoy_safe_water:shape": "spherical",
        "seamark:light:character": "Iso",
        "seamark:light:colour": "white",
        "seamark:light:period": "4",
        "seamark:name": "TE-B",
        "seamark:radar_transponder:category": "racon",
        "seamark:radar_transponder:group": "G",
        "seamark:source": "https://data.overheid.nl/dataset/2c5f6817-d902-4123-9b1d-103a0a484979 2023-06-28 *",
        "seamark:topmark:colour": "red",
        "seamark:topmark:shape": "sphere",
        "seamark:type": "buoy_safe_water"
      },
      "geometry": {
        "type": "Point",
        "coordinates": [
          5.691667,
          53.661667
        ]
      },
      "id": "node/1333850786"
    },
    {
      "type": "Feature",
      "properties": {
        "@id": "node/1333851061",
        "seamark:buoy_safe_water:colour": "red;white",
        "seamark:buoy_safe_water:colour_pattern": "vertical",
        "seamark:buoy_safe_water:shape": "pillar",
        "seamark:light:character": "Mo",
        "seamark:light:colour": "white",
        "seamark:light:group": "A",
        "seamark:light:period": "8",
        "seamark:name": "SG",
        "seamark:radar_transponder:category": "racon",
        "seamark:radar_transponder:group": "Z",
        "seamark:source": "https://data.overheid.nl/dataset/2c5f6817-d902-4123-9b1d-103a0a484979 2023-06-30 *",
        "seamark:topmark:colour": "red",
        "seamark:topmark:shape": "sphere",
        "seamark:type": "buoy_safe_water"
      },
      "geometry": {
        "type": "Point",
        "coordinates": [
          4.631725,
          52.881736
        ]
      },
      "id": "node/1333851061"
    },
    {
      "type": "Feature",
      "properties": {
        "@id": "node/1333851150",
        "seamark:buoy_safe_water:colour": "red;white",
        "seamark:buoy_safe_water:colour_pattern": "vertical",
        "seamark:buoy_safe_water:shape": "spar",
        "seamark:light:character": "LFl",
        "seamark:light:colour": "white",
        "seamark:light:period": "10",
        "seamark:name": "VF A",
        "seamark:source": "https://data.overheid.nl/dataset/2c5f6817-d902-4123-9b1d-103a0a484979 2023-06-30",
        "seamark:source:id": "1499033",
        "seamark:type": "buoy_safe_water"
      },
      "geometry": {
        "type": "Point",
        "coordinates": [
          5.3165231,
          52.9426206
        ]
      },
      "id": "node/1333851150"
    },
    {
      "type": "Feature",
      "properties": {
        "@id": "node/1333851200",
        "seamark:buoy_safe_water:colour": "red;white",
        "seamark:buoy_safe_water:colour_pattern": "vertical",
        "seamark:buoy_safe_water:shape": "spherical",
        "seamark:light:character": "Iso",
        "seamark:light:colour": "white",
        "seamark:light:period": "8",
        "seamark:name": "VL-E",
        "seamark:radar_transponder:category": "racon",
        "seamark:radar_transponder:group": "M",
        "seamark:source": "https://data.overheid.nl/dataset/2c5f6817-d902-4123-9b1d-103a0a484979 2023-06-30 *",
        "seamark:type": "buoy_safe_water"
      },
      "geometry": {
        "type": "Point",
        "coordinates": [
          5.025,
          53.528333
        ]
      },
      "id": "node/1333851200"
    },
    {
      "type": "Feature",
      "properties": {
        "@id": "node/1333851633",
        "seamark:buoy_safe_water:colour": "red;white",
        "seamark:buoy_safe_water:colour_pattern": "vertical",
        "seamark:buoy_safe_water:shape": "spar",
        "seamark:name": "GREVELINGEN",
        "seamark:topmark:colour": "red",
        "seamark:topmark:shape": "sphere",
        "seamark:type": "buoy_safe_water",
        "source": "160122_DNZ_002a_markeringen_drijvend"
      },
      "geometry": {
        "type": "Point",
        "coordinates": [
          4.060467,
          51.687633
        ]
      },
      "id": "node/1333851633"
    },
    {
      "type": "Feature",
      "properties": {
        "@id": "node/1333852792",
        "seamark:buoy_safe_water:colour": "red;white",
        "seamark:buoy_safe_water:colour_pattern": "vertical",
        "seamark:buoy_safe_water:shape": "spar",
        "seamark:light:character": "LFl",
        "seamark:light:colour": "white",
        "seamark:light:period": "10",
        "seamark:name": "EA 1",
        "seamark:source": "https://data.overheid.nl/dataset/2c5f6817-d902-4123-9b1d-103a0a484979 2023-06-30 *",
        "seamark:type": "buoy_safe_water"
      },
      "geometry": {
        "type": "Point",
        "coordinates": [
          5.2238889,
          52.5796306
        ]
      },
      "id": "node/1333852792"
    },
    {
      "type": "Feature",
      "properties": {
        "@id": "node/1347582499",
        "seamark:buoy_safe_water:colour": "red;white",
        "seamark:buoy_safe_water:colour_pattern": "vertical",
        "seamark:buoy_safe_water:shape": "pillar",
        "seamark:fog_signal:category": "bell",
        "seamark:information": "Marks SW. limit of tanker anchorage.Bell. Private light.",
        "seamark:light:character": "Fl",
        "seamark:light:colour": "white",
        "seamark:light:height": "2",
        "seamark:light:period": "2",
        "seamark:light:range": "5",
        "seamark:light:sequence": "0.5+(1.5)",
        "seamark:radar_reflector": "yes",
        "seamark:topmark:colour": "red",
        "seamark:topmark:shape": "sphere",
        "seamark:type": "buoy_safe_water",
        "source": "US NGA Pub. 113. 2010-10-22."
      },
      "geometry": {
        "type": "Point",
        "coordinates": [
          13.7167,
          45.6156167
        ]
      },
      "id": "node/1347582499"
    },
    {
      "type": "Feature",
      "properties": {
        "@id": "node/1347583136",
        "seamark:buoy_safe_water:colour": "red;white",
        "seamark:buoy_safe_water:colour_pattern": "vertical",
        "seamark:buoy_safe_water:shape": "pillar",
        "seamark:light:character": "LFl",
        "seamark:light:colour": "white",
        "seamark:light:period": "10",
        "seamark:light:reference": "X 10532",
        "seamark:name": "Fairway Buoy",
        "seamark:radar_reflector": "yes",
        "seamark:topmark:colour": "red",
        "seamark:topmark:shape": "sphere",
        "seamark:type": "buoy_safe_water",
        "source": "US NGA Pub. 113. 2024-05-18."
      },
      "geometry": {
        "type": "Point",
        "coordinates": [
          14.5404003,
          35.9074167
        ]
      },
      "id": "node/1347583136"
    },
    {
      "type": "Feature",
      "properties": {
        "@id": "node/1359199882",
        "ref:vayla": "51608",
        "seamark:buoy_safe_water:colour": "red;white",
        "seamark:buoy_safe_water:colour_pattern": "vertical",
        "seamark:buoy_safe_water:shape": "spar",
        "seamark:topmark:colour": "red",
        "seamark:topmark:shape": "sphere",
        "seamark:type": "buoy_safe_water"
      },
      "geometry": {
        "type": "Point",
        "coordinates": [
          26.628209,
          61.7782198
        ]
      },
      "id": "node/1359199882"
    },
    {
      "type": "Feature",
      "properties": {
        "@id": "node/1359199991",
        "ref:vayla": "51606",
        "seamark:buoy_safe_water:colour": "red;white",
        "seamark:buoy_safe_water:colour_pattern": "vertical",
        "seamark:buoy_safe_water:shape": "spar",
        "seamark:topmark:colour": "red",
        "seamark:topmark:shape": "sphere",
        "seamark:type": "buoy_safe_water"
      },
      "geometry": {
        "type": "Point",
        "coordinates": [
          26.6554511,
          61.7993702
        ]
      },
      "id": "node/1359199991"
    },
    {
      "type": "Feature",
      "properties": {
        "@id": "node/1359199998",
        "ref:vayla": "51605",
        "seamark:buoy_safe_water:colour": "red;white",
        "seamark:buoy_safe_water:colour_pattern": "vertical",
        "seamark:buoy_safe_water:shape": "spar",
        "seamark:topmark:colour": "red",
        "seamark:topmark:shape": "sphere",
        "seamark:type": "buoy_safe_water"
      },
      "geometry": {
        "type": "Point",
        "coordinates": [
          26.6647941,
          61.809508
        ]
      },
      "id": "node/1359199998"
    },
    {
      "type": "Feature",
      "properties": {
        "@id": "node/1359199999",
        "ref:vayla": "51604",
        "seamark:buoy_safe_water:colour": "red;white",
        "seamark:buoy_safe_water:colour_pattern": "vertical",
        "seamark:buoy_safe_water:shape": "spar",
        "seamark:topmark:colour": "red",
        "seamark:topmark:shape": "sphere",
        "seamark:type": "buoy_safe_water"
      },
      "geometry": {
        "type": "Point",
        "coordinates": [
          26.6739744,
          61.8192733
        ]
      },
      "id": "node/1359199999"
    },
    {
      "type": "Feature",
      "properties": {
        "@id": "node/1370799004",
        "seamark:buoy_safe_water:colour": "red;white",
        "seamark:buoy_safe_water:colour_pattern": "vertical",
        "seamark:buoy_safe_water:shape": "pillar",
        "seamark:light:character": "LFl",
        "seamark:light:colour": "white",
        "seamark:light:height": "8",
        "seamark:light:period": "10",
        "seamark:light:range": "5",
        "seamark:light:reference": "D 1386.5",
        "seamark:light:sequence": "3+(7)",
        "seamark:name": "Bayonne Approach",
        "seamark:radar_reflector": "yes",
        "seamark:radio_station:mmsi": "992271000",
        "seamark:topmark:colour": "red",
        "seamark:topmark:shape": "sphere",
        "seamark:type": "buoy_safe_water",
        "source": "US NGA Pub. 113. 2010-10-22."
      },
      "geometry": {
        "type": "Point",
        "coordinates": [
          -1.547642,
          43.54289
        ]
      },
      "id": "node/1370799004"
    },
    {
      "type": "Feature",
      "properties": {
        "@id": "node/1370799088",
        "ref:FR:ANFR": "317622",
        "ref:admiralty": "D1289",
        "ref:aladin": "3300008",
        "seamark:buoy_safe_water:colour": "red;white",
        "seamark:buoy_safe_water:colour_pattern": "vertical",
        "seamark:buoy_safe_water:shape": "pillar",
        "seamark:light:character": "Iso",
        "seamark:light:colour": "white",
        "seamark:light:height": "5",
        "seamark:light:period": "4",
        "seamark:light:range": "4",
        "seamark:name": "BXA",
        "seamark:radar_transponder:category": "racon",
        "seamark:radar_transponder:group": "B",
        "seamark:radio_station:mmsi": "992271005",
        "seamark:topmark:colour": "red",
        "seamark:topmark:shape": "sphere",
        "seamark:type": "buoy_safe_water",
        "source": "GAN 1433; 1431"
      },
      "geometry": {
        "type": "Point",
        "coordinates": [
          -1.4433333,
          45.5683333
        ]
      },
      "id": "node/1370799088"
    },
    {
      "type": "Feature",
      "properties": {
        "@id": "node/1370799323",
        "seamark:buoy_safe_water:colour": "red;white",
        "seamark:buoy_safe_water:colour_pattern": "vertical",
        "seamark:buoy_safe_water:shape": "pillar",
        "seamark:light:character": "LFl",
        "seamark:light:colour": "white",
        "seamark:light:period": "10",
        "seamark:name": "ATT Aiguillon",
        "seamark:radar_reflector": "yes",
        "seamark:topmark:shape": "sphere",
        "seamark:type": "buoy_safe_water",
        "source": "US NGA Pub. 113. 2010-10-22."
      },
      "geometry": {
        "type": "Point",
        "coordinates": [
          -1.18805,
          46.25885
        ]
      },
      "id": "node/1370799323"
    },
    {
      "type": "Feature",
      "properties": {
        "@id": "node/1370799385",
        "seamark:buoy_safe_water:colour": "red;white",
        "seamark:buoy_safe_water:colour_pattern": "vertical",
        "seamark:buoy_safe_water:shape": "spherical",
        "seamark:information": "Radar reflector.",
        "seamark:light:character": "LFl",
        "seamark:light:colour": "white",
        "seamark:light:period": "10",
        "seamark:light:sequence": "3+(7)",
        "seamark:name": "Fromentine",
        "seamark:radar_reflector": "yes",
        "seamark:topmark:shape": "sphere",
        "seamark:type": "buoy_safe_water",
        "source": "US NGA Pub. 113. 2010-10-22."
      },
      "geometry": {
        "type": "Point",
        "coordinates": [
          -2.1943614,
          46.8844795
        ]
      },
      "id": "node/1370799385"
    },
    {
      "type": "Feature",
      "properties": {
        "@id": "node/1370799577",
        "seamark:buoy_safe_water:colour": "red;white",
        "seamark:buoy_safe_water:colour_pattern": "vertical",
        "seamark:buoy_safe_water:shape": "pillar",
        "seamark:fog_signal:category": "whistle",
        "seamark:light:character": "LFl",
        "seamark:light:colour": "white",
        "seamark:light:period": "10",
        "seamark:name": "S-N1",
        "seamark:radar_transponder:category": "racon",
        "seamark:radar_transponder:group": "Z",
        "seamark:topmark:shape": "sphere",
        "seamark:type": "buoy_safe_water",
        "source": "US NGA Pub. 113. 2010-10-22."
      },
      "geometry": {
        "type": "Point",
        "coordinates": [
          -2.6637333,
          47.0011167
        ]
      },
      "id": "node/1370799577"
    },
    {
      "type": "Feature",
      "properties": {
        "@id": "node/1370801573",
        "seamark:buoy_safe_water:colour": "red;white",
        "seamark:buoy_safe_water:colour_pattern": "vertical",
        "seamark:buoy_safe_water:shape": "pillar",
        "seamark:fog_signal:category": "whistle",
        "seamark:light:character": "LFl",
        "seamark:light:colour": "white",
        "seamark:light:period": "10",
        "seamark:light:reference": "A 1519",
        "seamark:light:sequence": "3+(7)",
        "seamark:name": "DST OUESSANT NORD",
        "seamark:radar_transponder:category": "racon",
        "seamark:radar_transponder:group": "B",
        "seamark:radio_station:category": "ais",
        "seamark:radio_station:mmsi": "992276313",
        "seamark:topmark:colour": "red",
        "seamark:topmark:shape": "sphere",
        "seamark:type": "buoy_safe_water"
      },
      "geometry": {
        "type": "Point",
        "coordinates": [
          -5.401433,
          48.99067
        ]
      },
      "id": "node/1370801573"
    },
    {
      "type": "Feature",
      "properties": {
        "@id": "node/1392839424",
        "seamark:buoy_safe_water:colour": "red;white",
        "seamark:buoy_safe_water:colour_pattern": "vertical",
        "seamark:buoy_safe_water:shape": "pillar",
        "seamark:information": "If there is a risk of ice the buoy will be replaced by a special ice buoy (unlit/no topmark)",
        "seamark:light:character": "Iso",
        "seamark:light:colour": "white",
        "seamark:light:period": "8",
        "seamark:lnam": "00B442F97A44DA01",
        "seamark:name": "ST",
        "seamark:source": "BfS 36/19 WSA Bremerhaven *",
        "seamark:topmark:colour": "red",
        "seamark:topmark:shape": "sphere",
        "seamark:type": "buoy_safe_water"
      },
      "geometry": {
        "type": "Point",
        "coordinates": [
          7.926657,
          53.939514
        ]
      },
      "id": "node/1392839424"
    },
    {
      "type": "Feature",
      "properties": {
        "@id": "node/1395231635",
        "seamark:buoy_safe_water:colour": "red;white",
        "seamark:buoy_safe_water:colour_pattern": "vertical",
        "seamark:buoy_safe_water:shape": "pillar",
        "seamark:light:character": "Iso",
        "seamark:light:colour": "white",
        "seamark:light:period": "4",
        "seamark:lnam": "00B44010D19000A0",
        "seamark:name": "E3",
        "seamark:topmark:colour": "red",
        "seamark:topmark:shape": "sphere",
        "seamark:type": "buoy_safe_water"
      },
      "geometry": {
        "type": "Point",
        "coordinates": [
          7.910126,
          54.059858
        ]
      },
      "id": "node/1395231635"
    },
    {
      "type": "Feature",
      "properties": {
        "@id": "node/1395232893",
        "seamark:buoy_safe_water:colour": "red;white",
        "seamark:buoy_safe_water:colour_pattern": "vertical",
        "seamark:buoy_safe_water:shape": "pillar",
        "seamark:light:character": "Iso",
        "seamark:light:colour": "white",
        "seamark:light:period": "8",
        "seamark:lnam": "00B44010D19000F5",
        "seamark:name": "E 2",
        "seamark:topmark:colour": "red",
        "seamark:topmark:shape": "sphere",
        "seamark:type": "buoy_safe_water"
      },
      "geometry": {
        "type": "Point",
        "coordinates": [
          7.729563,
          54.120136
        ]
      },
      "id": "node/1395232893"
    },
    {
      "type": "Feature",
      "properties": {
        "@id": "node/1396536750",
        "seamark:buoy_safe_water:colour": "red;white",
        "seamark:buoy_safe_water:colour_pattern": "vertical",
        "seamark:buoy_safe_water:shape": "pillar",
        "seamark:fog_signal:category": "whistle",
        "seamark:fog_signal:period": "30",
        "seamark:light:character": "Mo",
        "seamark:light:colour": "white",
        "seamark:light:group": "A",
        "seamark:light:period": "8",
        "seamark:light:range": "5",
        "seamark:light:reference": "USCG 360",
        "seamark:light:sequence": "00.4+(00.6)+02.0+(05.0)",
        "seamark:name": "SF",
        "seamark:radar_transponder:category": "racon",
        "seamark:radar_transponder:group": "M",
        "seamark:topmark:colour": "red",
        "seamark:topmark:shape": "sphere",
        "seamark:type": "buoy_safe_water"
      },
      "geometry": {
        "type": "Point",
        "coordinates": [
          -122.6927611,
          37.7499303
        ]
      },
      "id": "node/1396536750"
    },
    {
      "type": "Feature",
      "properties": {
        "@id": "node/1404373352",
        "description:de": "WP 342 Lübeck-Gedser-Weg",
        "seamark:buoy_safe_water:colour": "red;white",
        "seamark:buoy_safe_water:colour_pattern": "vertical",
        "seamark:buoy_safe_water:shape": "pillar",
        "seamark:information": "If there is a risk of ice the buoy will not be replaced during the winter season.",
        "seamark:light:character": "Iso",
        "seamark:light:colour": "white",
        "seamark:light:period": "8",
        "seamark:lnam": "00B442DC899DDA01",
        "seamark:name": "3",
        "seamark:topmark:colour": "red",
        "seamark:topmark:shape": "sphere",
        "seamark:type": "buoy_safe_water"
      },
      "geometry": {
        "type": "Point",
        "coordinates": [
          11.518845,
          54.249348
        ]
      },
      "id": "node/1404373352"
    },
    {
      "type": "Feature",
      "properties": {
        "@id": "node/1404373354",
        "description": "WP 341 Lübeck-Gedser-Weg",
        "seamark:buoy_safe_water:colour": "red;white",
        "seamark:buoy_safe_water:colour_pattern": "vertical",
        "seamark:buoy_safe_water:shape": "pillar",
        "seamark:information": "If there is a risk of ice the buoy will not be replaced during the winter season.",
        "seamark:light:character": "Iso",
        "seamark:light:colour": "white",
        "seamark:light:period": "4",
        "seamark:lnam": "00B44010D1940049",
        "seamark:name": "4",
        "seamark:topmark:colour": "red",
        "seamark:topmark:shape": "sphere",
        "seamark:type": "buoy_safe_water"
      },
      "geometry": {
        "type": "Point",
        "coordinates": [
          11.762183,
          54.336021
        ]
      },
      "id": "node/1404373354"
    },
    {
      "type": "Feature",
      "properties": {
        "@id": "node/1411305417",
        "seamark:buoy_safe_water:colour": "red;white",
        "seamark:buoy_safe_water:colour_pattern": "vertical",
        "seamark:buoy_safe_water:shape": "spar",
        "seamark:light:character": "LFl",
        "seamark:light:colour": "white",
        "seamark:light:period": "10",
        "seamark:name": "SR-A",
        "seamark:source": "https://data.overheid.nl/dataset/2c5f6817-d902-4123-9b1d-103a0a484979 2023-06-30",
        "seamark:source:id": "1498190",
        "seamark:type": "buoy_safe_water"
      },
      "geometry": {
        "type": "Point",
        "coordinates": [
          5.690472,
          52.6055
        ]
      },
      "id": "node/1411305417"
    },
    {
      "type": "Feature",
      "properties": {
        "@id": "node/1411305419",
        "seamark:buoy_safe_water:colour": "red;white",
        "seamark:buoy_safe_water:colour_pattern": "vertical",
        "seamark:buoy_safe_water:shape": "spar",
        "seamark:light:character": "Iso",
        "seamark:light:colour": "white",
        "seamark:light:period": "8",
        "seamark:name": "SR-B",
        "seamark:source": "https://data.overheid.nl/dataset/2c5f6817-d902-4123-9b1d-103a0a484979 2023-06-30",
        "seamark:source:id": "1498191",
        "seamark:type": "buoy_safe_water"
      },
      "geometry": {
        "type": "Point",
        "coordinates": [
          5.724044,
          52.607714
        ]
      },
      "id": "node/1411305419"
    },
    {
      "type": "Feature",
      "properties": {
        "@id": "node/1413779948",
        "seamark:buoy_safe_water:colour": "red;white",
        "seamark:buoy_safe_water:colour_pattern": "vertical",
        "seamark:buoy_safe_water:shape": "pillar",
        "seamark:fog_signal:category": "whistle",
        "seamark:information": "During the winter season the buoy will be replaced by a special ice buoy (unlit/no topmark)",
        "seamark:light:character": "Iso",
        "seamark:light:colour": "white",
        "seamark:light:period": "4",
        "seamark:lnam": "00B40001215F0001",
        "seamark:name": "Eider",
        "seamark:source": "BfS 184/24 WSA Elbe-Nordsee",
        "seamark:topmark:colour": "red",
        "seamark:topmark:shape": "sphere",
        "seamark:type": "buoy_safe_water"
      },
      "geometry": {
        "type": "Point",
        "coordinates": [
          8.4879,
          54.257
        ]
      },
      "id": "node/1413779948"
    },
    {
      "type": "Feature",
      "properties": {
        "@id": "node/1413788007",
        "seamark:buoy_safe_water:colour": "red;white",
        "seamark:buoy_safe_water:colour_pattern": "vertical",
        "seamark:buoy_safe_water:shape": "spar",
        "seamark:information": "If there is a risk of ice the buoy has no topmark.",
        "seamark:lnam": "00B44010D19500B9",
        "seamark:name": "Norderpiep",
        "seamark:topmark:colour": "red",
        "seamark:topmark:shape": "sphere",
        "seamark:type": "buoy_safe_water"
      },
      "geometry": {
        "type": "Point",
        "coordinates": [
          8.471667,
          54.181667
        ]
      },
      "id": "node/1413788007"
    },
    {
      "type": "Feature",
      "properties": {
        "@id": "node/1414367004",
        "seamark:buoy_safe_water:colour": "red;white",
        "seamark:buoy_safe_water:colour_pattern": "vertical",
        "seamark:buoy_safe_water:shape": "spar",
        "seamark:topmark:colour": "red",
        "seamark:topmark:shape": "sphere",
        "seamark:type": "buoy_safe_water"
      },
      "geometry": {
        "type": "Point",
        "coordinates": [
          9.6084054,
          55.5017395
        ]
      },
      "id": "node/1414367004"
    },
    {
      "type": "Feature",
      "properties": {
        "@id": "node/1415262985",
        "seamark:buoy_safe_water:colour": "red;white",
        "seamark:buoy_safe_water:colour_pattern": "vertical",
        "seamark:buoy_safe_water:shape": "pillar",
        "seamark:information": "If there is a risk of ice the buoy will be replaced by a special ice buoy (unlit/no topmark)",
        "seamark:light:character": "Iso",
        "seamark:light:colour": "white",
        "seamark:light:period": "8",
        "seamark:lnam": "00B44010D18E006E",
        "seamark:name": "Rütergat",
        "seamark:topmark:colour": "red",
        "seamark:topmark:shape": "sphere",
        "seamark:type": "buoy_safe_water"
      },
      "geometry": {
        "type": "Point",
        "coordinates": [
          8.2352667,
          54.4653167
        ]
      },
      "id": "node/1415262985"
    },
    {
      "type": "Feature",
      "properties": {
        "@id": "node/1415957881",
        "seamark:buoy_safe_water:colour": "red;white",
        "seamark:buoy_safe_water:colour_pattern": "vertical",
        "seamark:buoy_safe_water:shape": "pillar",
        "seamark:light:character": "LFl",
        "seamark:light:colour": "white",
        "seamark:light:period": "10",
        "seamark:name": "M 31",
        "seamark:topmark:colour": "red",
        "seamark:topmark:shape": "sphere",
        "seamark:type": "buoy_safe_water"
      },
      "geometry": {
        "type": "Point",
        "coordinates": [
          12.6755653,
          55.4165875
        ]
      },
      "id": "node/1415957881"
    },
    {
      "type": "Feature",
      "properties": {
        "@id": "node/1420666201",
        "seamark:buoy_safe_water:colour": "red;white",
        "seamark:buoy_safe_water:colour_pattern": "vertical",
        "seamark:buoy_safe_water:shape": "pillar",
        "seamark:light:character": "Iso",
        "seamark:light:colour": "yellow",
        "seamark:light:period": "4",
        "seamark:topmark:colour": "red",
        "seamark:topmark:shape": "sphere",
        "seamark:type": "buoy_safe_water",
        "source": "US NGA Pub. 113. 2010-10-22."
      },
      "geometry": {
        "type": "Point",
        "coordinates": [
          5.95885,
          43.0834833
        ]
      },
      "id": "node/1420666201"
    },
    {
      "type": "Feature",
      "properties": {
        "@id": "node/1420666356",
        "ref:FR:ANFR": "714220",
        "seamark:buoy_safe_water:colour": "red;white",
        "seamark:buoy_safe_water:colour_pattern": "vertical",
        "seamark:buoy_safe_water:shape": "pillar",
        "seamark:fog_signal:category": "whistle",
        "seamark:light:character": "Iso",
        "seamark:light:colour": "white",
        "seamark:light:period": "4",
        "seamark:light:reference": "E 0601",
        "seamark:name": "Omega",
        "seamark:radar_transponder:category": "racon",
        "seamark:radar_transponder:group": "O",
        "seamark:radio_station:category": "ais",
        "seamark:radio_station:mmsi": "992271403",
        "seamark:topmark:colour": "red",
        "seamark:topmark:shape": "sphere",
        "seamark:type": "buoy_safe_water",
        "source": "US NGA Pub. 113. 2010-10-22."
      },
      "geometry": {
        "type": "Point",
        "coordinates": [
          5.0298333,
          43.1988667
        ]
      },
      "id": "node/1420666356"
    },
    {
      "type": "Feature",
      "properties": {
        "@id": "node/1420666421",
        "ref:FR:ANFR": "767988",
        "seamark:buoy_safe_water:colour": "red;white",
        "seamark:buoy_safe_water:colour_pattern": "vertical",
        "seamark:buoy_safe_water:shape": "pillar",
        "seamark:fog_signal:category": "whistle",
        "seamark:light:character": "Iso",
        "seamark:light:colour": "white",
        "seamark:light:period": "4",
        "seamark:radar_reflector": "yes",
        "seamark:radio_station:category": "ais",
        "seamark:radio_station:mmsi": "992271404",
        "seamark:topmark:colour": "red",
        "seamark:topmark:shape": "sphere",
        "seamark:type": "buoy_safe_water",
        "source": "US NGA Pub. 113. 2010-10-22."
      },
      "geometry": {
        "type": "Point",
        "coordinates": [
          3.83405,
          43.3109333
        ]
      },
      "id": "node/1420666421"
    },
    {
      "type": "Feature",
      "properties": {
        "@id": "node/1424070341",
        "seamark:buoy_safe_water:colour": "red;white",
        "seamark:buoy_safe_water:colour_pattern": "vertical",
        "seamark:buoy_safe_water:shape": "pillar",
        "seamark:information": "If there is a risk of ice the buoy will not be replaced during the winter season.",
        "seamark:light:character": "Iso",
        "seamark:light:colour": "white",
        "seamark:light:period": "8",
        "seamark:lnam": "00B44010D19500B3",
        "seamark:name": "KO 8-T 65",
        "seamark:topmark:colour": "red",
        "seamark:topmark:shape": "sphere",
        "seamark:type": "buoy_safe_water"
      },
      "geometry": {
        "type": "Point",
        "coordinates": [
          11.350733,
          54.54125
        ]
      },
      "id": "node/1424070341"
    },
    {
      "type": "Feature",
      "properties": {
        "@id": "node/1424070348",
        "seamark:buoy_safe_water:colour": "red;white",
        "seamark:buoy_safe_water:colour_pattern": "vertical",
        "seamark:buoy_safe_water:shape": "pillar",
        "seamark:information": "If there is a risk of ice the buoy will not be replaced during the winter season.",
        "seamark:light:character": "Iso",
        "seamark:light:colour": "white",
        "seamark:light:period": "8",
        "seamark:lnam": "00B44010D1940018",
        "seamark:name": "KO 4",
        "seamark:topmark:colour": "red",
        "seamark:topmark:shape": "sphere",
        "seamark:type": "buoy_safe_water"
      },
      "geometry": {
        "type": "Point",
        "coordinates": [
          10.804602,
          54.579347
        ]
      },
      "id": "node/1424070348"
    },
    {
      "type": "Feature",
      "properties": {
        "@id": "node/1429970527",
        "seamark:buoy_safe_water:colour": "red;white",
        "seamark:buoy_safe_water:colour_pattern": "vertical",
        "seamark:buoy_safe_water:shape": "spar",
        "seamark:buoy_safe_water:status": "occasional",
        "seamark:lnam": "00B44010D18E0076",
        "seamark:name": "Damitz",
        "seamark:topmark:colour": "red",
        "seamark:topmark:shape": "sphere",
        "seamark:type": "buoy_safe_water"
      },
      "geometry": {
        "type": "Point",
        "coordinates": [
          13.050667,
          54.385167
        ]
      },
      "id": "node/1429970527"
    },
    {
      "type": "Feature",
      "properties": {
        "@id": "node/1430310800",
        "seamark:buoy_safe_water:colour": "red;white",
        "seamark:buoy_safe_water:colour_pattern": "vertical",
        "seamark:buoy_safe_water:shape": "pillar",
        "seamark:light:character": "Oc",
        "seamark:light:colour": "white",
        "seamark:light:period": "4",
        "seamark:name": "Borkumriff",
        "seamark:radio_station:category": "ais",
        "seamark:radio_station:mmsi": "992111990",
        "seamark:source": "BfS 55/18 WSA Wilhelmshaven",
        "seamark:topmark:colour": "red",
        "seamark:topmark:shape": "sphere",
        "seamark:type": "buoy_safe_water"
      },
      "geometry": {
        "type": "Point",
        "coordinates": [
          6.368611,
          53.790833
        ]
      },
      "id": "node/1430310800"
    },
    {
      "type": "Feature",
      "properties": {
        "@id": "node/1430316367",
        "seamark:buoy_safe_water:colour": "red;white",
        "seamark:buoy_safe_water:colour_pattern": "vertical",
        "seamark:buoy_safe_water:shape": "pillar",
        "seamark:light:character": "Iso",
        "seamark:light:colour": "white",
        "seamark:light:period": "4",
        "seamark:lnam": "00B44010D1910032",
        "seamark:name": "GW-TG",
        "seamark:topmark:colour": "red",
        "seamark:topmark:shape": "sphere",
        "seamark:type": "buoy_safe_water"
      },
      "geometry": {
        "type": "Point",
        "coordinates": [
          6.355917,
          53.987611
        ]
      },
      "id": "node/1430316367"
    },
    {
      "type": "Feature",
      "properties": {
        "@id": "node/1430364661",
        "seamark:buoy_safe_water:colour": "red;white",
        "seamark:buoy_safe_water:colour_pattern": "vertical",
        "seamark:buoy_safe_water:shape": "pillar",
        "seamark:light:character": "Iso",
        "seamark:light:colour": "white",
        "seamark:light:period": "8",
        "seamark:name": "Riffgat",
        "seamark:source": "BfS (T)51/17 WSA Emden",
        "seamark:topmark:colour": "red",
        "seamark:topmark:shape": "sphere",
        "seamark:type": "buoy_safe_water"
      },
      "geometry": {
        "type": "Point",
        "coordinates": [
          6.4512,
          53.6492667
        ]
      },
      "id": "node/1430364661"
    },
    {
      "type": "Feature",
      "properties": {
        "@id": "node/1430381304",
        "seamark:buoy_safe_water:colour": "red;white",
        "seamark:buoy_safe_water:colour_pattern": "vertical",
        "seamark:buoy_safe_water:shape": "pillar",
        "seamark:light:character": "Iso",
        "seamark:light:colour": "white",
        "seamark:light:period": "8",
        "seamark:lnam": "00B44010D18F005D",
        "seamark:name": "Schluchter",
        "seamark:source": "BfS 36/25 WSA Ems-Nordsee *",
        "seamark:topmark:colour": "red",
        "seamark:topmark:shape": "sphere",
        "seamark:type": "buoy_safe_water"
      },
      "geometry": {
        "type": "Point",
        "coordinates": [
          7.03555,
          53.7416667
        ]
      },
      "id": "node/1430381304"
    },
    {
      "type": "Feature",
      "properties": {
        "@id": "node/1445833038",
        "seamark:buoy_safe_water:colour": "white;red",
        "seamark:buoy_safe_water:shape": "pillar",
        "seamark:topmark:colour": "red",
        "seamark:topmark:shape": "sphere",
        "seamark:type": "buoy_safe_water"
      },
      "geometry": {
        "type": "Point",
        "coordinates": [
          11.97708,
          54.94257
        ]
      },
      "id": "node/1445833038"
    },
    {
      "type": "Feature",
      "properties": {
        "@id": "node/1448758216",
        "seamark:buoy_safe_water:colour": "red;white",
        "seamark:buoy_safe_water:colour_pattern": "vertical",
        "seamark:buoy_safe_water:shape": "pillar",
        "seamark:light:character": "Iso",
        "seamark:light:colour": "white",
        "seamark:light:period": "10",
        "seamark:name": "Koper",
        "seamark:type": "buoy_safe_water"
      },
      "geometry": {
        "type": "Point",
        "coordinates": [
          13.7001712,
          45.564483
        ]
      },
      "id": "node/1448758216"
    },
    {
      "type": "Feature",
      "properties": {
        "@id": "node/1460053555",
        "seamark:buoy_safe_water:colour": "red;white",
        "seamark:buoy_safe_water:colour_pattern": "vertical",
        "seamark:buoy_safe_water:shape": "pillar",
        "seamark:light:character": "Iso",
        "seamark:light:colour": "white",
        "seamark:light:period": "4",
        "seamark:lnam": "00B44010D1930010",
        "seamark:name": "Osterems",
        "seamark:source": "BfS 40/09 WSA Emden *",
        "seamark:topmark:colour": "red",
        "seamark:topmark:shape": "sphere",
        "seamark:type": "buoy_safe_water"
      },
      "geometry": {
        "type": "Point",
        "coordinates": [
          6.6038333,
          53.6963333
        ]
      },
      "id": "node/1460053555"
    },
    {
      "type": "Feature",
      "properties": {
        "@id": "node/1460109230",
        "seamark:buoy_safe_water:colour": "red;white",
        "seamark:buoy_safe_water:colour_pattern": "vertical",
        "seamark:buoy_safe_water:shape": "pillar",
        "seamark:information": "AIS",
        "seamark:light:character": "Oc",
        "seamark:light:colour": "white",
        "seamark:light:period": "4",
        "seamark:lnam": "00B44010D19000FD",
        "seamark:name": "Jade-Weser",
        "seamark:radar_transponder:category": "racon",
        "seamark:radar_transponder:group": "T",
        "seamark:radio_station:category": "ais",
        "seamark:radio_station:mmsi": "992111732",
        "seamark:topmark:colour": "red",
        "seamark:topmark:shape": "sphere",
        "seamark:type": "buoy_safe_water"
      },
      "geometry": {
        "type": "Point",
        "coordinates": [
          7.645954,
          53.971519
        ]
      },
      "id": "node/1460109230"
    },
    {
      "type": "Feature",
      "properties": {
        "@id": "node/1460238370",
        "seamark:buoy_safe_water:colour": "red;white",
        "seamark:buoy_safe_water:colour_pattern": "vertical",
        "seamark:buoy_safe_water:shape": "pillar",
        "seamark:light:character": "LFl",
        "seamark:light:colour": "white",
        "seamark:light:period": "10",
        "seamark:name": "Gradyb Anduvning",
        "seamark:radar_transponder:category": "racon",
        "seamark:radar_transponder:group": "G",
        "seamark:topmark:colour": "red",
        "seamark:topmark:shape": "sphere",
        "seamark:type": "buoy_safe_water",
        "source": "US NGA Pub. 114. 2011-04-02"
      },
      "geometry": {
        "type": "Point",
        "coordinates": [
          8.1935667,
          55.4105333
        ]
      },
      "id": "node/1460238370"
    },
    {
      "type": "Feature",
      "properties": {
        "@id": "node/1460252837",
        "seamark:buoy_safe_water:colour": "red;white",
        "seamark:buoy_safe_water:colour_pattern": "vertical",
        "seamark:buoy_safe_water:shape": "pillar",
        "seamark:light:character": "LFl",
        "seamark:light:colour": "white",
        "seamark:light:period": "10",
        "seamark:radar_transponder:category": "racon",
        "seamark:radar_transponder:group": "T",
        "seamark:topmark:colour": "red",
        "seamark:topmark:shape": "sphere",
        "seamark:type": "buoy_safe_water",
        "source": "US NGA Pub. 114. 2011-04-02"
      },
      "geometry": {
        "type": "Point",
        "coordinates": [
          8.1449,
          56.7089833
        ]
      },
      "id": "node/1460252837"
    },
    {
      "type": "Feature",
      "properties": {
        "@id": "node/1473360578",
        "seamark:buoy_safe_water:colour": "red;white",
        "seamark:buoy_safe_water:colour_pattern": "vertical",
        "seamark:buoy_safe_water:shape": "pillar",
        "seamark:light:character": "LFl",
        "seamark:light:colour": "white",
        "seamark:light:period": "10",
        "seamark:name": "Cross Sand",
        "seamark:radar_transponder:category": "racon",
        "seamark:radar_transponder:group": "T",
        "seamark:radar_transponder:period": "30",
        "seamark:topmark:colour": "red",
        "seamark:topmark:shape": "sphere",
        "seamark:type": "buoy_safe_water",
        "source": "US NGA Pub. 114. 2011-04-02"
      },
      "geometry": {
        "type": "Point",
        "coordinates": [
          1.98535,
          52.6177
        ]
      },
      "id": "node/1473360578"
    },
    {
      "type": "Feature",
      "properties": {
        "@id": "node/1504411899",
        "seamark:buoy_safe_water:colour": "red;white",
        "seamark:buoy_safe_water:colour_pattern": "vertical",
        "seamark:buoy_safe_water:shape": "pillar",
        "seamark:fog_signal:category": "whistle",
        "seamark:light:character": "LFl",
        "seamark:light:colour": "white",
        "seamark:light:period": "10",
        "seamark:name": "North Well",
        "seamark:radar_transponder:category": "racon",
        "seamark:radar_transponder:group": "T",
        "seamark:radar_transponder:period": "30",
        "seamark:topmark:colour": "red",
        "seamark:topmark:shape": "sphere",
        "seamark:type": "buoy_safe_water",
        "source": "US NGA Pub. 114. 2011-04-02"
      },
      "geometry": {
        "type": "Point",
        "coordinates": [
          0.4644667,
          53.05
        ]
      },
      "id": "node/1504411899"
    },
    {
      "type": "Feature",
      "properties": {
        "@id": "node/1509166135",
        "seamark:buoy_safe_water:colour": "red;white",
        "seamark:buoy_safe_water:colour_pattern": "vertical",
        "seamark:buoy_safe_water:shape": "pillar",
        "seamark:fog_signal:category": "horn",
        "seamark:fog_signal:group": "1",
        "seamark:fog_signal:period": "5",
        "seamark:light:character": "Iso",
        "seamark:light:colour": "white",
        "seamark:light:period": "4",
        "seamark:light:reference": "A 2626.5",
        "seamark:name": "Tees Fairway",
        "seamark:radar_transponder:category": "racon",
        "seamark:radar_transponder:group": "B",
        "seamark:radar_transponder:period": "72",
        "seamark:topmark:colour": "red",
        "seamark:topmark:shape": "sphere",
        "seamark:type": "buoy_safe_water",
        "source": "US NGA Pub. 114. 2011-04-02"
      },
      "geometry": {
        "type": "Point",
        "coordinates": [
          -1.1077167,
          54.6823333
        ]
      },
      "id": "node/1509166135"
    },
    {
      "type": "Feature",
      "properties": {
        "@id": "node/1523925804",
        "seamark:buoy_safe_water:colour": "red;white",
        "seamark:buoy_safe_water:colour_pattern": "vertical",
        "seamark:buoy_safe_water:shape": "pillar",
        "seamark:light:character": "LFl",
        "seamark:light:colour": "white",
        "seamark:light:period": "10",
        "seamark:name": "16",
        "seamark:radar_transponder:category": "racon",
        "seamark:radar_transponder:group": "M",
        "seamark:radar_transponder:range": "10",
        "seamark:topmark:colour": "red",
        "seamark:topmark:shape": "sphere",
        "seamark:type": "buoy_safe_water",
        "source": "US NGA Pub. 116. 2011-04-13"
      },
      "geometry": {
        "type": "Point",
        "coordinates": [
          10.9528038,
          55.9199002
        ]
      },
      "id": "node/1523925804"
    },
    {
      "type": "Feature",
      "properties": {
        "@id": "node/1525402457",
        "note": "Still Racon - not on official charts?",
        "seamark:buoy_safe_water:colour": "red;white",
        "seamark:buoy_safe_water:colour_pattern": "vertical",
        "seamark:buoy_safe_water:shape": "pillar",
        "seamark:light:character": "LFl",
        "seamark:light:colour": "white",
        "seamark:light:period": "10",
        "seamark:radar_transponder:category": "racon",
        "seamark:radar_transponder:group": "L",
        "seamark:radar_transponder:period": "120",
        "seamark:topmark:colour": "red",
        "seamark:topmark:shape": "sphere",
        "seamark:type": "buoy_safe_water",
        "source": "US NGA Pub. 116. 2011-04-13",
        "wikimedia_commons": "File:Safe Water Rødby buoy.jpg"
      },
      "geometry": {
        "type": "Point",
        "coordinates": [
          11.32375,
          54.6380333
        ]
      },
      "id": "node/1525402457"
    },
    {
      "type": "Feature",
      "properties": {
        "@id": "node/1527159869",
        "seamark:buoy_safe_water:colour": "red;white",
        "seamark:buoy_safe_water:colour_pattern": "vertical",
        "seamark:light:character": "LFl",
        "seamark:light:colour": "white",
        "seamark:light:height": "4",
        "seamark:light:period": "10",
        "seamark:light:range": "5",
        "seamark:topmark:colour": "red",
        "seamark:topmark:shape": "sphere",
        "seamark:type": "buoy_safe_water",
        "source": "US NGA Pub. 116. 2011-07-07."
      },
      "geometry": {
        "type": "Point",
        "coordinates": [
          12.7789833,
          56.60935
        ]
      },
      "id": "node/1527159869"
    },
    {
      "type": "Feature",
      "properties": {
        "@id": "node/1527827853",
        "seamark:buoy_safe_water:colour": "red;white",
        "seamark:buoy_safe_water:colour_pattern": "vertical",
        "seamark:buoy_safe_water:shape": "pillar",
        "seamark:information": "If there is a risk of ice the buoy will be replaced by a special ice buoy (unlit/no topmark)",
        "seamark:light:character": "Iso",
        "seamark:light:colour": "white",
        "seamark:light:period": "4",
        "seamark:lnam": "00B44010D19000E8",
        "seamark:name": "Wismar",
        "seamark:topmark:colour": "red",
        "seamark:topmark:shape": "sphere",
        "seamark:type": "buoy_safe_water"
      },
      "geometry": {
        "type": "Point",
        "coordinates": [
          11.4371667,
          54.09985
        ]
      },
      "id": "node/1527827853"
    },
    {
      "type": "Feature",
      "properties": {
        "@id": "node/1531089437",
        "seamark:buoy_safe_water:colour": "red;white",
        "seamark:buoy_safe_water:colour_pattern": "vertical",
        "seamark:buoy_safe_water:shape": "pillar",
        "seamark:light:character": "LFl",
        "seamark:light:colour": "white",
        "seamark:light:period": "10",
        "seamark:name": "Vinga Western Approach",
        "seamark:topmark:colour": "red",
        "seamark:topmark:shape": "sphere",
        "seamark:type": "buoy_safe_water",
        "source": "US NGA Pub. 116. 2011-07-07."
      },
      "geometry": {
        "type": "Point",
        "coordinates": [
          11.5560343,
          57.6478369
        ]
      },
      "id": "node/1531089437"
    },
    {
      "type": "Feature",
      "properties": {
        "@id": "node/1531135187",
        "seamark:buoy_safe_water:colour": "red;white",
        "seamark:buoy_safe_water:colour_pattern": "vertical",
        "seamark:buoy_safe_water:shape": "pillar",
        "seamark:information": "Radar reflector.",
        "seamark:light:character": "LFl",
        "seamark:light:colour": "white",
        "seamark:light:period": "10",
        "seamark:name": "Brofjorden Approach",
        "seamark:radar_transponder:category": "racon",
        "seamark:radar_transponder:group": "G",
        "seamark:radar_transponder:period": "30",
        "seamark:topmark:colour": "red",
        "seamark:topmark:shape": "sphere",
        "seamark:type": "buoy_safe_water",
        "source": "http://www.sjofartsverket.se/UfsPdf/478SV.pdf"
      },
      "geometry": {
        "type": "Point",
        "coordinates": [
          11.2205167,
          58.25
        ]
      },
      "id": "node/1531135187"
    },
    {
      "type": "Feature",
      "properties": {
        "@id": "node/1534650778",
        "seamark:buoy_safe_water:colour": "red;white",
        "seamark:buoy_safe_water:colour_pattern": "vertical",
        "seamark:buoy_safe_water:shape": "pillar",
        "seamark:light:character": "LFl",
        "seamark:light:colour": "white",
        "seamark:light:period": "10",
        "seamark:light:sequence": "2.5+(7.5)",
        "seamark:name": "LEBA",
        "seamark:topmark:shape": "sphere",
        "seamark:type": "buoy_safe_water",
        "source": "US NGA Pub. 116. 2011-07-07."
      },
      "geometry": {
        "type": "Point",
        "coordinates": [
          17.5633,
          54.785
        ]
      },
      "id": "node/1534650778"
    },
    {
      "type": "Feature",
      "properties": {
        "@id": "node/1534655419",
        "seamark:buoy_safe_water:colour": "red;white",
        "seamark:buoy_safe_water:colour_pattern": "vertical",
        "seamark:buoy_safe_water:shape": "pillar",
        "seamark:information": "Radar reflector.",
        "seamark:light:character": "LFl",
        "seamark:light:colour": "white",
        "seamark:light:period": "10",
        "seamark:light:sequence": "3+(7)",
        "seamark:name": "Kol",
        "seamark:radar_reflector": "yes",
        "seamark:topmark:colour": "red",
        "seamark:topmark:shape": "sphere",
        "seamark:type": "buoy_safe_water",
        "source": "US NGA Pub. 116. 2011-07-07."
      },
      "geometry": {
        "type": "Point",
        "coordinates": [
          15.5066392,
          54.2310131
        ]
      },
      "id": "node/1534655419"
    },
    {
      "type": "Feature",
      "properties": {
        "@id": "node/1534657174",
        "seamark:buoy_safe_water:colour": "red;white",
        "seamark:buoy_safe_water:colour_pattern": "vertical",
        "seamark:name": "N2",
        "seamark:radar_transponder:category": "racon",
        "seamark:radar_transponder:period": "70",
        "seamark:topmark:colour": "red",
        "seamark:topmark:shape": "sphere",
        "seamark:type": "buoy_safe_water",
        "source": "US NGA Pub. 116. 2011-07-07."
      },
      "geometry": {
        "type": "Point",
        "coordinates": [
          14.1828064,
          54.2471554
        ]
      },
      "id": "node/1534657174"
    },
    {
      "type": "Feature",
      "properties": {
        "@id": "node/1535648946",
        "name": "Isefjord",
        "seamark:buoy_safe_water:colour": "red;white",
        "seamark:buoy_safe_water:colour_pattern": "vertical",
        "seamark:buoy_safe_water:shape": "pillar",
        "seamark:light:character": "LFl",
        "seamark:light:colour": "white",
        "seamark:light:period": "10",
        "seamark:topmark:colour": "red",
        "seamark:topmark:shape": "sphere",
        "seamark:type": "buoy_safe_water",
        "source": "US NGA Pub. 116. 2011-07-07."
      },
      "geometry": {
        "type": "Point",
        "coordinates": [
          11.8502333,
          55.99425
        ]
      },
      "id": "node/1535648946"
    },
    {
      "type": "Feature",
      "properties": {
        "@id": "node/1535671820",
        "seamark:buoy_safe_water:colour": "red;white",
        "seamark:buoy_safe_water:colour_pattern": "vertical",
        "seamark:buoy_safe_water:shape": "pillar",
        "seamark:light:character": "Iso",
        "seamark:light:colour": "white",
        "seamark:light:period": "8",
        "seamark:name": "No.6",
        "seamark:radar_transponder:category": "racon",
        "seamark:radar_transponder:group": "T",
        "seamark:radar_transponder:period": "60",
        "seamark:topmark:colour": "red",
        "seamark:topmark:shape": "sphere",
        "seamark:type": "buoy_safe_water",
        "source": "US NGA Pub. 116. 2011-07-07."
      },
      "geometry": {
        "type": "Point",
        "coordinates": [
          11.8816167,
          56.756317
        ]
      },
      "id": "node/1535671820"
    },
    {
      "type": "Feature",
      "properties": {
        "@id": "node/1543871737",
        "seamark:buoy_safe_water:colour": "red;white",
        "seamark:buoy_safe_water:colour_pattern": "vertical",
        "seamark:buoy_safe_water:shape": "pillar",
        "seamark:light:character": "Mo",
        "seamark:light:colour": "white",
        "seamark:light:group": "A",
        "seamark:light:height": "6",
        "seamark:light:period": "12",
        "seamark:light:range": "6",
        "seamark:name": "LHA",
        "seamark:radar_transponder:category": "racon",
        "seamark:radio_station:category": "ais",
        "seamark:radio_station:mmsi": "992271201",
        "seamark:source": "US NGA Pub. 114. (2020);AIS",
        "seamark:topmark:colour": "red",
        "seamark:topmark:shape": "sphere",
        "seamark:type": "buoy_safe_water"
      },
      "geometry": {
        "type": "Point",
        "coordinates": [
          -0.163889,
          49.523056
        ]
      },
      "id": "node/1543871737"
    },
    {
      "type": "Feature",
      "properties": {
        "@id": "node/1543874668",
        "seamark:buoy_safe_water:colour": "red;white",
        "seamark:buoy_safe_water:colour_pattern": "vertical",
        "seamark:buoy_safe_water:shape": "pillar",
        "seamark:light:character": "LFl",
        "seamark:light:colour": "white",
        "seamark:light:height": "8",
        "seamark:light:period": "10",
        "seamark:light:range": "4",
        "seamark:light:sequence": "3+(7)",
        "seamark:name": "CH1",
        "seamark:radar_reflector": "yes",
        "seamark:radio_station:category": "ais",
        "seamark:radio_station:mmsi": "992271202",
        "seamark:topmark:colour": "red",
        "seamark:topmark:shape": "sphere",
        "seamark:type": "buoy_safe_water",
        "source": "US NGA Pub. 114. 2011-05-26."
      },
      "geometry": {
        "type": "Point",
        "coordinates": [
          -1.701667,
          49.72
        ]
      },
      "id": "node/1543874668"
    },
    {
      "type": "Feature",
      "properties": {
        "@id": "node/1543890727",
        "seamark:buoy_safe_water:colour": "red;white",
        "seamark:buoy_safe_water:colour_pattern": "vertical",
        "seamark:buoy_safe_water:shape": "spherical",
        "seamark:information": "Radar reflector.",
        "seamark:light:character": "LFl",
        "seamark:light:colour": "white",
        "seamark:light:period": "10",
        "seamark:light:sequence": "2+(8)",
        "seamark:radar_reflector": "yes",
        "seamark:type": "buoy_safe_water",
        "source": "US NGA Pub. 114. 2011-05-26."
      },
      "geometry": {
        "type": "Point",
        "coordinates": [
          0.8005333,
          50.9005833
        ]
      },
      "id": "node/1543890727"
    },
    {
      "type": "Feature",
      "properties": {
        "@id": "node/1546336271",
        "seamark:buoy_safe_water:colour": "red;white",
        "seamark:buoy_safe_water:colour_pattern": "vertical",
        "seamark:buoy_safe_water:shape": "pillar",
        "seamark:light:character": "LFl",
        "seamark:light:colour": "white",
        "seamark:light:period": "10",
        "seamark:name": "Lous Flak Light Buoy.",
        "seamark:radar_transponder:category": "racon",
        "seamark:radar_transponder:group": "G",
        "seamark:radar_transponder:period": "60",
        "seamark:radar_transponder:wavelength": "0.03-X;0.10-S",
        "seamark:topmark:colour": "red",
        "seamark:topmark:shape": "sphere",
        "seamark:type": "buoy_safe_water",
        "source": "US NGA Pub. 116. 2011-07-07."
      },
      "geometry": {
        "type": "Point",
        "coordinates": [
          12.711868,
          55.812857
        ]
      },
      "id": "node/1546336271"
    },
    {
      "type": "Feature",
      "properties": {
        "@id": "node/1553025193",
        "seamark:buoy_safe_water:colour": "red;white",
        "seamark:buoy_safe_water:colour_pattern": "vertical",
        "seamark:buoy_safe_water:shape": "spherical",
        "seamark:light:character": "LFl",
        "seamark:light:colour": "white",
        "seamark:light:period": "10",
        "seamark:name": "Fairway",
        "seamark:radar_transponder:category": "racon",
        "seamark:radar_transponder:group": "M",
        "seamark:radar_transponder:period": "75",
        "seamark:type": "buoy_safe_water",
        "source": "US NGA Pub. 114. 2011-05-26."
      },
      "geometry": {
        "type": "Point",
        "coordinates": [
          -3.9031667,
          57.66615
        ]
      },
      "id": "node/1553025193"
    },
    {
      "type": "Feature",
      "properties": {
        "@id": "node/1556358756",
        "ref:nga": "114-5976",
        "seamark:buoy_safe_water:colour": "red;white",
        "seamark:buoy_safe_water:colour_pattern": "vertical",
        "seamark:buoy_safe_water:shape": "pillar",
        "seamark:fog_signal:category": "whistle",
        "seamark:light:character": "LFl",
        "seamark:light:colour": "white",
        "seamark:light:period": "10",
        "seamark:name": "EW Grounds",
        "seamark:radar_transponder:category": "racon",
        "seamark:radar_transponder:group": "T",
        "seamark:radar_transponder:period": "30",
        "seamark:topmark:colour": "red",
        "seamark:topmark:shape": "sphere",
        "seamark:type": "buoy_safe_water",
        "source": "US NGA Pub. 114. 2011-05-26."
      },
      "geometry": {
        "type": "Point",
        "coordinates": [
          -2.9989667,
          51.4520833
        ]
      },
      "id": "node/1556358756"
    },
    {
      "type": "Feature",
      "properties": {
        "@id": "node/1556402288",
        "seamark:buoy_safe_water:colour": "red;white",
        "seamark:buoy_safe_water:colour_pattern": "vertical",
        "seamark:buoy_safe_water:shape": "pillar",
        "seamark:light:character": "Iso",
        "seamark:light:colour": "white",
        "seamark:light:group": "1",
        "seamark:light:period": "4",
        "seamark:light:reference": "A 4942.5",
        "seamark:name": "Formby",
        "seamark:topmark:colour": "red",
        "seamark:topmark:shape": "sphere",
        "seamark:type": "buoy_safe_water",
        "source": "US NGA Pub. 114. 2011-05-26."
      },
      "geometry": {
        "type": "Point",
        "coordinates": [
          -3.2247,
          53.5189167
        ]
      },
      "id": "node/1556402288"
    },
    {
      "type": "Feature",
      "properties": {
        "@id": "node/1556402412",
        "seamark:buoy_safe_water:colour": "red;white",
        "seamark:buoy_safe_water:colour_pattern": "vertical",
        "seamark:buoy_safe_water:shape": "pillar",
        "seamark:light:character": "LFl",
        "seamark:light:colour": "white",
        "seamark:light:group": "1",
        "seamark:light:period": "10",
        "seamark:name": "Gut",
        "seamark:type": "buoy_safe_water",
        "source": "US NGA Pub. 114. 2011-05-26."
      },
      "geometry": {
        "type": "Point",
        "coordinates": [
          -3.1496333,
          53.6960667
        ]
      },
      "id": "node/1556402412"
    },
    {
      "type": "Feature",
      "properties": {
        "@id": "node/1560691541",
        "name": "137",
        "seamark:buoy_safe_water:colour": "red;white",
        "seamark:buoy_safe_water:colour_pattern": "vertical",
        "seamark:buoy_safe_water:shape": "pillar",
        "seamark:light:colour": "white",
        "seamark:type": "buoy_safe_water",
        "source:name": "photograph"
      },
      "geometry": {
        "type": "Point",
        "coordinates": [
          118.8681668,
          32.1810937
        ]
      },
      "id": "node/1560691541"
    },
    {
      "type": "Feature",
      "properties": {
        "@id": "node/1561083785",
        "seamark:buoy_safe_water:colour": "red;white",
        "seamark:buoy_safe_water:colour_pattern": "vertical",
        "seamark:buoy_safe_water:shape": "pillar",
        "seamark:light:character": "Iso",
        "seamark:light:colour": "white",
        "seamark:light:group": "1",
        "seamark:light:period": "4",
        "seamark:light:range": "6",
        "seamark:name": "Dublin Bay",
        "seamark:radar_transponder:category": "racon",
        "seamark:radar_transponder:group": "M",
        "seamark:topmark:colour": "red",
        "seamark:topmark:shape": "sphere",
        "seamark:type": "buoy_safe_water",
        "source": "US NGA Pub. 114. 2011-05-26."
      },
      "geometry": {
        "type": "Point",
        "coordinates": [
          -6.0773167,
          53.33185
        ]
      },
      "id": "node/1561083785"
    },
    {
      "type": "Feature",
      "properties": {
        "@id": "node/1566190579",
        "seamark:buoy_safe_water:colour": "red;white",
        "seamark:buoy_safe_water:colour_pattern": "vertical",
        "seamark:buoy_safe_water:shape": "pillar",
        "seamark:light:character": "Mo",
        "seamark:light:colour": "white",
        "seamark:light:group": "A",
        "seamark:light:period": "10",
        "seamark:light:range": "7",
        "seamark:name": "Barcelona Approach",
        "seamark:radar_transponder:category": "racon",
        "seamark:radar_transponder:group": "B",
        "seamark:type": "buoy_safe_water",
        "source": "US NGA Pub. 113. 2011-10-20."
      },
      "geometry": {
        "type": "Point",
        "coordinates": [
          2.1806667,
          41.281217
        ]
      },
      "id": "node/1566190579"
    },
    {
      "type": "Feature",
      "properties": {
        "@id": "node/1566270088",
        "seamark:buoy_safe_water:colour": "red;white",
        "seamark:buoy_safe_water:colour_pattern": "vertical",
        "seamark:buoy_safe_water:shape": "pillar",
        "seamark:light:character": "LFl",
        "seamark:light:colour": "white",
        "seamark:light:period": "10",
        "seamark:light:range": "7",
        "seamark:light:sequence": "3+(7)",
        "seamark:name": "El Grao",
        "seamark:radar_transponder:category": "racon",
        "seamark:radar_transponder:group": "K",
        "seamark:topmark:shape": "sphere",
        "seamark:type": "buoy_safe_water",
        "source": "US NGA Pub. 113. 2011-10-20."
      },
      "geometry": {
        "type": "Point",
        "coordinates": [
          0.0453238,
          39.9531731
        ]
      },
      "id": "node/1566270088"
    },
    {
      "type": "Feature",
      "properties": {
        "@id": "node/1568139260",
        "seamark:buoy_safe_water:colour": "red;white",
        "seamark:buoy_safe_water:colour_pattern": "vertical",
        "seamark:buoy_safe_water:shape": "pillar",
        "seamark:light:character": "Fl",
        "seamark:light:colour": "white",
        "seamark:light:period": "10",
        "seamark:name": "1",
        "seamark:radar_transponder:category": "racon",
        "seamark:radar_transponder:group": "M",
        "seamark:topmark:shape": "sphere",
        "seamark:type": "buoy_safe_water",
        "source": "US NGA Pub. 113. 2011-10-20."
      },
      "geometry": {
        "type": "Point",
        "coordinates": [
          -6.4488167,
          36.76285
        ]
      },
      "id": "node/1568139260"
    },
    {
      "type": "Feature",
      "properties": {
        "@id": "node/1572880540",
        "seamark:buoy_safe_water:colour": "red;white",
        "seamark:buoy_safe_water:colour_pattern": "vertical",
        "seamark:name": "Buoy C.",
        "seamark:radar_reflector": "yes",
        "seamark:type": "buoy_safe_water"
      },
      "geometry": {
        "type": "Point",
        "coordinates": [
          23.9292245,
          57.0237676
        ]
      },
      "id": "node/1572880540"
    },
    {
      "type": "Feature",
      "properties": {
        "@id": "node/1581549022",
        "seamark:buoy_safe_water:colour": "red;white",
        "seamark:buoy_safe_water:colour_pattern": "vertical",
        "seamark:buoy_safe_water:shape": "can",
        "seamark:information": "Channel marked by IALA system buoys.",
        "seamark:light:character": "Iso",
        "seamark:light:colour": "white",
        "seamark:light:period": "4",
        "seamark:name": "Goulette 1",
        "seamark:type": "buoy_safe_water",
        "source": "US NGA Pub. 113. 2011-10-20."
      },
      "geometry": {
        "type": "Point",
        "coordinates": [
          10.3757333,
          36.78655
        ]
      },
      "id": "node/1581549022"
    },
    {
      "type": "Feature",
      "properties": {
        "@id": "node/1581564694",
        "seamark:buoy_safe_water:colour": "red;white",
        "seamark:buoy_safe_water:colour_pattern": "vertical",
        "seamark:buoy_safe_water:shape": "pillar",
        "seamark:light:character": "Iso",
        "seamark:light:colour": "white",
        "seamark:light:period": "6",
        "seamark:name": "No.0",
        "seamark:topmark:colour": "red",
        "seamark:topmark:shape": "sphere",
        "seamark:type": "buoy_safe_water",
        "source": "US NGA Pub. 113. 2011-10-20."
      },
      "geometry": {
        "type": "Point",
        "coordinates": [
          10.15,
          33.95
        ]
      },
      "id": "node/1581564694"
    },
    {
      "type": "Feature",
      "properties": {
        "@id": "node/1581573501",
        "seamark:buoy_safe_water:colour": "red;white",
        "seamark:buoy_safe_water:colour_pattern": "vertical",
        "seamark:buoy_safe_water:shape": "pillar",
        "seamark:light:character": "Mo",
        "seamark:light:colour": "white",
        "seamark:light:group": "Z",
        "seamark:light:period": "10",
        "seamark:light:reference": "E 6255.45",
        "seamark:name": "Az Zuwaytinah",
        "seamark:type": "buoy_safe_water",
        "source": "US NGA Pub. 113. 2011-10-20."
      },
      "geometry": {
        "type": "Point",
        "coordinates": [
          20.0118833,
          30.9307667
        ]
      },
      "id": "node/1581573501"
    },
    {
      "type": "Feature",
      "properties": {
        "@id": "node/1591493160",
        "seamark:buoy_safe_water:colour": "red;white",
        "seamark:buoy_safe_water:colour_pattern": "vertical",
        "seamark:buoy_safe_water:shape": "spherical",
        "seamark:light:character": "LFl",
        "seamark:light:colour": "white",
        "seamark:light:period": "10",
        "seamark:name": "STRANGFORD",
        "seamark:radio_station:category": "ais",
        "seamark:reference": "CIL01090",
        "seamark:source": "https://map.openseamap.org/ (ais)",
        "seamark:topmark:colour": "red",
        "seamark:topmark:shape": "sphere",
        "seamark:type": "buoy_safe_water",
        "source": "Commisioners of Irish Lights"
      },
      "geometry": {
        "type": "Point",
        "coordinates": [
          -5.476667,
          54.310278
        ]
      },
      "id": "node/1591493160"
    },
    {
      "type": "Feature",
      "properties": {
        "@id": "node/1593411492",
        "seamark:buoy_safe_water:colour": "red;white",
        "seamark:buoy_safe_water:colour_pattern": "vertical",
        "seamark:buoy_safe_water:shape": "spherical",
        "seamark:fog_signal:category": "whistle",
        "seamark:light:character": "LFl",
        "seamark:light:colour": "white",
        "seamark:light:period": "10",
        "seamark:name": "Cork",
        "seamark:radar_reflector": "yes",
        "seamark:radar_transponder:category": "racon",
        "seamark:radar_transponder:group": "T",
        "seamark:radio_station:category": "ais",
        "seamark:radio_station:mmsi": "992501100",
        "seamark:reference": "CIL00240",
        "seamark:topmark:colour": "red",
        "seamark:topmark:shape": "sphere",
        "seamark:type": "buoy_safe_water",
        "source": "US NGA Pub. 114. 2011-05-26."
      },
      "geometry": {
        "type": "Point",
        "coordinates": [
          -8.26017,
          51.71599
        ]
      },
      "id": "node/1593411492"
    },
    {
      "type": "Feature",
      "properties": {
        "@id": "node/1595122806",
        "seamark:buoy_safe_water:colour": "red;white",
        "seamark:buoy_safe_water:colour_pattern": "vertical",
        "seamark:buoy_safe_water:shape": "spherical",
        "seamark:light:character": "LFl",
        "seamark:light:colour": "white",
        "seamark:light:period": "10",
        "seamark:name": "FOYLE",
        "seamark:radio_station:category": "ais",
        "seamark:reference": "CIL01440",
        "seamark:source": "https://map.openseamap.org/ (ais)",
        "seamark:topmark:colour": "red",
        "seamark:topmark:shape": "sphere",
        "seamark:type": "buoy_safe_water",
        "source": "Commisioners of Irish Lights"
      },
      "geometry": {
        "type": "Point",
        "coordinates": [
          -6.876389,
          55.255278
        ]
      },
      "id": "node/1595122806"
    },
    {
      "type": "Feature",
      "properties": {
        "@id": "node/1607156993",
        "comment": "1299.2",
        "name": "Aylmer Is",
        "seamark:buoy_safe_water:colour": "red;white",
        "seamark:buoy_safe_water:colour_pattern": "vertical",
        "seamark:light:character": "Mo",
        "seamark:light:colour": "white",
        "seamark:light:group": "A",
        "seamark:light:period": "6",
        "seamark:type": "buoy_safe_water",
        "website": "https://www.notmar.gc.ca/eng/services/list/2009-inland-waters/i12333e2009.pdf"
      },
      "geometry": {
        "type": "Point",
        "coordinates": [
          -75.8885476,
          45.3973593
        ]
      },
      "id": "node/1607156993"
    },
    {
      "type": "Feature",
      "properties": {
        "@id": "node/1612078859",
        "comment": "1299.2 Red & white vertical stripes",
        "name": "Mo (A)",
        "seamark:buoy_safe_water:colour": "red;white",
        "seamark:buoy_safe_water:colour_pattern": "vertical",
        "seamark:light:character": "Fl",
        "seamark:light:colour": "white",
        "seamark:light:period": "6",
        "seamark:type": "buoy_safe_water"
      },
      "geometry": {
        "type": "Point",
        "coordinates": [
          -75.8669659,
          45.3941181
        ]
      },
      "id": "node/1612078859"
    },
    {
      "type": "Feature",
      "properties": {
        "@id": "node/1615154719",
        "name": "Mo(A)",
        "seamark:buoy_safe_water:colour": "red;white",
        "seamark:buoy_safe_water:colour_pattern": "vertical",
        "seamark:topmark:colour": "red",
        "seamark:topmark:shape": "sphere",
        "seamark:type": "buoy_safe_water"
      },
      "geometry": {
        "type": "Point",
        "coordinates": [
          -75.8697729,
          45.3983061
        ]
      },
      "id": "node/1615154719"
    },
    {
      "type": "Feature",
      "properties": {
        "@id": "node/1619549281",
        "note": "M-4",
        "seamark:buoy_safe_water:colour": "red;white",
        "seamark:buoy_safe_water:colour_pattern": "vertical",
        "seamark:buoy_safe_water:shape": "pillar",
        "seamark:name": "M-4",
        "seamark:topmark:colour": "red",
        "seamark:topmark:shape": "sphere",
        "seamark:type": "buoy_safe_water"
      },
      "geometry": {
        "type": "Point",
        "coordinates": [
          14.4178,
          53.86935
        ]
      },
      "id": "node/1619549281"
    },
    {
      "type": "Feature",
      "properties": {
        "@id": "node/1623161210",
        "seamark:buoy_safe_water:colour": "white;red",
        "seamark:buoy_safe_water:shape": "pillar",
        "seamark:name": "test",
        "seamark:type": "buoy_safe_water"
      },
      "geometry": {
        "type": "Point",
        "coordinates": [
          -75.86715,
          45.39539
        ]
      },
      "id": "node/1623161210"
    },
    {
      "type": "Feature",
      "properties": {
        "@id": "node/1624139955",
        "name": "Pława DZI",
        "note": "Approach Dziwnów",
        "seamark:buoy_safe_water:colour": "red;white",
        "seamark:buoy_safe_water:colour_pattern": "vertical",
        "seamark:buoy_safe_water:shape": "pillar",
        "seamark:light:character": "LFl",
        "seamark:light:colour": "white",
        "seamark:light:period": "10",
        "seamark:light:sequence": "3+(7)",
        "seamark:name": "DZ1",
        "seamark:radar_reflector": "yes",
        "seamark:type": "buoy_safe_water",
        "source": "US NGA Pub. 116. 2011-07-07.",
        "topmark:colour": "red",
        "topmark:shape": "sphere"
      },
      "geometry": {
        "type": "Point",
        "coordinates": [
          14.68443,
          54.05483
        ]
      },
      "id": "node/1624139955"
    },
    {
      "type": "Feature",
      "properties": {
        "@id": "node/1636539157",
        "note": "The Bell Buoy",
        "seamark:buoy_safe_water:colour": "white;red",
        "seamark:buoy_safe_water:shape": "pillar",
        "seamark:light:character": "LFl",
        "seamark:light:colour": "white",
        "seamark:light:period": "10",
        "seamark:name": "Bideford Fairway Buoy",
        "seamark:type": "buoy_safe_water"
      },
      "geometry": {
        "type": "Point",
        "coordinates": [
          -4.27044,
          51.08754
        ]
      },
      "id": "node/1636539157"
    },
    {
      "type": "Feature",
      "properties": {
        "@id": "node/1637446420",
        "seamark:buoy_safe_water:colour": "red;white",
        "seamark:buoy_safe_water:colour_pattern": "vertical",
        "seamark:buoy_safe_water:shape": "pillar",
        "seamark:light:character": "Mo",
        "seamark:light:colour": "white",
        "seamark:light:period": "10",
        "seamark:name": "Unen A",
        "seamark:topmark:colour": "red",
        "seamark:topmark:shape": "sphere",
        "seamark:type": "buoy_safe_water"
      },
      "geometry": {
        "type": "Point",
        "coordinates": [
          -58.29125,
          -34.493233
        ]
      },
      "id": "node/1637446420"
    },
    {
      "type": "Feature",
      "properties": {
        "@id": "node/1637460649",
        "seamark:buoy_safe_water:colour": "red;white",
        "seamark:buoy_safe_water:colour_pattern": "vertical",
        "seamark:buoy_safe_water:shape": "pillar",
        "seamark:light:character": "Mo",
        "seamark:light:colour": "white",
        "seamark:light:period": "6",
        "seamark:name": "Unen B",
        "seamark:topmark:colour": "red",
        "seamark:topmark:shape": "sphere",
        "seamark:type": "buoy_safe_water"
      },
      "geometry": {
        "type": "Point",
        "coordinates": [
          -58.326433,
          -34.514383
        ]
      },
      "id": "node/1637460649"
    },
    {
      "type": "Feature",
      "properties": {
        "@id": "node/1637595384",
        "seamark:buoy_safe_water:colour": "red;white",
        "seamark:buoy_safe_water:colour_pattern": "vertical",
        "seamark:buoy_safe_water:shape": "pillar",
        "seamark:light:character": "LFl",
        "seamark:light:colour": "white",
        "seamark:name": "Recalada Olivo",
        "seamark:topmark:colour": "red",
        "seamark:topmark:shape": "sphere",
        "seamark:type": "buoy_safe_water"
      },
      "geometry": {
        "type": "Point",
        "coordinates": [
          -58.4627753,
          -34.5011668
        ]
      },
      "id": "node/1637595384"
    },
    {
      "type": "Feature",
      "properties": {
        "@id": "node/1637595407",
        "seamark:buoy_safe_water:colour": "red;white",
        "seamark:buoy_safe_water:colour_pattern": "vertical",
        "seamark:buoy_safe_water:shape": "pillar",
        "seamark:light:colour": "white",
        "seamark:name": "Recalada Nunez",
        "seamark:topmark:colour": "red",
        "seamark:topmark:shape": "sphere",
        "seamark:type": "buoy_safe_water"
      },
      "geometry": {
        "type": "Point",
        "coordinates": [
          -58.4424167,
          -34.5312167
        ]
      },
      "id": "node/1637595407"
    },
    {
      "type": "Feature",
      "properties": {
        "@id": "node/1638776142",
        "seamark:buoy_safe_water:colour": "red;white",
        "seamark:buoy_safe_water:colour_pattern": "vertical",
        "seamark:buoy_safe_water:shape": "pillar",
        "seamark:light:colour": "white",
        "seamark:name": "Acc77-B(1)C/10s",
        "seamark:topmark:colour": "red",
        "seamark:topmark:shape": "sphere",
        "seamark:type": "buoy_safe_water"
      },
      "geometry": {
        "type": "Point",
        "coordinates": [
          -57.5508499,
          -34.7694969
        ]
      },
      "id": "node/1638776142"
    },
    {
      "type": "Feature",
      "properties": {
        "@id": "node/1638782789",
        "seamark:buoy_safe_water:colour": "red;white",
        "seamark:buoy_safe_water:colour_pattern": "vertical",
        "seamark:buoy_safe_water:shape": "pillar",
        "seamark:light:character": "Fl",
        "seamark:light:colour": "white",
        "seamark:name": "Acc87-B(1)C/10s",
        "seamark:topmark:colour": "red",
        "seamark:topmark:shape": "sphere",
        "seamark:type": "buoy_safe_water"
      },
      "geometry": {
        "type": "Point",
        "coordinates": [
          -57.4482572,
          -34.81304
        ]
      },
      "id": "node/1638782789"
    },
    {
      "type": "Feature",
      "properties": {
        "@id": "node/1638960076",
        "radar_transponder": "racon",
        "seamark:buoy_safe_water:colour": "red;white",
        "seamark:buoy_safe_water:colour_pattern": "vertical",
        "seamark:buoy_safe_water:shape": "pillar",
        "seamark:light:character": "Fl",
        "seamark:light:colour": "white",
        "seamark:name": "Acc81-Mo(a)C/15",
        "seamark:radar_transponder:category": "racon",
        "seamark:radar_transponder:group": "B",
        "seamark:topmark:colour": "red",
        "seamark:topmark:shape": "sphere",
        "seamark:type": "buoy_safe_water"
      },
      "geometry": {
        "type": "Point",
        "coordinates": [
          -57.5020981,
          -34.7849464
        ]
      },
      "id": "node/1638960076"
    },
    {
      "type": "Feature",
      "properties": {
        "@id": "node/1638969501",
        "name": "CarmInter",
        "seamark:buoy_safe_water:colour": "red;white",
        "seamark:buoy_safe_water:colour_pattern": "vertical",
        "seamark:buoy_safe_water:shape": "pillar",
        "seamark:light:character": "Fl",
        "seamark:light:colour": "white",
        "seamark:name": "CarmInter",
        "seamark:topmark:colour": "red",
        "seamark:topmark:shape": "sphere",
        "seamark:type": "buoy_safe_water"
      },
      "geometry": {
        "type": "Point",
        "coordinates": [
          -58.3006454,
          -34.0231776
        ]
      },
      "id": "node/1638969501"
    },
    {
      "type": "Feature",
      "properties": {
        "@id": "node/1639043725",
        "note": "The Bell Buoy",
        "seamark:buoy_safe_water:colour": "white;red",
        "seamark:buoy_safe_water:shape": "sphere",
        "seamark:light:character": "LFl",
        "seamark:light:colour": "white",
        "seamark:light:period": "10",
        "seamark:name": "Bideford Fairway",
        "seamark:radar_reflector": "yes",
        "seamark:topmark:colour": "red",
        "seamark:topmark:shape": "sphere",
        "seamark:type": "buoy_safe_water"
      },
      "geometry": {
        "type": "Point",
        "coordinates": [
          -4.27072,
          51.08772
        ]
      },
      "id": "node/1639043725"
    },
    {
      "type": "Feature",
      "properties": {
        "@id": "node/1648976908",
        "name": "IntN32-B(1)C/10",
        "place": "locality",
        "radar_reflector": "yes",
        "seamark:buoy_safe_water:colour": "red;white",
        "seamark:buoy_safe_water:colour_pattern": "vertical",
        "seamark:buoy_safe_water:shape": "pillar",
        "seamark:light:colour": "white",
        "seamark:radar_reflector": "yes",
        "seamark:topmark:colour": "red",
        "seamark:topmark:shape": "sphere",
        "seamark:type": "buoy_safe_water"
      },
      "geometry": {
        "type": "Point",
        "coordinates": [
          -57.2564272,
          -34.9501899
        ]
      },
      "id": "node/1648976908"
    },
    {
      "type": "Feature",
      "properties": {
        "@id": "node/1651878812",
        "seamark:buoy_safe_water:colour": "red;white",
        "seamark:buoy_safe_water:colour_pattern": "vertical",
        "seamark:buoy_safe_water:shape": "spherical",
        "seamark:light:character": "LFl",
        "seamark:light:exhibition": "night",
        "seamark:light:period": "10",
        "seamark:name": "Fairway",
        "seamark:type": "buoy_safe_water"
      },
      "geometry": {
        "type": "Point",
        "coordinates": [
          -3.9264,
          53.2991333
        ]
      },
      "id": "node/1651878812"
    },
    {
      "type": "Feature",
      "properties": {
        "@id": "node/1653367564",
        "seamark:buoy_safe_water:colour": "red;white",
        "seamark:buoy_safe_water:colour_pattern": "vertical",
        "seamark:buoy_safe_water:shape": "pillar",
        "seamark:information": "If there is a risk of ice the buoy will be unlit and has no topmark. If there is a risk of ice the buoy will not be replaced during the winter season.",
        "seamark:light:character": "Iso",
        "seamark:light:colour": "white",
        "seamark:light:period": "4",
        "seamark:light:sequence": "2.0+(2.0)",
        "seamark:lnam": "00B44010D19600B3",
        "seamark:name": "Osttief",
        "seamark:topmark:colour": "red",
        "seamark:topmark:shape": "sphere",
        "seamark:type": "buoy_safe_water"
      },
      "geometry": {
        "type": "Point",
        "coordinates": [
          13.992665,
          54.2245033
        ]
      },
      "id": "node/1653367564"
    },
    {
      "type": "Feature",
      "properties": {
        "@id": "node/1653394589",
        "seamark:buoy_safe_water:colour": "red;white",
        "seamark:buoy_safe_water:colour_pattern": "vertical",
        "seamark:buoy_safe_water:shape": "pillar",
        "seamark:information": "If there is a risk of ice the buoy will not be replaced during the winter season.",
        "seamark:light:character": "Oc",
        "seamark:light:colour": "white",
        "seamark:light:period": "4",
        "seamark:lnam": "00B44010D1960042",
        "seamark:name": "Landtief B",
        "seamark:topmark:colour": "red",
        "seamark:topmark:shape": "sphere",
        "seamark:type": "buoy_safe_water"
      },
      "geometry": {
        "type": "Point",
        "coordinates": [
          13.7636683,
          54.286585
        ]
      },
      "id": "node/1653394589"
    },
    {
      "type": "Feature",
      "properties": {
        "@id": "node/1653394609",
        "seamark:buoy_safe_water:colour": "red;white",
        "seamark:buoy_safe_water:colour_pattern": "vertical",
        "seamark:buoy_safe_water:shape": "pillar",
        "seamark:information": "If there is a risk of ice the buoy will not be replaced during the winter season.",
        "seamark:light:character": "Iso",
        "seamark:light:colour": "white",
        "seamark:light:period": "4",
        "seamark:lnam": "00B44010D1960094",
        "seamark:name": "Landtief A",
        "seamark:topmark:colour": "red",
        "seamark:topmark:shape": "sphere",
        "seamark:type": "buoy_safe_water"
      },
      "geometry": {
        "type": "Point",
        "coordinates": [
          13.851667,
          54.351167
        ]
      },
      "id": "node/1653394609"
    },
    {
      "type": "Feature",
      "properties": {
        "@id": "node/1655227101",
        "seamark:buoy_safe_water:colour": "red",
        "seamark:buoy_safe_water:shape": "spar",
        "seamark:light:character": "Fl",
        "seamark:light:colour": "red",
        "seamark:light:period": "4",
        "seamark:name": "Lumley Cove Inner light buoy MF6",
        "seamark:type": "buoy_safe_water"
      },
      "geometry": {
        "type": "Point",
        "coordinates": [
          -52.9456944,
          46.9708333
        ]
      },
      "id": "node/1655227101"
    },
    {
      "type": "Feature",
      "properties": {
        "@id": "node/1655227112",
        "seamark:buoy_safe_water:colour": "red",
        "seamark:buoy_safe_water:shape": "spar",
        "seamark:light:character": "Fl",
        "seamark:light:colour": "red",
        "seamark:light:period": "4",
        "seamark:name": "Lumley Cove Middle light buoy MF4",
        "seamark:type": "buoy_safe_water"
      },
      "geometry": {
        "type": "Point",
        "coordinates": [
          -52.9443056,
          46.9711111
        ]
      },
      "id": "node/1655227112"
    },
    {
      "type": "Feature",
      "properties": {
        "@id": "node/1655227133",
        "seamark:buoy_safe_water:colour": "red",
        "seamark:buoy_safe_water:shape": "spar",
        "seamark:light:character": "Fl",
        "seamark:light:colour": "red",
        "seamark:light:period": "4",
        "seamark:name": "Lumley Cove Outer light buoy MF2",
        "seamark:type": "buoy_safe_water"
      },
      "geometry": {
        "type": "Point",
        "coordinates": [
          -52.9430556,
          46.9713889
        ]
      },
      "id": "node/1655227133"
    },
    {
      "type": "Feature",
      "properties": {
        "@id": "node/1655883122",
        "seamark:buoy_safe_water:colour": "green",
        "seamark:buoy_safe_water:shape": "spar",
        "seamark:light:character": "Fl",
        "seamark:light:colour": "green",
        "seamark:light:period": "4",
        "seamark:name": "Topsail Head CW3",
        "seamark:type": "buoy_safe_water"
      },
      "geometry": {
        "type": "Point",
        "coordinates": [
          -52.9222222,
          47.5530556
        ]
      },
      "id": "node/1655883122"
    },
    {
      "type": "Feature",
      "properties": {
        "@id": "node/1655988525",
        "seamark:buoy_safe_water:colour": "red;white",
        "seamark:buoy_safe_water:colour_pattern": "vertical",
        "seamark:buoy_safe_water:shape": "spherical",
        "seamark:type": "buoy_safe_water"
      },
      "geometry": {
        "type": "Point",
        "coordinates": [
          1.2673,
          51.99268
        ]
      },
      "id": "node/1655988525"
    },
    {
      "type": "Feature",
      "properties": {
        "@id": "node/1656854552",
        "seamark:buoy_safe_water:colour": "red;white",
        "seamark:buoy_safe_water:colour_pattern": "vertical",
        "seamark:buoy_safe_water:shape": "pillar",
        "seamark:information": "The buoy will be withdrawn during the winter season.",
        "seamark:light:character": "Oc",
        "seamark:light:colour": "white",
        "seamark:light:period": "4",
        "seamark:lnam": "00B44010D19500D3",
        "seamark:name": "Koos",
        "seamark:topmark:colour": "red",
        "seamark:topmark:shape": "sphere",
        "seamark:type": "buoy_safe_water"
      },
      "geometry": {
        "type": "Point",
        "coordinates": [
          13.472247,
          54.184247
        ]
      },
      "id": "node/1656854552"
    },
    {
      "type": "Feature",
      "properties": {
        "@id": "node/1656854568",
        "seamark:buoy_safe_water:colour": "red;white",
        "seamark:buoy_safe_water:colour_pattern": "vertical",
        "seamark:buoy_safe_water:shape": "pillar",
        "seamark:information": "During the winter season the buoy will be replaced by a special ice buoy (unlit/no topmark)",
        "seamark:light:character": "Iso",
        "seamark:light:colour": "white",
        "seamark:light:period": "4",
        "seamark:lnam": "00B44010D19500F4",
        "seamark:name": "Thiessow",
        "seamark:topmark:colour": "red",
        "seamark:topmark:shape": "sphere",
        "seamark:type": "buoy_safe_water"
      },
      "geometry": {
        "type": "Point",
        "coordinates": [
          13.6572283,
          54.2575767
        ]
      },
      "id": "node/1656854568"
    },
    {
      "type": "Feature",
      "properties": {
        "@id": "node/1656854569",
        "seamark:buoy_safe_water:colour": "red;white",
        "seamark:buoy_safe_water:colour_pattern": "vertical",
        "seamark:buoy_safe_water:shape": "pillar",
        "seamark:information": "During the winter season the buoy will be replaced by a special ice buoy (unlit/no topmark)",
        "seamark:light:character": "Oc",
        "seamark:light:colour": "white",
        "seamark:light:period": "4",
        "seamark:lnam": "00B44010D19500F1",
        "seamark:name": "Zicker",
        "seamark:topmark:colour": "red",
        "seamark:topmark:shape": "sphere",
        "seamark:type": "buoy_safe_water"
      },
      "geometry": {
        "type": "Point",
        "coordinates": [
          13.6192567,
          54.279805
        ]
      },
      "id": "node/1656854569"
    },
    {
      "type": "Feature",
      "properties": {
        "@id": "node/1657032997",
        "seamark:buoy_safe_water:colour": "red;white",
        "seamark:buoy_safe_water:colour_pattern": "vertical",
        "seamark:buoy_safe_water:shape": "pillar",
        "seamark:information": "During the winter season the buoy will be replaced by a special ice buoy (unlit/no topmark)",
        "seamark:light:character": "Iso",
        "seamark:light:colour": "white",
        "seamark:light:period": "4",
        "seamark:lnam": "00B44010D19500CE",
        "seamark:name": "Lauterbach",
        "seamark:topmark:colour": "red",
        "seamark:topmark:shape": "sphere",
        "seamark:type": "buoy_safe_water"
      },
      "geometry": {
        "type": "Point",
        "coordinates": [
          13.4598517,
          54.2565417
        ]
      },
      "id": "node/1657032997"
    },
    {
      "type": "Feature",
      "properties": {
        "@id": "node/1657032998",
        "seamark:buoy_safe_water:colour": "red;white",
        "seamark:buoy_safe_water:colour_pattern": "vertical",
        "seamark:buoy_safe_water:shape": "pillar",
        "seamark:information": "During the winter season the buoy will be replaced by a special ice buoy (unlit/no topmark)",
        "seamark:light:character": "Oc",
        "seamark:light:colour": "white",
        "seamark:light:period": "4",
        "seamark:lnam": "00B44010D19500DD",
        "seamark:name": "Vilm",
        "seamark:topmark:colour": "red",
        "seamark:topmark:shape": "sphere",
        "seamark:type": "buoy_safe_water"
      },
      "geometry": {
        "type": "Point",
        "coordinates": [
          13.5132133,
          54.2632383
        ]
      },
      "id": "node/1657032998"
    },
    {
      "type": "Feature",
      "properties": {
        "@id": "node/1657033000",
        "seamark:buoy_safe_water:colour": "red;white",
        "seamark:buoy_safe_water:colour_pattern": "vertical",
        "seamark:buoy_safe_water:shape": "pillar",
        "seamark:information": "During the winter season the buoy will be replaced by a special ice buoy (unlit/no topmark)",
        "seamark:light:character": "Iso",
        "seamark:light:colour": "white",
        "seamark:light:period": "4",
        "seamark:lnam": "00B44010D18C0007",
        "seamark:name": "Reddevitz",
        "seamark:topmark:colour": "red",
        "seamark:topmark:shape": "sphere",
        "seamark:type": "buoy_safe_water"
      },
      "geometry": {
        "type": "Point",
        "coordinates": [
          13.569055,
          54.30914
        ]
      },
      "id": "node/1657033000"
    },
    {
      "type": "Feature",
      "properties": {
        "@id": "node/1667308984",
        "seamark:buoy_safe_water:colour": "red;white",
        "seamark:buoy_safe_water:colour_pattern": "vertical",
        "seamark:buoy_safe_water:shape": "pillar",
        "seamark:topmark:colour": "red",
        "seamark:topmark:shape": "sphere",
        "seamark:type": "buoy_safe_water"
      },
      "geometry": {
        "type": "Point",
        "coordinates": [
          -1.2280192,
          45.7964345
        ]
      },
      "id": "node/1667308984"
    },
    {
      "type": "Feature",
      "properties": {
        "@id": "node/1684571332",
        "seamark:buoy_safe_water:colour": "red;white",
        "seamark:buoy_safe_water:colour_pattern": "vertical",
        "seamark:buoy_safe_water:shape": "pillar",
        "seamark:information": "If there is a risk of ice the buoy will not be replaced during the winter season.",
        "seamark:light:character": "Iso",
        "seamark:light:colour": "white",
        "seamark:light:period": "4",
        "seamark:lnam": "00B44010D19400F9",
        "seamark:name": "Gellen",
        "seamark:topmark:colour": "red",
        "seamark:topmark:shape": "sphere",
        "seamark:type": "buoy_safe_water"
      },
      "geometry": {
        "type": "Point",
        "coordinates": [
          13.0602517,
          54.606035
        ]
      },
      "id": "node/1684571332"
    },
    {
      "type": "Feature",
      "properties": {
        "@id": "node/1689694103",
        "note": "2",
        "seamark:buoy_safe_water:colour": "red;white",
        "seamark:buoy_safe_water:colour_pattern": "vertical",
        "seamark:buoy_safe_water:shape": "pillar",
        "seamark:topmark:colour": "red",
        "seamark:topmark:shape": "sphere",
        "seamark:type": "buoy_safe_water"
      },
      "geometry": {
        "type": "Point",
        "coordinates": [
          13.2501701,
          52.5799138
        ]
      },
      "id": "node/1689694103"
    },
    {
      "type": "Feature",
      "properties": {
        "@id": "node/1699384271",
        "seamark:buoy_safe_water:colour": "red;white",
        "seamark:buoy_safe_water:colour_pattern": "vertical",
        "seamark:buoy_safe_water:shape": "pillar",
        "seamark:light:character": "LFl",
        "seamark:light:colour": "white",
        "seamark:name": "Qatar",
        "seamark:topmark:colour": "red",
        "seamark:topmark:colour_pattern": "vertical",
        "seamark:topmark:shape": "sphere",
        "seamark:type": "buoy_safe_water"
      },
      "geometry": {
        "type": "Point",
        "coordinates": [
          -5.087444,
          51.6957633
        ]
      },
      "id": "node/1699384271"
    },
    {
      "type": "Feature",
      "properties": {
        "@id": "node/1708384947",
        "seamark:buoy_safe_water:colour": "red;white",
        "seamark:buoy_safe_water:colour_pattern": "vertical",
        "seamark:light:colour": "white",
        "seamark:name": "中央No.2",
        "seamark:type": "buoy_safe_water"
      },
      "geometry": {
        "type": "Point",
        "coordinates": [
          139.7766248,
          35.2559487
        ]
      },
      "id": "node/1708384947"
    },
    {
      "type": "Feature",
      "properties": {
        "@id": "node/1708385093",
        "seamark:buoy_safe_water:colour": "red;white",
        "seamark:buoy_safe_water:colour_pattern": "vertical",
        "seamark:light:colour": "white",
        "seamark:name": "中央No.3",
        "seamark:type": "buoy_safe_water",
        "source": "Bing"
      },
      "geometry": {
        "type": "Point",
        "coordinates": [
          139.761889,
          35.2734449
        ]
      },
      "id": "node/1708385093"
    },
    {
      "type": "Feature",
      "properties": {
        "@id": "node/1708385097",
        "seamark:buoy_safe_water:colour": "red;white",
        "seamark:buoy_safe_water:colour_pattern": "vertical",
        "seamark:light:colour": "white",
        "seamark:name": "中央No.4",
        "seamark:type": "buoy_safe_water",
        "source": "Bing"
      },
      "geometry": {
        "type": "Point",
        "coordinates": [
          139.7472868,
          35.2903392
        ]
      },
      "id": "node/1708385097"
    },
    {
      "type": "Feature",
      "properties": {
        "@id": "node/1708385132",
        "seamark:buoy_safe_water:colour": "red;white",
        "seamark:buoy_safe_water:colour_pattern": "vertical",
        "seamark:light:colour": "white",
        "seamark:name": "中央No.5",
        "seamark:type": "buoy_safe_water",
        "source": "Bing"
      },
      "geometry": {
        "type": "Point",
        "coordinates": [
          139.7322222,
          35.3076443
        ]
      },
      "id": "node/1708385132"
    },
    {
      "type": "Feature",
      "properties": {
        "@id": "node/1708888378",
        "seamark:buoy_safe_water:colour": "red;white",
        "seamark:buoy_safe_water:colour_pattern": "vertical",
        "seamark:light:colour": "white",
        "seamark:name": "東京沖灯浮標",
        "seamark:type": "buoy_safe_water",
        "source": "Bing"
      },
      "geometry": {
        "type": "Point",
        "coordinates": [
          139.8565744,
          35.5416781
        ]
      },
      "id": "node/1708888378"
    },
    {
      "type": "Feature",
      "properties": {
        "@id": "node/1742611064",
        "seamark:buoy_safe_water:colour": "red;white",
        "seamark:buoy_safe_water:colour_pattern": "vertical",
        "seamark:buoy_safe_water:shape": "pillar",
        "seamark:light:character": "Iso",
        "seamark:light:colour": "white",
        "seamark:light:period": "8",
        "seamark:name": "Lister Tief",
        "seamark:source": "BfS (T)167/13 WSA Tönning",
        "seamark:topmark:colour": "red",
        "seamark:topmark:shape": "sphere",
        "seamark:type": "buoy_safe_water"
      },
      "geometry": {
        "type": "Point",
        "coordinates": [
          8.2799,
          55.0888
        ]
      },
      "id": "node/1742611064"
    },
    {
      "type": "Feature",
      "properties": {
        "@id": "node/1744433352",
        "note": "May 2012",
        "seamark:buoy_safe_water:colour": "red;white",
        "seamark:buoy_safe_water:colour_pattern": "vertical",
        "seamark:buoy_safe_water:shape": "spherical",
        "seamark:light:character": "LFl",
        "seamark:light:colour": "white",
        "seamark:light:period": "10",
        "seamark:name": "Orford Haven",
        "seamark:type": "buoy_safe_water"
      },
      "geometry": {
        "type": "Point",
        "coordinates": [
          1.470167,
          52.030833
        ]
      },
      "id": "node/1744433352"
    },
    {
      "type": "Feature",
      "properties": {
        "@id": "node/1747104412",
        "ref:vayla": "60623",
        "seamark:buoy_safe_water:colour": "red;white",
        "seamark:buoy_safe_water:colour_pattern": "vertical",
        "seamark:buoy_safe_water:shape": "spar",
        "seamark:name": "Ahossaari",
        "seamark:topmark:colour": "red",
        "seamark:topmark:shape": "sphere",
        "seamark:type": "buoy_safe_water"
      },
      "geometry": {
        "type": "Point",
        "coordinates": [
          28.6683171,
          62.6505063
        ]
      },
      "id": "node/1747104412"
    },
    {
      "type": "Feature",
      "properties": {
        "@id": "node/1747106339",
        "ref:vayla": "60642",
        "seamark:buoy_safe_water:colour": "red;white",
        "seamark:buoy_safe_water:colour_pattern": "vertical",
        "seamark:buoy_safe_water:shape": "spar",
        "seamark:name": "Ahossaari",
        "seamark:topmark:colour": "red",
        "seamark:topmark:shape": "sphere",
        "seamark:type": "buoy_safe_water"
      },
      "geometry": {
        "type": "Point",
        "coordinates": [
          28.6270431,
          62.7317914
        ]
      },
      "id": "node/1747106339"
    },
    {
      "type": "Feature",
      "properties": {
        "@id": "node/1751661450",
        "seamark:buoy_safe_water:colour": "red;white",
        "seamark:buoy_safe_water:colour_pattern": "vertical",
        "seamark:buoy_safe_water:shape": "spherical",
        "seamark:light:character": "Iso",
        "seamark:light:colour": "white",
        "seamark:light:period": "2",
        "seamark:name": "TST",
        "seamark:national_name": "尖沙咀",
        "seamark:type": "buoy_safe_water",
        "source": "eSeaGo"
      },
      "geometry": {
        "type": "Point",
        "coordinates": [
          114.1707833,
          22.28965
        ]
      },
      "id": "node/1751661450"
    },
    {
      "type": "Feature",
      "properties": {
        "@id": "node/1756736005",
        "seamark:buoy_safe_water:colour": "red;white",
        "seamark:buoy_safe_water:colour_pattern": "vertical",
        "seamark:buoy_safe_water:shape": "pillar",
        "seamark:light:character": "LFl",
        "seamark:light:period": "10",
        "seamark:name": "Fairway Buoy",
        "seamark:topmark:colour": "red",
        "seamark:topmark:shape": "sphere",
        "seamark:type": "buoy_safe_water"
      },
      "geometry": {
        "type": "Point",
        "coordinates": [
          -4.4166667,
          53.1075
        ]
      },
      "id": "node/1756736005"
    },
    {
      "type": "Feature",
      "properties": {
        "@id": "node/1787495566",
        "seamark:light:character": "Fl",
        "seamark:light:colour": "red",
        "seamark:light:period": "4",
        "seamark:name": "Saint-Jean - Feu amont",
        "seamark:type": "buoy_safe_water"
      },
      "geometry": {
        "type": "Point",
        "coordinates": [
          -73.2488133,
          45.3025612
        ]
      },
      "id": "node/1787495566"
    },
    {
      "type": "Feature",
      "properties": {
        "@id": "node/1802131797",
        "seamark:buoy_safe_water:colour": "red;white",
        "seamark:buoy_safe_water:colour_pattern": "vertical",
        "seamark:buoy_safe_water:shape": "pillar",
        "seamark:fog_signal:category": "whistle",
        "seamark:information": "During the winter season the buoy will be replaced by a special ice buoy (unlit/no topmark).",
        "seamark:light:character": "Iso",
        "seamark:light:colour": "white",
        "seamark:light:exhibition": "night",
        "seamark:light:period": "8",
        "seamark:lnam": "00B44010D194005A",
        "seamark:name": "Süderpiep",
        "seamark:topmark:colour": "red",
        "seamark:topmark:shape": "sphere",
        "seamark:type": "buoy_safe_water"
      },
      "geometry": {
        "type": "Point",
        "coordinates": [
          8.428333,
          54.097
        ]
      },
      "id": "node/1802131797"
    },
    {
      "type": "Feature",
      "properties": {
        "@id": "node/1804405846",
        "seamark:buoy_safe_water:colour": "red;white",
        "seamark:buoy_safe_water:colour_pattern": "vertical",
        "seamark:buoy_safe_water:shape": "pillar",
        "seamark:information": "If there is a risk of ice the buoy will be replaced by a special ice buoy (unlit/no topmark)",
        "seamark:light:character": "Iso",
        "seamark:light:colour": "white",
        "seamark:light:period": "4",
        "seamark:lnam": "00B44010D18D00FA",
        "seamark:name": "Norderelbe",
        "seamark:topmark:colour": "red",
        "seamark:topmark:shape": "sphere",
        "seamark:type": "buoy_safe_water"
      },
      "geometry": {
        "type": "Point",
        "coordinates": [
          8.42375,
          54.050967
        ]
      },
      "id": "node/1804405846"
    },
    {
      "type": "Feature",
      "properties": {
        "@id": "node/1815625252",
        "seamark:buoy_safe_water:colour": "red;white",
        "seamark:buoy_safe_water:colour_pattern": "vertical",
        "seamark:buoy_safe_water:shape": "spar",
        "seamark:construction": "metal",
        "seamark:information": "Anduvning til Skarø Havn",
        "seamark:source": "GPS survey",
        "seamark:topmark:colour": "red",
        "seamark:topmark:shape": "sphere",
        "seamark:type": "buoy_safe_water"
      },
      "geometry": {
        "type": "Point",
        "coordinates": [
          10.484864,
          55.0145801
        ]
      },
      "id": "node/1815625252"
    },
    {
      "type": "Feature",
      "properties": {
        "@id": "node/1824593616",
        "seamark:buoy_safe_water:colour": "red;white",
        "seamark:buoy_safe_water:colour_pattern": "vertical",
        "seamark:buoy_safe_water:shape": "spar",
        "seamark:name": "Sipoonselkä 1",
        "seamark:type": "buoy_safe_water"
      },
      "geometry": {
        "type": "Point",
        "coordinates": [
          25.2682504,
          60.1895633
        ]
      },
      "id": "node/1824593616"
    },
    {
      "type": "Feature",
      "properties": {
        "@id": "node/1824593692",
        "seamark:buoy_safe_water:colour": "red;white",
        "seamark:buoy_safe_water:colour_pattern": "vertical",
        "seamark:buoy_safe_water:shape": "spar",
        "seamark:name": "Vinberg",
        "seamark:type": "buoy_safe_water"
      },
      "geometry": {
        "type": "Point",
        "coordinates": [
          25.2828543,
          60.191474
        ]
      },
      "id": "node/1824593692"
    },
    {
      "type": "Feature",
      "properties": {
        "@id": "node/1824593696",
        "seamark:buoy_safe_water:colour": "red;white",
        "seamark:buoy_safe_water:colour_pattern": "vertical",
        "seamark:buoy_safe_water:shape": "spherical",
        "seamark:light:character": "LFl",
        "seamark:light:colour": "white",
        "seamark:light:period": "6",
        "seamark:light:range": "3",
        "seamark:name": "4",
        "seamark:type": "buoy_safe_water"
      },
      "geometry": {
        "type": "Point",
        "coordinates": [
          27.7678538,
          60.1917473
        ]
      },
      "id": "node/1824593696"
    },
    {
      "type": "Feature",
      "properties": {
        "@id": "node/1824593844",
        "seamark:buoy_safe_water:colour": "red;white",
        "seamark:buoy_safe_water:colour_pattern": "vertical",
        "seamark:buoy_safe_water:shape": "spar",
        "seamark:type": "buoy_safe_water"
      },
      "geometry": {
        "type": "Point",
        "coordinates": [
          25.3306484,
          60.1976044
        ]
      },
      "id": "node/1824593844"
    },
    {
      "type": "Feature",
      "properties": {
        "@id": "node/1824593868",
        "seamark:buoy_safe_water:colour": "red;white",
        "seamark:buoy_safe_water:colour_pattern": "vertical",
        "seamark:buoy_safe_water:shape": "spherical",
        "seamark:name": "No 16",
        "seamark:type": "buoy_safe_water"
      },
      "geometry": {
        "type": "Point",
        "coordinates": [
          27.2933033,
          60.2002217
        ]
      },
      "id": "node/1824593868"
    },
    {
      "type": "Feature",
      "properties": {
        "@id": "node/1824593869",
        "seamark:buoy_safe_water:colour": "red;white",
        "seamark:buoy_safe_water:colour_pattern": "vertical",
        "seamark:buoy_safe_water:shape": "spar",
        "seamark:type": "buoy_safe_water"
      },
      "geometry": {
        "type": "Point",
        "coordinates": [
          25.3568275,
          60.2011137
        ]
      },
      "id": "node/1824593869"
    },
    {
      "type": "Feature",
      "properties": {
        "@id": "node/1824594079",
        "seamark:buoy_safe_water:colour": "red;white",
        "seamark:buoy_safe_water:colour_pattern": "vertical",
        "seamark:buoy_safe_water:shape": "spherical",
        "seamark:name": "No 15",
        "seamark:type": "buoy_safe_water"
      },
      "geometry": {
        "type": "Point",
        "coordinates": [
          27.4566867,
          60.22309
        ]
      },
      "id": "node/1824594079"
    },
    {
      "type": "Feature",
      "properties": {
        "@id": "node/1824594370",
        "seamark:buoy_safe_water:colour": "red;white",
        "seamark:buoy_safe_water:colour_pattern": "vertical",
        "seamark:buoy_safe_water:shape": "spar",
        "seamark:type": "buoy_safe_water"
      },
      "geometry": {
        "type": "Point",
        "coordinates": [
          25.7532667,
          60.240095
        ]
      },
      "id": "node/1824594370"
    },
    {
      "type": "Feature",
      "properties": {
        "@id": "node/1824594442",
        "seamark:buoy_safe_water:colour": "red;white",
        "seamark:buoy_safe_water:colour_pattern": "vertical",
        "seamark:buoy_safe_water:shape": "spar",
        "seamark:type": "buoy_safe_water"
      },
      "geometry": {
        "type": "Point",
        "coordinates": [
          25.73579,
          60.2449167
        ]
      },
      "id": "node/1824594442"
    },
    {
      "type": "Feature",
      "properties": {
        "@id": "node/1824594811",
        "seamark:buoy_safe_water:colour": "red;white",
        "seamark:buoy_safe_water:colour_pattern": "vertical",
        "seamark:buoy_safe_water:shape": "spar",
        "seamark:type": "buoy_safe_water"
      },
      "geometry": {
        "type": "Point",
        "coordinates": [
          27.5044988,
          60.2546486
        ]
      },
      "id": "node/1824594811"
    },
    {
      "type": "Feature",
      "properties": {
        "@id": "node/1824594817",
        "seamark:buoy_safe_water:colour": "red;white",
        "seamark:buoy_safe_water:colour_pattern": "vertical",
        "seamark:buoy_safe_water:shape": "spar",
        "seamark:type": "buoy_safe_water"
      },
      "geometry": {
        "type": "Point",
        "coordinates": [
          25.7029567,
          60.25488
        ]
      },
      "id": "node/1824594817"
    },
    {
      "type": "Feature",
      "properties": {
        "@id": "node/1824595026",
        "seamark:buoy_safe_water:colour": "red;white",
        "seamark:buoy_safe_water:colour_pattern": "vertical",
        "seamark:buoy_safe_water:shape": "spar",
        "seamark:type": "buoy_safe_water"
      },
      "geometry": {
        "type": "Point",
        "coordinates": [
          25.6897183,
          60.2593383
        ]
      },
      "id": "node/1824595026"
    },
    {
      "type": "Feature",
      "properties": {
        "@id": "node/1824595711",
        "seamark:buoy_safe_water:colour": "red;white",
        "seamark:buoy_safe_water:colour_pattern": "vertical",
        "seamark:buoy_safe_water:shape": "spar",
        "seamark:type": "buoy_safe_water"
      },
      "geometry": {
        "type": "Point",
        "coordinates": [
          27.5452618,
          60.2798339
        ]
      },
      "id": "node/1824595711"
    },
    {
      "type": "Feature",
      "properties": {
        "@id": "node/1824596790",
        "seamark:buoy_safe_water:colour": "red;white",
        "seamark:buoy_safe_water:colour_pattern": "vertical",
        "seamark:buoy_safe_water:shape": "spar",
        "seamark:type": "buoy_safe_water"
      },
      "geometry": {
        "type": "Point",
        "coordinates": [
          27.5859031,
          60.3051404
        ]
      },
      "id": "node/1824596790"
    },
    {
      "type": "Feature",
      "properties": {
        "@id": "node/1824597733",
        "seamark:buoy_safe_water:colour": "red;white",
        "seamark:buoy_safe_water:colour_pattern": "vertical",
        "seamark:buoy_safe_water:shape": "spar",
        "seamark:type": "buoy_safe_water"
      },
      "geometry": {
        "type": "Point",
        "coordinates": [
          27.6698019,
          60.3570991
        ]
      },
      "id": "node/1824597733"
    },
    {
      "type": "Feature",
      "properties": {
        "@id": "node/1824597954",
        "seamark:buoy_safe_water:colour": "red;white",
        "seamark:buoy_safe_water:colour_pattern": "vertical",
        "seamark:buoy_safe_water:shape": "spherical",
        "seamark:light:character": "LFl",
        "seamark:light:colour": "white",
        "seamark:light:period": "6",
        "seamark:light:range": "3",
        "seamark:name": "Yubileynyy",
        "seamark:radar_reflector": "yes",
        "seamark:type": "buoy_safe_water"
      },
      "geometry": {
        "type": "Point",
        "coordinates": [
          28.5529717,
          60.371205
        ]
      },
      "id": "node/1824597954"
    },
    {
      "type": "Feature",
      "properties": {
        "@id": "node/1824598199",
        "seamark:buoy_safe_water:colour": "red;white",
        "seamark:buoy_safe_water:colour_pattern": "vertical",
        "seamark:buoy_safe_water:shape": "spar",
        "seamark:type": "buoy_safe_water"
      },
      "geometry": {
        "type": "Point",
        "coordinates": [
          27.7255712,
          60.3918262
        ]
      },
      "id": "node/1824598199"
    },
    {
      "type": "Feature",
      "properties": {
        "@id": "node/1824598212",
        "seamark:buoy_safe_water:colour": "red;white",
        "seamark:buoy_safe_water:colour_pattern": "vertical",
        "seamark:buoy_safe_water:shape": "spar",
        "seamark:type": "buoy_safe_water"
      },
      "geometry": {
        "type": "Point",
        "coordinates": [
          26.7148797,
          60.3931185
        ]
      },
      "id": "node/1824598212"
    },
    {
      "type": "Feature",
      "properties": {
        "@id": "node/1824598388",
        "seamark:buoy_safe_water:colour": "red;white",
        "seamark:buoy_safe_water:colour_pattern": "vertical",
        "seamark:buoy_safe_water:shape": "spherical",
        "seamark:light:character": "LFl",
        "seamark:light:colour": "white",
        "seamark:light:period": "6",
        "seamark:light:range": "3",
        "seamark:name": "Khalli",
        "seamark:radar_reflector": "yes",
        "seamark:type": "buoy_safe_water"
      },
      "geometry": {
        "type": "Point",
        "coordinates": [
          28.0816667,
          60.4088183
        ]
      },
      "id": "node/1824598388"
    },
    {
      "type": "Feature",
      "properties": {
        "@id": "node/1824598496",
        "seamark:buoy_safe_water:colour": "red;white",
        "seamark:buoy_safe_water:colour_pattern": "vertical",
        "seamark:buoy_safe_water:shape": "spar",
        "seamark:type": "buoy_safe_water"
      },
      "geometry": {
        "type": "Point",
        "coordinates": [
          26.8344763,
          60.4174043
        ]
      },
      "id": "node/1824598496"
    },
    {
      "type": "Feature",
      "properties": {
        "@id": "node/1824598742",
        "seamark:buoy_safe_water:colour": "red;white",
        "seamark:buoy_safe_water:colour_pattern": "vertical",
        "seamark:buoy_safe_water:shape": "spherical",
        "seamark:light:character": "LFl",
        "seamark:light:colour": "white",
        "seamark:light:period": "6",
        "seamark:light:range": "3",
        "seamark:name": "1",
        "seamark:radar_reflector": "yes",
        "seamark:type": "buoy_safe_water"
      },
      "geometry": {
        "type": "Point",
        "coordinates": [
          28.2119683,
          60.4291133
        ]
      },
      "id": "node/1824598742"
    },
    {
      "type": "Feature",
      "properties": {
        "@id": "node/1824598766",
        "seamark:buoy_safe_water:colour": "red;white",
        "seamark:buoy_safe_water:colour_pattern": "vertical",
        "seamark:buoy_safe_water:shape": "spherical",
        "seamark:light:character": "LFl",
        "seamark:light:colour": "white",
        "seamark:light:period": "6",
        "seamark:light:range": "2",
        "seamark:radar_reflector": "yes",
        "seamark:type": "buoy_safe_water"
      },
      "geometry": {
        "type": "Point",
        "coordinates": [
          27.731991,
          60.4321859
        ]
      },
      "id": "node/1824598766"
    },
    {
      "type": "Feature",
      "properties": {
        "@id": "node/1824598831",
        "seamark:buoy_safe_water:colour": "red;white",
        "seamark:buoy_safe_water:colour_pattern": "vertical",
        "seamark:buoy_safe_water:shape": "spar",
        "seamark:type": "buoy_safe_water"
      },
      "geometry": {
        "type": "Point",
        "coordinates": [
          27.6942896,
          60.4376937
        ]
      },
      "id": "node/1824598831"
    },
    {
      "type": "Feature",
      "properties": {
        "@id": "node/1824598841",
        "seamark:buoy_safe_water:colour": "red;white",
        "seamark:buoy_safe_water:colour_pattern": "vertical",
        "seamark:buoy_safe_water:shape": "spar",
        "seamark:type": "buoy_safe_water"
      },
      "geometry": {
        "type": "Point",
        "coordinates": [
          26.981455,
          60.4383633
        ]
      },
      "id": "node/1824598841"
    },
    {
      "type": "Feature",
      "properties": {
        "@id": "node/1824599053",
        "seamark:buoy_safe_water:colour": "red;white",
        "seamark:buoy_safe_water:colour_pattern": "vertical",
        "seamark:buoy_safe_water:shape": "spherical",
        "seamark:light:character": "LFl",
        "seamark:light:colour": "white",
        "seamark:light:period": "6",
        "seamark:light:range": "3",
        "seamark:name": "3",
        "seamark:radar_reflector": "yes",
        "seamark:type": "buoy_safe_water"
      },
      "geometry": {
        "type": "Point",
        "coordinates": [
          27.9975683,
          60.446985
        ]
      },
      "id": "node/1824599053"
    },
    {
      "type": "Feature",
      "properties": {
        "@id": "node/1824599242",
        "seamark:buoy_safe_water:colour": "red;white",
        "seamark:buoy_safe_water:colour_pattern": "vertical",
        "seamark:buoy_safe_water:shape": "spherical",
        "seamark:light:character": "LFl",
        "seamark:light:colour": "white",
        "seamark:light:period": "6",
        "seamark:light:range": "3",
        "seamark:name": "2",
        "seamark:radar_reflector": "yes",
        "seamark:type": "buoy_safe_water"
      },
      "geometry": {
        "type": "Point",
        "coordinates": [
          28.084515,
          60.4519117
        ]
      },
      "id": "node/1824599242"
    },
    {
      "type": "Feature",
      "properties": {
        "@id": "node/1824599527",
        "seamark:buoy_safe_water:colour": "red;white",
        "seamark:buoy_safe_water:colour_pattern": "vertical",
        "seamark:buoy_safe_water:shape": "spar",
        "seamark:name": "Lapurinhiekka",
        "seamark:type": "buoy_safe_water"
      },
      "geometry": {
        "type": "Point",
        "coordinates": [
          27.7092548,
          60.4680086
        ]
      },
      "id": "node/1824599527"
    },
    {
      "type": "Feature",
      "properties": {
        "@id": "node/1824599547",
        "seamark:buoy_safe_water:colour": "red;white",
        "seamark:buoy_safe_water:colour_pattern": "vertical",
        "seamark:buoy_safe_water:shape": "spar",
        "seamark:type": "buoy_safe_water"
      },
      "geometry": {
        "type": "Point",
        "coordinates": [
          27.7481498,
          60.4693542
        ]
      },
      "id": "node/1824599547"
    },
    {
      "type": "Feature",
      "properties": {
        "@id": "node/1824599573",
        "seamark:buoy_safe_water:colour": "red;white",
        "seamark:buoy_safe_water:colour_pattern": "vertical",
        "seamark:buoy_safe_water:shape": "pillar",
        "seamark:light:character": "LFl",
        "seamark:light:colour": "white",
        "seamark:light:period": "6",
        "seamark:light:range": "3",
        "seamark:name": "2",
        "seamark:radar_reflector": "yes",
        "seamark:type": "buoy_safe_water"
      },
      "geometry": {
        "type": "Point",
        "coordinates": [
          28.3544667,
          60.471115
        ]
      },
      "id": "node/1824599573"
    },
    {
      "type": "Feature",
      "properties": {
        "@id": "node/1824599595",
        "seamark:buoy_safe_water:colour": "red;white",
        "seamark:buoy_safe_water:colour_pattern": "vertical",
        "seamark:buoy_safe_water:shape": "spar",
        "seamark:name": "Lukkari",
        "seamark:type": "buoy_safe_water"
      },
      "geometry": {
        "type": "Point",
        "coordinates": [
          27.7251971,
          60.4726573
        ]
      },
      "id": "node/1824599595"
    },
    {
      "type": "Feature",
      "properties": {
        "@id": "node/1824599803",
        "seamark:buoy_safe_water:colour": "red;white",
        "seamark:buoy_safe_water:colour_pattern": "vertical",
        "seamark:buoy_safe_water:shape": "spherical",
        "seamark:light:character": "LFl",
        "seamark:light:colour": "white",
        "seamark:light:period": "6",
        "seamark:light:range": "3",
        "seamark:name": "1",
        "seamark:radar_reflector": "yes",
        "seamark:type": "buoy_safe_water"
      },
      "geometry": {
        "type": "Point",
        "coordinates": [
          28.1401533,
          60.4886433
        ]
      },
      "id": "node/1824599803"
    },
    {
      "type": "Feature",
      "properties": {
        "@id": "node/1824599807",
        "seamark:buoy_safe_water:colour": "red;white",
        "seamark:buoy_safe_water:colour_pattern": "vertical",
        "seamark:buoy_safe_water:shape": "spar",
        "seamark:type": "buoy_safe_water"
      },
      "geometry": {
        "type": "Point",
        "coordinates": [
          27.7683834,
          60.4891092
        ]
      },
      "id": "node/1824599807"
    },
    {
      "type": "Feature",
      "properties": {
        "@id": "node/1824599885",
        "seamark:buoy_safe_water:colour": "red;white",
        "seamark:buoy_safe_water:colour_pattern": "vertical",
        "seamark:buoy_safe_water:shape": "spar",
        "seamark:type": "buoy_safe_water"
      },
      "geometry": {
        "type": "Point",
        "coordinates": [
          27.7648685,
          60.4955059
        ]
      },
      "id": "node/1824599885"
    },
    {
      "type": "Feature",
      "properties": {
        "@id": "node/1824600335",
        "seamark:buoy_safe_water:colour": "red;white",
        "seamark:buoy_safe_water:colour_pattern": "vertical",
        "seamark:buoy_safe_water:shape": "spar",
        "seamark:type": "buoy_safe_water"
      },
      "geometry": {
        "type": "Point",
        "coordinates": [
          27.7684645,
          60.5039481
        ]
      },
      "id": "node/1824600335"
    },
    {
      "type": "Feature",
      "properties": {
        "@id": "node/1824600406",
        "seamark:buoy_safe_water:colour": "red;white",
        "seamark:buoy_safe_water:colour_pattern": "vertical",
        "seamark:buoy_safe_water:shape": "spar",
        "seamark:type": "buoy_safe_water"
      },
      "geometry": {
        "type": "Point",
        "coordinates": [
          27.7762503,
          60.5077023
        ]
      },
      "id": "node/1824600406"
    },
    {
      "type": "Feature",
      "properties": {
        "@id": "node/1824600921",
        "seamark:buoy_safe_water:colour": "red;white",
        "seamark:buoy_safe_water:colour_pattern": "vertical",
        "seamark:buoy_safe_water:shape": "pillar",
        "seamark:light:character": "LFl",
        "seamark:light:colour": "white",
        "seamark:light:period": "6",
        "seamark:light:range": "3",
        "seamark:name": "3",
        "seamark:type": "buoy_safe_water"
      },
      "geometry": {
        "type": "Point",
        "coordinates": [
          28.3544417,
          60.5457067
        ]
      },
      "id": "node/1824600921"
    },
    {
      "type": "Feature",
      "properties": {
        "@id": "node/1824601094",
        "seamark:buoy_safe_water:colour": "red;white",
        "seamark:buoy_safe_water:colour_pattern": "vertical",
        "seamark:buoy_safe_water:shape": "pillar",
        "seamark:light:character": "LFl",
        "seamark:light:colour": "white",
        "seamark:light:period": "6",
        "seamark:light:range": "5",
        "seamark:name": "Lotmanskiy",
        "seamark:radar_reflector": "yes",
        "seamark:type": "buoy_safe_water"
      },
      "geometry": {
        "type": "Point",
        "coordinates": [
          28.4054417,
          60.5749767
        ]
      },
      "id": "node/1824601094"
    },
    {
      "type": "Feature",
      "properties": {
        "@id": "node/1824669755",
        "seamark:buoy_safe_water:colour": "red;white",
        "seamark:buoy_safe_water:colour_pattern": "vertical",
        "seamark:buoy_safe_water:shape": "pillar",
        "seamark:radar_reflector": "yes",
        "seamark:topmark:colour": "red",
        "seamark:topmark:shape": "sphere",
        "seamark:type": "buoy_safe_water"
      },
      "geometry": {
        "type": "Point",
        "coordinates": [
          10.7170132,
          54.9817963
        ]
      },
      "id": "node/1824669755"
    },
    {
      "type": "Feature",
      "properties": {
        "@id": "node/1834717336",
        "seamark:buoy_safe_water:colour": "red;white",
        "seamark:buoy_safe_water:colour_pattern": "vertical",
        "seamark:buoy_safe_water:shape": "pillar",
        "seamark:light:character": "Iso",
        "seamark:light:colour": "white",
        "seamark:light:period": "4",
        "seamark:lnam": "00B44010D1950032",
        "seamark:name": "Otzumer Balje",
        "seamark:source": "BfS 44/25 WSA Ems-Nordsee",
        "seamark:topmark:colour": "red",
        "seamark:topmark:shape": "sphere",
        "seamark:type": "buoy_safe_water"
      },
      "geometry": {
        "type": "Point",
        "coordinates": [
          7.60001,
          53.80515
        ]
      },
      "id": "node/1834717336"
    },
    {
      "type": "Feature",
      "properties": {
        "@id": "node/1835634867",
        "seamark:buoy_safe_water:colour": "red;white",
        "seamark:buoy_safe_water:colour_pattern": "vertical",
        "seamark:buoy_safe_water:shape": "pillar",
        "seamark:light:character": "Iso",
        "seamark:light:colour": "white",
        "seamark:light:period": "4",
        "seamark:lnam": "00B44010D18E0035",
        "seamark:name": "Dovetief",
        "seamark:topmark:colour": "red",
        "seamark:topmark:shape": "sphere",
        "seamark:type": "buoy_safe_water"
      },
      "geometry": {
        "type": "Point",
        "coordinates": [
          7.21145,
          53.7578167
        ]
      },
      "id": "node/1835634867"
    },
    {
      "type": "Feature",
      "properties": {
        "@id": "node/1837891454",
        "seamark:buoy_safe_water:colour": "red;white",
        "seamark:buoy_safe_water:colour_pattern": "vertical",
        "seamark:buoy_safe_water:shape": "spar",
        "seamark:information": "If there is a risk of ice the buoy has no topmark.",
        "seamark:lnam": "00B44010D1930096",
        "seamark:name": "Holtknobsloch",
        "seamark:topmark:colour": "red",
        "seamark:topmark:shape": "sphere",
        "seamark:type": "buoy_safe_water"
      },
      "geometry": {
        "type": "Point",
        "coordinates": [
          8.173017,
          54.668283
        ]
      },
      "id": "node/1837891454"
    },
    {
      "type": "Feature",
      "properties": {
        "@id": "node/1838324291",
        "seamark:buoy_safe_water:colour": "red;white",
        "seamark:buoy_safe_water:colour_pattern": "vertical",
        "seamark:buoy_safe_water:shape": "pillar",
        "seamark:light:character": "Mo",
        "seamark:light:colour": "white",
        "seamark:light:period": "6",
        "seamark:name": "Soouthern Harbour ES",
        "seamark:type": "buoy_safe_water"
      },
      "geometry": {
        "type": "Point",
        "coordinates": [
          -53.9769444,
          47.6979167
        ]
      },
      "id": "node/1838324291"
    },
    {
      "type": "Feature",
      "properties": {
        "@id": "node/1838781053",
        "seamark:buoy_safe_water:colour": "red;white",
        "seamark:buoy_safe_water:colour_pattern": "vertical",
        "seamark:buoy_safe_water:shape": "pillar",
        "seamark:light:character": "Mo",
        "seamark:light:colour": "white",
        "seamark:light:period": "6",
        "seamark:name": "Arnold's Cove EA",
        "seamark:type": "buoy_safe_water"
      },
      "geometry": {
        "type": "Point",
        "coordinates": [
          -54.0138889,
          47.7463889
        ]
      },
      "id": "node/1838781053"
    },
    {
      "type": "Feature",
      "properties": {
        "@id": "node/1840970998",
        "seamark:buoy_safe_water:colour": "red;white",
        "seamark:buoy_safe_water:colour_pattern": "vertical",
        "seamark:buoy_safe_water:shape": "spar",
        "seamark:type": "buoy_safe_water"
      },
      "geometry": {
        "type": "Point",
        "coordinates": [
          22.6218036,
          59.7150272
        ]
      },
      "id": "node/1840970998"
    },
    {
      "type": "Feature",
      "properties": {
        "@id": "node/1840976670",
        "seamark:buoy_safe_water:colour": "red;white",
        "seamark:buoy_safe_water:colour_pattern": "vertical",
        "seamark:buoy_safe_water:shape": "spar",
        "seamark:type": "buoy_safe_water"
      },
      "geometry": {
        "type": "Point",
        "coordinates": [
          24.5235387,
          59.9887963
        ]
      },
      "id": "node/1840976670"
    },
    {
      "type": "Feature",
      "properties": {
        "@id": "node/1840977083",
        "seamark:buoy_safe_water:colour": "red;white",
        "seamark:buoy_safe_water:colour_pattern": "vertical",
        "seamark:buoy_safe_water:shape": "spar",
        "seamark:type": "buoy_safe_water"
      },
      "geometry": {
        "type": "Point",
        "coordinates": [
          24.5356539,
          59.995709
        ]
      },
      "id": "node/1840977083"
    },
    {
      "type": "Feature",
      "properties": {
        "@id": "node/1840977454",
        "seamark:buoy_safe_water:colour": "red;white",
        "seamark:buoy_safe_water:colour_pattern": "vertical",
        "seamark:buoy_safe_water:shape": "spar",
        "seamark:type": "buoy_safe_water"
      },
      "geometry": {
        "type": "Point",
        "coordinates": [
          24.5585387,
          60.0087235
        ]
      },
      "id": "node/1840977454"
    },
    {
      "type": "Feature",
      "properties": {
        "@id": "node/1840977705",
        "seamark:buoy_safe_water:colour": "red;white",
        "seamark:buoy_safe_water:colour_pattern": "vertical",
        "seamark:buoy_safe_water:shape": "spar",
        "seamark:type": "buoy_safe_water"
      },
      "geometry": {
        "type": "Point",
        "coordinates": [
          24.5731618,
          60.0170805
        ]
      },
      "id": "node/1840977705"
    },
    {
      "type": "Feature",
      "properties": {
        "@id": "node/1840978266",
        "seamark:buoy_safe_water:colour": "red;white",
        "seamark:buoy_safe_water:colour_pattern": "vertical",
        "seamark:buoy_safe_water:shape": "spar",
        "seamark:type": "buoy_safe_water"
      },
      "geometry": {
        "type": "Point",
        "coordinates": [
          24.574134,
          60.0399054
        ]
      },
      "id": "node/1840978266"
    },
    {
      "type": "Feature",
      "properties": {
        "@id": "node/1891357196",
        "seamark:buoy_safe_water:colour": "red;white",
        "seamark:buoy_safe_water:colour_pattern": "vertical",
        "seamark:buoy_safe_water:shape": "pillar",
        "seamark:light:character": "LFl",
        "seamark:light:colour": "white",
        "seamark:light:period": "10",
        "seamark:name": "M 43",
        "seamark:topmark:colour": "red",
        "seamark:topmark:shape": "sphere",
        "seamark:type": "buoy_safe_water",
        "source": "Ufs 2020 nov 19"
      },
      "geometry": {
        "type": "Point",
        "coordinates": [
          12.8669745,
          55.2574773
        ]
      },
      "id": "node/1891357196"
    },
    {
      "type": "Feature",
      "properties": {
        "@id": "node/1898889246",
        "seamark:buoy_safe_water:colour": "red;white",
        "seamark:buoy_safe_water:colour_pattern": "vertical",
        "seamark:buoy_safe_water:shape": "pillar",
        "seamark:information": "AIS name: BY HEL",
        "seamark:light:character": "Mo",
        "seamark:light:group": "A",
        "seamark:light:period": "10",
        "seamark:name": "Hel",
        "seamark:radio_station:category": "ais",
        "seamark:topmark:colour": "red",
        "seamark:topmark:shape": "sphere",
        "seamark:type": "buoy_safe_water"
      },
      "geometry": {
        "type": "Point",
        "coordinates": [
          18.8881667,
          54.5905
        ]
      },
      "id": "node/1898889246"
    },
    {
      "type": "Feature",
      "properties": {
        "@id": "node/1898889275",
        "seamark:buoy_safe_water:colour": "red;white",
        "seamark:buoy_safe_water:colour_pattern": "vertical",
        "seamark:buoy_safe_water:shape": "pillar",
        "seamark:light:character": "Iso",
        "seamark:light:colour": "white",
        "seamark:light:period": "10",
        "seamark:name": "GD",
        "seamark:topmark:colour": "red",
        "seamark:topmark:shape": "sphere",
        "seamark:type": "buoy_safe_water"
      },
      "geometry": {
        "type": "Point",
        "coordinates": [
          18.664,
          54.5341667
        ]
      },
      "id": "node/1898889275"
    },
    {
      "type": "Feature",
      "properties": {
        "@id": "node/1898889276",
        "seamark:buoy_safe_water:colour": "red;white",
        "seamark:buoy_safe_water:colour_pattern": "vertical",
        "seamark:buoy_safe_water:shape": "pillar",
        "seamark:light:character": "Mo",
        "seamark:light:colour": "white",
        "seamark:light:group": "A",
        "seamark:light:period": "10",
        "seamark:name": "NP",
        "seamark:topmark:colour": "red",
        "seamark:topmark:shape": "sphere",
        "seamark:type": "buoy_safe_water"
      },
      "geometry": {
        "type": "Point",
        "coordinates": [
          18.7008333,
          54.465
        ]
      },
      "id": "node/1898889276"
    },
    {
      "type": "Feature",
      "properties": {
        "@id": "node/1898889277",
        "seamark:buoy_safe_water:colour": "red;white",
        "seamark:buoy_safe_water:colour_pattern": "vertical",
        "seamark:buoy_safe_water:shape": "pillar",
        "seamark:light:character": "Fl",
        "seamark:light:colour": "yellow",
        "seamark:light:period": "6",
        "seamark:name": "ZN",
        "seamark:topmark:colour": "red",
        "seamark:topmark:shape": "sphere",
        "seamark:type": "buoy_safe_water"
      },
      "geometry": {
        "type": "Point",
        "coordinates": [
          19.1016667,
          54.6133333
        ]
      },
      "id": "node/1898889277"
    },
    {
      "type": "Feature",
      "properties": {
        "@id": "node/1900069769",
        "seamark:buoy_safe_water:colour": "red;white",
        "seamark:buoy_safe_water:colour_pattern": "vertical",
        "seamark:buoy_safe_water:shape": "pillar",
        "seamark:light:character": "Iso",
        "seamark:light:colour": "white",
        "seamark:light:period": "4",
        "seamark:name": "M7",
        "seamark:topmark:colour": "red",
        "seamark:topmark:shape": "sphere",
        "seamark:type": "buoy_safe_water"
      },
      "geometry": {
        "type": "Point",
        "coordinates": [
          12.6872333,
          55.9812833
        ]
      },
      "id": "node/1900069769"
    },
    {
      "type": "Feature",
      "properties": {
        "@id": "node/1900069818",
        "seamark:buoy_safe_water:colour": "red;white",
        "seamark:buoy_safe_water:colour_pattern": "vertical",
        "seamark:buoy_safe_water:shape": "pillar",
        "seamark:light:character": "Iso",
        "seamark:light:colour": "white",
        "seamark:light:period": "4",
        "seamark:name": "M1",
        "seamark:topmark:colour": "red",
        "seamark:topmark:shape": "sphere",
        "seamark:type": "buoy_safe_water"
      },
      "geometry": {
        "type": "Point",
        "coordinates": [
          12.5240275,
          56.1216577
        ]
      },
      "id": "node/1900069818"
    },
    {
      "type": "Feature",
      "properties": {
        "@id": "node/1903783336",
        "seamark:buoy_safe_water:colour": "red;white",
        "seamark:buoy_safe_water:colour_pattern": "vertical",
        "seamark:buoy_safe_water:shape": "pillar",
        "seamark:light:character": "Fl",
        "seamark:light:colour": "yellow",
        "seamark:light:period": "6",
        "seamark:name": "ZS",
        "seamark:topmark:colour": "red",
        "seamark:topmark:shape": "sphere",
        "seamark:type": "buoy_safe_water"
      },
      "geometry": {
        "type": "Point",
        "coordinates": [
          18.9606667,
          54.4426667
        ]
      },
      "id": "node/1903783336"
    },
    {
      "type": "Feature",
      "properties": {
        "@id": "node/1903783337",
        "seamark:buoy_safe_water:colour": "red;white",
        "seamark:buoy_safe_water:colour_pattern": "vertical",
        "seamark:buoy_safe_water:shape": "pillar",
        "seamark:light:character": "LFl",
        "seamark:light:colour": "white",
        "seamark:light:period": "10",
        "seamark:name": "GN",
        "seamark:radio_station:category": "ais",
        "seamark:topmark:colour": "red",
        "seamark:topmark:shape": "sphere",
        "seamark:type": "buoy_safe_water"
      },
      "geometry": {
        "type": "Point",
        "coordinates": [
          18.7998486,
          54.5317213
        ]
      },
      "id": "node/1903783337"
    },
    {
      "type": "Feature",
      "properties": {
        "@id": "node/1907445577",
        "seamark:buoy_safe_water:colour": "red;white",
        "seamark:buoy_safe_water:colour_pattern": "vertical",
        "seamark:buoy_safe_water:shape": "pillar",
        "seamark:light:character": "Iso",
        "seamark:light:colour": "white",
        "seamark:light:period": "4",
        "seamark:name": "20",
        "seamark:radar_transponder:category": "leading",
        "seamark:topmark:colour": "red",
        "seamark:topmark:shape": "sphere",
        "seamark:type": "buoy_safe_water",
        "waypoint": "WP657"
      },
      "geometry": {
        "type": "Point",
        "coordinates": [
          10.8121392,
          55.8241718
        ]
      },
      "id": "node/1907445577"
    },
    {
      "type": "Feature",
      "properties": {
        "@id": "node/1907445578",
        "seamark:buoy_safe_water:colour": "red;white",
        "seamark:buoy_safe_water:colour_pattern": "vertical",
        "seamark:buoy_safe_water:shape": "pillar",
        "seamark:light:character": "LFl",
        "seamark:light:colour": "white",
        "seamark:light:period": "10",
        "seamark:name": "19",
        "seamark:topmark:colour": "red",
        "seamark:topmark:shape": "sphere",
        "seamark:type": "buoy_safe_water"
      },
      "geometry": {
        "type": "Point",
        "coordinates": [
          10.8592039,
          55.8561408
        ]
      },
      "id": "node/1907445578"
    },
    {
      "type": "Feature",
      "properties": {
        "@id": "node/1907445583",
        "seamark:buoy_safe_water:colour": "red;white",
        "seamark:buoy_safe_water:colour_pattern": "vertical",
        "seamark:buoy_safe_water:shape": "pillar",
        "seamark:light:character": "LFl",
        "seamark:light:colour": "white",
        "seamark:light:period": "10",
        "seamark:name": "18",
        "seamark:topmark:colour": "red",
        "seamark:topmark:shape": "sphere",
        "seamark:type": "buoy_safe_water"
      },
      "geometry": {
        "type": "Point",
        "coordinates": [
          10.9062686,
          55.8880835
        ]
      },
      "id": "node/1907445583"
    },
    {
      "type": "Feature",
      "properties": {
        "@id": "node/1907445593",
        "seamark:buoy_safe_water:colour": "red;white",
        "seamark:buoy_safe_water:colour_pattern": "vertical",
        "seamark:buoy_safe_water:shape": "pillar",
        "seamark:light:character": "LFl",
        "seamark:light:colour": "white",
        "seamark:light:period": "10",
        "seamark:name": "13",
        "seamark:topmark:colour": "red",
        "seamark:topmark:shape": "sphere",
        "seamark:type": "buoy_safe_water",
        "waypoint": "WP643"
      },
      "geometry": {
        "type": "Point",
        "coordinates": [
          11.0856667,
          56.0226187
        ]
      },
      "id": "node/1907445593"
    },
    {
      "type": "Feature",
      "properties": {
        "@id": "node/1924153558",
        "seamark:buoy_safe_water:colour": "red;white",
        "seamark:buoy_safe_water:colour_pattern": "vertical",
        "seamark:buoy_safe_water:shape": "spherical",
        "seamark:light:character": "LFl",
        "seamark:light:colour": "white",
        "seamark:light:period": "10",
        "seamark:name": "Sisters",
        "seamark:type": "buoy_safe_water"
      },
      "geometry": {
        "type": "Point",
        "coordinates": [
          103.8128833,
          1.2069833
        ]
      },
      "id": "node/1924153558"
    },
    {
      "type": "Feature",
      "properties": {
        "@id": "node/1924153766",
        "seamark:buoy_safe_water:colour": "red;white",
        "seamark:buoy_safe_water:colour_pattern": "vertical",
        "seamark:buoy_safe_water:shape": "spherical",
        "seamark:light:character": "LFl",
        "seamark:light:colour": "white",
        "seamark:light:period": "10",
        "seamark:name": "Sinki",
        "seamark:type": "buoy_safe_water"
      },
      "geometry": {
        "type": "Point",
        "coordinates": [
          103.7083,
          1.2341
        ]
      },
      "id": "node/1924153766"
    },
    {
      "type": "Feature",
      "properties": {
        "@id": "node/1927032779",
        "seamark:buoy_safe_water:colour": "red;white",
        "seamark:buoy_safe_water:colour_pattern": "vertical",
        "seamark:buoy_safe_water:shape": "spherical",
        "seamark:light:character": "Iso",
        "seamark:light:colour": "white",
        "seamark:light:period": "5",
        "seamark:name": "Pusing",
        "seamark:type": "buoy_safe_water"
      },
      "geometry": {
        "type": "Point",
        "coordinates": [
          103.73648,
          1.2858183
        ]
      },
      "id": "node/1927032779"
    },
    {
      "type": "Feature",
      "properties": {
        "@id": "node/1927233739",
        "seamark:buoy_safe_water:colour": "red;white",
        "seamark:buoy_safe_water:colour_pattern": "vertical",
        "seamark:buoy_safe_water:shape": "spherical",
        "seamark:light:character": "LFl",
        "seamark:light:colour": "white",
        "seamark:light:exhibition": "night",
        "seamark:light:period": "10",
        "seamark:name": "E Cyrene",
        "seamark:type": "buoy_safe_water"
      },
      "geometry": {
        "type": "Point",
        "coordinates": [
          103.76475,
          1.2601833
        ]
      },
      "id": "node/1927233739"
    },
    {
      "type": "Feature",
      "properties": {
        "@id": "node/1968203718",
        "seamark:buoy_safe_water:colour": "red;white",
        "seamark:buoy_safe_water:colour_pattern": "vertical",
        "seamark:buoy_safe_water:shape": "pillar",
        "seamark:light:character": "Iso",
        "seamark:light:colour": "white",
        "seamark:light:period": "2",
        "seamark:topmark:colour": "red",
        "seamark:topmark:shape": "sphere",
        "seamark:type": "buoy_safe_water"
      },
      "geometry": {
        "type": "Point",
        "coordinates": [
          -43.1618308,
          -22.9803863
        ]
      },
      "id": "node/1968203718"
    },
    {
      "type": "Feature",
      "properties": {
        "@id": "node/1985540667",
        "seamark:buoy_safe_water:colour": "red;white",
        "seamark:buoy_safe_water:colour_pattern": "vertical",
        "seamark:buoy_safe_water:shape": "pillar",
        "seamark:topmark:colour": "red",
        "seamark:topmark:shape": "sphere",
        "seamark:type": "buoy_safe_water"
      },
      "geometry": {
        "type": "Point",
        "coordinates": [
          -39.3133324,
          -17.9259751
        ]
      },
      "id": "node/1985540667"
    },
    {
      "type": "Feature",
      "properties": {
        "@id": "node/1986434731",
        "seamark:buoy_safe_water:colour": "red;white",
        "seamark:buoy_safe_water:colour_pattern": "vertical",
        "seamark:buoy_safe_water:shape": "pillar",
        "seamark:light:character": "LFl",
        "seamark:light:colour": "white",
        "seamark:light:period": "10",
        "seamark:light:range": "5",
        "seamark:topmark:colour": "red",
        "seamark:topmark:shape": "sphere",
        "seamark:type": "buoy_safe_water"
      },
      "geometry": {
        "type": "Point",
        "coordinates": [
          -49.5555933,
          1.1608226
        ]
      },
      "id": "node/1986434731"
    },
    {
      "type": "Feature",
      "properties": {
        "@id": "node/1986434734",
        "radar_reflector": "yes",
        "seamark:buoy_safe_water:colour": "red;white",
        "seamark:buoy_safe_water:colour_pattern": "vertical",
        "seamark:buoy_safe_water:shape": "pillar",
        "seamark:light:character": "Mo",
        "seamark:light:colour": "white",
        "seamark:light:group": "A",
        "seamark:light:period": "5",
        "seamark:light:range": "5",
        "seamark:radar_reflector": "yes",
        "seamark:topmark:colour": "red",
        "seamark:topmark:shape": "sphere",
        "seamark:type": "buoy_safe_water"
      },
      "geometry": {
        "type": "Point",
        "coordinates": [
          -49.4598036,
          1.2907653
        ]
      },
      "id": "node/1986434734"
    },
    {
      "type": "Feature",
      "properties": {
        "@id": "node/1986434735",
        "radar_reflector": "yes",
        "seamark:buoy_safe_water:colour": "red;white",
        "seamark:buoy_safe_water:colour_pattern": "vertical",
        "seamark:buoy_safe_water:shape": "pillar",
        "seamark:light:character": "LFl",
        "seamark:light:colour": "white",
        "seamark:light:period": "10",
        "seamark:light:range": "13",
        "seamark:radar_reflector": "yes",
        "seamark:topmark:colour": "red",
        "seamark:topmark:shape": "sphere",
        "seamark:type": "buoy_safe_water"
      },
      "geometry": {
        "type": "Point",
        "coordinates": [
          -49.3719648,
          1.4240005
        ]
      },
      "id": "node/1986434735"
    },
    {
      "type": "Feature",
      "properties": {
        "@id": "node/1990607513",
        "seamark:buoy_safe_water:colour": "red;white",
        "seamark:buoy_safe_water:colour_pattern": "vertical",
        "seamark:buoy_safe_water:shape": "pillar",
        "seamark:light:character": "LFl",
        "seamark:light:colour": "white",
        "seamark:light:period": "10",
        "seamark:light:range": "8",
        "seamark:topmark:colour": "red",
        "seamark:topmark:shape": "sphere",
        "seamark:type": "buoy_safe_water"
      },
      "geometry": {
        "type": "Point",
        "coordinates": [
          -47.8437854,
          -0.2032624
        ]
      },
      "id": "node/1990607513"
    },
    {
      "type": "Feature",
      "properties": {
        "@id": "node/1995145748",
        "seamark:buoy_safe_water:colour": "red;white",
        "seamark:buoy_safe_water:colour_pattern": "vertical",
        "seamark:buoy_safe_water:shape": "pillar",
        "seamark:light:character": "LFl",
        "seamark:light:colour": "white",
        "seamark:light:period": "10",
        "seamark:light:range": "10",
        "seamark:topmark:colour": "red",
        "seamark:topmark:shape": "sphere",
        "seamark:type": "buoy_safe_water"
      },
      "geometry": {
        "type": "Point",
        "coordinates": [
          -43.8430694,
          -1.5812691
        ]
      },
      "id": "node/1995145748"
    },
    {
      "type": "Feature",
      "properties": {
        "@id": "node/1998228116",
        "seamark:buoy_safe_water:colour": "red;white",
        "seamark:buoy_safe_water:colour_pattern": "vertical",
        "seamark:buoy_safe_water:shape": "pillar",
        "seamark:light:character": "Fl",
        "seamark:light:colour": "white",
        "seamark:light:period": "10",
        "seamark:light:range": "8",
        "seamark:topmark:colour": "red",
        "seamark:topmark:shape": "sphere",
        "seamark:type": "buoy_safe_water"
      },
      "geometry": {
        "type": "Point",
        "coordinates": [
          -38.8083438,
          -3.4816534
        ]
      },
      "id": "node/1998228116"
    },
    {
      "type": "Feature",
      "properties": {
        "@id": "node/2017641172",
        "seamark:buoy_safe_water:colour": "red;white",
        "seamark:buoy_safe_water:colour_pattern": "vertical",
        "seamark:topmark:colour": "red",
        "seamark:topmark:shape": "sphere",
        "seamark:type": "buoy_safe_water"
      },
      "geometry": {
        "type": "Point",
        "coordinates": [
          104.0007417,
          1.422945
        ]
      },
      "id": "node/2017641172"
    },
    {
      "type": "Feature",
      "properties": {
        "@id": "node/2045051548",
        "seamark:buoy_safe_water:colour": "red;white",
        "seamark:buoy_safe_water:colour_pattern": "vertical",
        "seamark:buoy_safe_water:shape": "pillar",
        "seamark:light:character": "Iso",
        "seamark:light:period": "4",
        "seamark:name": "TG / A",
        "seamark:radio_station:category": "ais",
        "seamark:radio_station:mmsi": "992111100",
        "seamark:source": "BfS 4/13 WSA Wilhelmshaven",
        "seamark:topmark:colour": "red",
        "seamark:topmark:shape": "sphere",
        "seamark:type": "buoy_safe_water"
      },
      "geometry": {
        "type": "Point",
        "coordinates": [
          6.687778,
          53.836667
        ]
      },
      "id": "node/2045051548"
    },
    {
      "type": "Feature",
      "properties": {
        "@id": "node/2045051557",
        "seamark:buoy_safe_water:colour": "red;white",
        "seamark:buoy_safe_water:colour_pattern": "vertical",
        "seamark:buoy_safe_water:shape": "pillar",
        "seamark:light:character": "LFl",
        "seamark:light:colour": "white",
        "seamark:light:period": "10",
        "seamark:name": "TG / B",
        "seamark:radio_station:category": "ais",
        "seamark:radio_station:mmsi": "992111101",
        "seamark:source": "BfS 4/13 WSA Wilhelmshaven",
        "seamark:topmark:colour": "red",
        "seamark:topmark:shape": "sphere",
        "seamark:type": "buoy_safe_water"
      },
      "geometry": {
        "type": "Point",
        "coordinates": [
          7.012778,
          53.885
        ]
      },
      "id": "node/2045051557"
    },
    {
      "type": "Feature",
      "properties": {
        "@id": "node/2045051569",
        "seamark:buoy_safe_water:colour": "red;white",
        "seamark:buoy_safe_water:colour_pattern": "vertical",
        "seamark:buoy_safe_water:shape": "pillar",
        "seamark:light:character": "Iso",
        "seamark:light:colour": "white",
        "seamark:light:period": "8",
        "seamark:name": "TG / C",
        "seamark:source": "BfS 4/13 WSA Wilhelmshaven",
        "seamark:topmark:colour": "red",
        "seamark:topmark:shape": "sphere",
        "seamark:type": "buoy_safe_water"
      },
      "geometry": {
        "type": "Point",
        "coordinates": [
          7.325,
          53.9266667
        ]
      },
      "id": "node/2045051569"
    },
    {
      "type": "Feature",
      "properties": {
        "@id": "node/2048548131",
        "seamark:buoy_safe_water:colour": "red;white",
        "seamark:buoy_safe_water:colour_pattern": "vertical",
        "seamark:buoy_safe_water:shape": "pillar",
        "seamark:light:character": "Iso",
        "seamark:light:colour": "white",
        "seamark:light:period": "4",
        "seamark:type": "buoy_safe_water"
      },
      "geometry": {
        "type": "Point",
        "coordinates": [
          103.9186613,
          1.1580012
        ]
      },
      "id": "node/2048548131"
    },
    {
      "type": "Feature",
      "properties": {
        "@id": "node/2048548136",
        "seamark:buoy_safe_water:colour": "red;white",
        "seamark:buoy_safe_water:colour_pattern": "vertical",
        "seamark:buoy_safe_water:shape": "pillar",
        "seamark:light:character": "LFl",
        "seamark:light:colour": "white",
        "seamark:light:period": "10",
        "seamark:light:range": "5",
        "seamark:topmark:colour": "red",
        "seamark:topmark:shape": "sphere",
        "seamark:type": "buoy_safe_water"
      },
      "geometry": {
        "type": "Point",
        "coordinates": [
          103.97708,
          1.1699017
        ]
      },
      "id": "node/2048548136"
    },
    {
      "type": "Feature",
      "properties": {
        "@id": "node/2054156151",
        "seamark:buoy_safe_water:colour": "red;white",
        "seamark:buoy_safe_water:colour_pattern": "vertical",
        "seamark:buoy_safe_water:shape": "pillar",
        "seamark:light:character": "LFl",
        "seamark:light:colour": "white",
        "seamark:light:group": "1",
        "seamark:light:period": "10",
        "seamark:topmark:colour": "red",
        "seamark:topmark:shape": "sphere",
        "seamark:type": "buoy_safe_water"
      },
      "geometry": {
        "type": "Point",
        "coordinates": [
          103.6505503,
          1.0498505
        ]
      },
      "id": "node/2054156151"
    },
    {
      "type": "Feature",
      "properties": {
        "@id": "node/2076575162",
        "seamark:buoy_safe_water:colour": "red;white",
        "seamark:buoy_safe_water:colour_pattern": "vertical",
        "seamark:buoy_safe_water:shape": "pillar",
        "seamark:light:character": "Q",
        "seamark:light:colour": "white",
        "seamark:light:group": "2",
        "seamark:topmark:colour": "red",
        "seamark:topmark:shape": "sphere",
        "seamark:type": "buoy_safe_water"
      },
      "geometry": {
        "type": "Point",
        "coordinates": [
          31.7742576,
          31.628961
        ]
      },
      "id": "node/2076575162"
    },
    {
      "type": "Feature",
      "properties": {
        "@id": "node/2076575181",
        "seamark:buoy_safe_water:colour": "red;white",
        "seamark:buoy_safe_water:colour_pattern": "vertical",
        "seamark:buoy_safe_water:shape": "pillar",
        "seamark:light:character": "Oc",
        "seamark:light:colour": "white",
        "seamark:light:period": "3",
        "seamark:topmark:colour": "red",
        "seamark:topmark:shape": "sphere",
        "seamark:type": "buoy_safe_water"
      },
      "geometry": {
        "type": "Point",
        "coordinates": [
          31.7936024,
          31.6367296
        ]
      },
      "id": "node/2076575181"
    },
    {
      "type": "Feature",
      "properties": {
        "@id": "node/2080307168",
        "man_made": "bouy",
        "seamark:buoy_safe_water:colour": "red;white",
        "seamark:buoy_safe_water:colour_pattern": "vertical",
        "seamark:buoy_safe_water:shape": "pillar",
        "seamark:light:character": "LFl",
        "seamark:light:colour": "white",
        "seamark:light:group": "1",
        "seamark:light:period": "6",
        "seamark:light:range": "3",
        "seamark:name": "Sankt-Peterburgskiy Entrance midchannel light buoy No. 2 (new)",
        "seamark:topmark:colour": "red",
        "seamark:topmark:shape": "sphere",
        "seamark:type": "buoy_safe_water"
      },
      "geometry": {
        "type": "Point",
        "coordinates": [
          29.801112,
          60.0863575
        ]
      },
      "id": "node/2080307168"
    },
    {
      "type": "Feature",
      "properties": {
        "@id": "node/2080897736",
        "seamark:buoy_safe_water:colour": "red;white",
        "seamark:buoy_safe_water:colour_pattern": "vertical",
        "seamark:buoy_safe_water:shape": "pillar",
        "seamark:light:character": "LFl",
        "seamark:light:colour": "white",
        "seamark:light:period": "10",
        "seamark:name": "South Light",
        "seamark:radar_transponder:category": "racon",
        "seamark:radar_transponder:group": "S",
        "seamark:topmark:colour": "red",
        "seamark:topmark:shape": "sphere",
        "seamark:type": "buoy_safe_water"
      },
      "geometry": {
        "type": "Point",
        "coordinates": [
          32.4374808,
          30.2836217
        ]
      },
      "id": "node/2080897736"
    },
    {
      "type": "Feature",
      "properties": {
        "@id": "node/2113847714",
        "seamark:buoy_safe_water:colour": "red;white",
        "seamark:buoy_safe_water:colour_pattern": "vertical",
        "seamark:buoy_safe_water:shape": "pillar",
        "seamark:buoy_safe_water:system": "iala-a",
        "seamark:light:character": "LFl",
        "seamark:light:colour": "white",
        "seamark:light:period": "10",
        "seamark:name": "DI",
        "seamark:topmark:colour": "red",
        "seamark:topmark:shape": "sphere",
        "seamark:type": "buoy_safe_water"
      },
      "geometry": {
        "type": "Point",
        "coordinates": [
          -0.0957153,
          49.3193561
        ]
      },
      "id": "node/2113847714"
    },
    {
      "type": "Feature",
      "properties": {
        "@id": "node/2151201673",
        "seamark:buoy_safe_water:colour": "red;white",
        "seamark:buoy_safe_water:colour_pattern": "vertical",
        "seamark:buoy_safe_water:shape": "pillar",
        "seamark:light:character": "LFl",
        "seamark:light:colour": "white",
        "seamark:light:period": "10",
        "seamark:topmark:colour": "red",
        "seamark:topmark:shape": "sphere",
        "seamark:type": "buoy_safe_water"
      },
      "geometry": {
        "type": "Point",
        "coordinates": [
          16.761543,
          57.411322
        ]
      },
      "id": "node/2151201673"
    },
    {
      "type": "Feature",
      "properties": {
        "@id": "node/2151203292",
        "seamark:buoy_safe_water:colour": "red;white",
        "seamark:buoy_safe_water:colour_pattern": "vertical",
        "seamark:buoy_safe_water:shape": "pillar",
        "seamark:light:character": "LFl",
        "seamark:light:colour": "white",
        "seamark:light:period": "10",
        "seamark:topmark:colour": "red",
        "seamark:topmark:shape": "sphere",
        "seamark:type": "buoy_safe_water"
      },
      "geometry": {
        "type": "Point",
        "coordinates": [
          16.847508,
          57.5058646
        ]
      },
      "id": "node/2151203292"
    },
    {
      "type": "Feature",
      "properties": {
        "@id": "node/2153007896",
        "seamark:buoy_safe_water:colour": "red;white",
        "seamark:buoy_safe_water:colour_pattern": "vertical",
        "seamark:buoy_safe_water:shape": "spar",
        "seamark:topmark:colour": "red",
        "seamark:topmark:shape": "sphere",
        "seamark:type": "buoy_safe_water"
      },
      "geometry": {
        "type": "Point",
        "coordinates": [
          16.6147114,
          57.002644
        ]
      },
      "id": "node/2153007896"
    },
    {
      "type": "Feature",
      "properties": {
        "@id": "node/2153204782",
        "seamark:buoy_safe_water:colour": "red;white",
        "seamark:buoy_safe_water:colour_pattern": "vertical",
        "seamark:buoy_safe_water:shape": "spar",
        "seamark:topmark:colour": "red",
        "seamark:topmark:shape": "sphere",
        "seamark:type": "buoy_safe_water"
      },
      "geometry": {
        "type": "Point",
        "coordinates": [
          16.102266,
          56.229636
        ]
      },
      "id": "node/2153204782"
    },
    {
      "type": "Feature",
      "properties": {
        "@id": "node/2153205636",
        "seamark:buoy_safe_water:colour": "red;white",
        "seamark:buoy_safe_water:colour_pattern": "vertical",
        "seamark:buoy_safe_water:shape": "pillar",
        "seamark:light:character": "Q+LFl",
        "seamark:light:colour": "white",
        "seamark:light:period": "15",
        "seamark:type": "buoy_safe_water"
      },
      "geometry": {
        "type": "Point",
        "coordinates": [
          16.1250866,
          56.3794712
        ]
      },
      "id": "node/2153205636"
    },
    {
      "type": "Feature",
      "properties": {
        "@id": "node/2163974803",
        "note": "Difficult to spot",
        "seamark:buoy_safe_water:colour": "red;white",
        "seamark:buoy_safe_water:colour_pattern": "vertical",
        "seamark:buoy_safe_water:shape": "spherical",
        "seamark:light:character": "LFl",
        "seamark:light:colour": "white",
        "seamark:light:period": "10",
        "seamark:name": "Pye End",
        "seamark:type": "buoy_safe_water"
      },
      "geometry": {
        "type": "Point",
        "coordinates": [
          1.29833,
          51.9172
        ]
      },
      "id": "node/2163974803"
    },
    {
      "type": "Feature",
      "properties": {
        "@id": "node/2167168364",
        "seamark:buoy_safe_water:colour": "red;white",
        "seamark:buoy_safe_water:colour_pattern": "vertical",
        "seamark:buoy_safe_water:shape": "spar",
        "seamark:light:character": "Iso",
        "seamark:light:colour": "white",
        "seamark:light:period": "6",
        "seamark:name": "BVK",
        "seamark:source": "https://data.overheid.nl/dataset/2c5f6817-d902-4123-9b1d-103a0a484979 2023-06-30",
        "seamark:source:id": "1497213",
        "seamark:type": "buoy_safe_water"
      },
      "geometry": {
        "type": "Point",
        "coordinates": [
          5.2093936,
          52.4422098
        ]
      },
      "id": "node/2167168364"
    },
    {
      "type": "Feature",
      "properties": {
        "@id": "node/2167195929",
        "seamark:buoy_safe_water:colour": "red;white",
        "seamark:buoy_safe_water:colour_pattern": "vertical",
        "seamark:buoy_safe_water:shape": "spar",
        "seamark:light:character": "LFl",
        "seamark:light:colour": "white",
        "seamark:light:period": "10",
        "seamark:name": "EZ-A",
        "seamark:source": "https://data.overheid.nl/dataset/2c5f6817-d902-4123-9b1d-103a0a484979 2023-06-30",
        "seamark:source:id": "1492283",
        "seamark:type": "buoy_safe_water"
      },
      "geometry": {
        "type": "Point",
        "coordinates": [
          5.301628,
          52.782108
        ]
      },
      "id": "node/2167195929"
    },
    {
      "type": "Feature",
      "properties": {
        "@id": "node/2167199995",
        "seamark:buoy_safe_water:colour": "red;white",
        "seamark:buoy_safe_water:colour_pattern": "vertical",
        "seamark:buoy_safe_water:shape": "spar",
        "seamark:light:character": "Oc",
        "seamark:light:colour": "white",
        "seamark:light:period": "6",
        "seamark:name": "VF B",
        "seamark:source": "https://data.overheid.nl/dataset/2c5f6817-d902-4123-9b1d-103a0a484979 2023-06-30",
        "seamark:source:id": "1499032",
        "seamark:type": "buoy_safe_water"
      },
      "geometry": {
        "type": "Point",
        "coordinates": [
          5.3138347,
          52.9051014
        ]
      },
      "id": "node/2167199995"
    },
    {
      "type": "Feature",
      "properties": {
        "@id": "node/2174978853",
        "seamark:buoy_safe_water:colour": "red;white",
        "seamark:buoy_safe_water:colour_pattern": "vertical",
        "seamark:buoy_safe_water:shape": "spherical",
        "seamark:light:character": "Iso",
        "seamark:light:colour": "white",
        "seamark:light:period": "4",
        "seamark:name": "Central",
        "seamark:national_name": "中航",
        "seamark:type": "buoy_safe_water",
        "source": "eSeaGo"
      },
      "geometry": {
        "type": "Point",
        "coordinates": [
          114.1532833,
          22.2929167
        ]
      },
      "id": "node/2174978853"
    },
    {
      "type": "Feature",
      "properties": {
        "@id": "node/2175044293",
        "seamark:buoy_safe_water:colour": "red;white",
        "seamark:buoy_safe_water:colour_pattern": "vertical",
        "seamark:buoy_safe_water:shape": "spherical",
        "seamark:light:character": "LFl",
        "seamark:light:colour": "white",
        "seamark:light:period": "10",
        "seamark:name": "LCS3",
        "seamark:national_name": "博寮3",
        "seamark:type": "buoy_safe_water",
        "source": "eSeaGo"
      },
      "geometry": {
        "type": "Point",
        "coordinates": [
          114.1091167,
          22.27125
        ]
      },
      "id": "node/2175044293"
    },
    {
      "type": "Feature",
      "properties": {
        "@id": "node/2175044300",
        "seamark:buoy_safe_water:colour": "red;white",
        "seamark:buoy_safe_water:colour_pattern": "vertical",
        "seamark:buoy_safe_water:shape": "spherical",
        "seamark:light:character": "Iso",
        "seamark:light:colour": "white",
        "seamark:light:period": "3",
        "seamark:name": "Kau Yi Chau SE",
        "seamark:national_name": "交椅洲東南",
        "seamark:type": "buoy_safe_water"
      },
      "geometry": {
        "type": "Point",
        "coordinates": [
          114.0878667,
          22.2720833
        ]
      },
      "id": "node/2175044300"
    },
    {
      "type": "Feature",
      "properties": {
        "@id": "node/2176237603",
        "seamark:buoy_safe_water:colour": "red;white",
        "seamark:buoy_safe_water:colour_pattern": "vertical",
        "seamark:buoy_safe_water:shape": "spar",
        "seamark:topmark:colour": "red",
        "seamark:topmark:shape": "sphere",
        "seamark:type": "buoy_safe_water"
      },
      "geometry": {
        "type": "Point",
        "coordinates": [
          14.0749667,
          55.3618333
        ]
      },
      "id": "node/2176237603"
    },
    {
      "type": "Feature",
      "properties": {
        "@id": "node/2176237674",
        "seamark:buoy_safe_water:colour": "red;white",
        "seamark:buoy_safe_water:colour_pattern": "vertical",
        "seamark:buoy_safe_water:shape": "pillar",
        "seamark:light:character": "Fl",
        "seamark:light:colour": "white",
        "seamark:light:period": "10",
        "seamark:name": "Ystadts redd",
        "seamark:topmark:colour": "red",
        "seamark:topmark:shape": "sphere",
        "seamark:type": "buoy_safe_water"
      },
      "geometry": {
        "type": "Point",
        "coordinates": [
          13.7880367,
          55.3936643
        ]
      },
      "id": "node/2176237674"
    },
    {
      "type": "Feature",
      "properties": {
        "@id": "node/2176282652",
        "seamark:buoy_safe_water:colour": "red;white",
        "seamark:buoy_safe_water:colour_pattern": "vertical",
        "seamark:buoy_safe_water:shape": "spar",
        "seamark:topmark:colour": "red",
        "seamark:topmark:shape": "sphere",
        "seamark:type": "buoy_safe_water"
      },
      "geometry": {
        "type": "Point",
        "coordinates": [
          13.6164684,
          55.3908535
        ]
      },
      "id": "node/2176282652"
    },
    {
      "type": "Feature",
      "properties": {
        "@id": "node/2178435713",
        "seamark:buoy_safe_water:colour": "red;white",
        "seamark:buoy_safe_water:colour_pattern": "vertical",
        "seamark:buoy_safe_water:shape": "spherical",
        "seamark:light:character": "LFl",
        "seamark:light:colour": "white",
        "seamark:light:period": "10",
        "seamark:name": "Hung Hom",
        "seamark:national_name": "紅磡",
        "seamark:type": "buoy_safe_water",
        "source": "eSeaGo"
      },
      "geometry": {
        "type": "Point",
        "coordinates": [
          114.1921667,
          22.2975
        ]
      },
      "id": "node/2178435713"
    },
    {
      "type": "Feature",
      "properties": {
        "@id": "node/2179762598",
        "seamark:buoy_safe_water:colour": "red;white",
        "seamark:buoy_safe_water:colour_pattern": "vertical",
        "seamark:buoy_safe_water:shape": "spherical",
        "seamark:light:character": "LFl",
        "seamark:light:colour": "white",
        "seamark:light:period": "10",
        "seamark:name": "Tuen Mun",
        "seamark:national_name": "屯門",
        "seamark:type": "buoy_safe_water",
        "source": "https://www.hydro.gov.hk/ntm/notice/2017-9.pdf"
      },
      "geometry": {
        "type": "Point",
        "coordinates": [
          113.9336667,
          22.35295
        ]
      },
      "id": "node/2179762598"
    },
    {
      "type": "Feature",
      "properties": {
        "@id": "node/2179762600",
        "seamark:buoy_safe_water:colour": "red;white",
        "seamark:buoy_safe_water:colour_pattern": "vertical",
        "seamark:buoy_safe_water:shape": "pillar",
        "seamark:light:character": "Mo",
        "seamark:light:colour": "white",
        "seamark:light:group": "A",
        "seamark:light:period": "8",
        "seamark:name": "TSK",
        "seamark:national_name": "踏石角",
        "seamark:topmark:colour": "red",
        "seamark:topmark:shape": "sphere",
        "seamark:type": "buoy_safe_water"
      },
      "geometry": {
        "type": "Point",
        "coordinates": [
          113.9058333,
          22.3691667
        ]
      },
      "id": "node/2179762600"
    },
    {
      "type": "Feature",
      "properties": {
        "@id": "node/2180967781",
        "seamark:buoy_safe_water:colour": "red;white",
        "seamark:buoy_safe_water:colour_pattern": "vertical",
        "seamark:buoy_safe_water:shape": "spherical",
        "seamark:light:character": "Iso",
        "seamark:light:colour": "white",
        "seamark:light:period": "2",
        "seamark:name": "Fan Lau",
        "seamark:national_name": "分流",
        "seamark:type": "buoy_safe_water",
        "source": "eSeaGo"
      },
      "geometry": {
        "type": "Point",
        "coordinates": [
          113.8557833,
          22.18875
        ]
      },
      "id": "node/2180967781"
    },
    {
      "type": "Feature",
      "properties": {
        "@id": "node/2180967796",
        "seamark:buoy_safe_water:colour": "red;white",
        "seamark:buoy_safe_water:colour_pattern": "vertical",
        "seamark:buoy_safe_water:shape": "spherical",
        "seamark:light:character": "Mo",
        "seamark:light:colour": "white",
        "seamark:light:group": "A",
        "seamark:light:period": "8",
        "seamark:name": "Siu A Chau North",
        "seamark:national_name": "小鴉洲北",
        "seamark:type": "buoy_safe_water",
        "source": "eSeaGo"
      },
      "geometry": {
        "type": "Point",
        "coordinates": [
          113.9066167,
          22.1979167
        ]
      },
      "id": "node/2180967796"
    },
    {
      "type": "Feature",
      "properties": {
        "@id": "node/2180967807",
        "seamark:buoy_safe_water:colour": "red;white",
        "seamark:buoy_safe_water:colour_pattern": "vertical",
        "seamark:buoy_safe_water:shape": "spherical",
        "seamark:light:character": "Iso",
        "seamark:light:colour": "white",
        "seamark:light:period": "4",
        "seamark:name": "Lantau SE",
        "seamark:national_name": "大嶼山東南",
        "seamark:type": "buoy_safe_water",
        "source": "eSeaGo"
      },
      "geometry": {
        "type": "Point",
        "coordinates": [
          114.0077333,
          22.2101333
        ]
      },
      "id": "node/2180967807"
    },
    {
      "type": "Feature",
      "properties": {
        "@id": "node/2180967828",
        "seamark:buoy_safe_water:colour": "red;white",
        "seamark:buoy_safe_water:colour_pattern": "vertical",
        "seamark:buoy_safe_water:shape": "spherical",
        "seamark:light:character": "Iso",
        "seamark:light:colour": "white",
        "seamark:light:period": "2",
        "seamark:name": "Hei Ling",
        "seamark:national_name": "喜靈",
        "seamark:type": "buoy_safe_water",
        "source": "eSeaGo"
      },
      "geometry": {
        "type": "Point",
        "coordinates": [
          114.0469,
          22.2368
        ]
      },
      "id": "node/2180967828"
    },
    {
      "type": "Feature",
      "properties": {
        "@id": "node/2181093989",
        "seamark:buoy_safe_water:colour": "red;white",
        "seamark:buoy_safe_water:colour_pattern": "vertical",
        "seamark:buoy_safe_water:shape": "pillar",
        "seamark:light:character": "Iso",
        "seamark:light:colour": "white",
        "seamark:light:period": "3",
        "seamark:name": "LCS2",
        "seamark:national_name": "博寮2",
        "seamark:topmark:colour": "red",
        "seamark:topmark:shape": "sphere",
        "seamark:type": "buoy_safe_water",
        "source": "eSeaGo"
      },
      "geometry": {
        "type": "Point",
        "coordinates": [
          114.173,
          22.2093
        ]
      },
      "id": "node/2181093989"
    },
    {
      "type": "Feature",
      "properties": {
        "@id": "node/2181094022",
        "seamark:buoy_safe_water:colour": "red;white",
        "seamark:buoy_safe_water:colour_pattern": "vertical",
        "seamark:buoy_safe_water:shape": "pillar",
        "seamark:light:character": "Iso",
        "seamark:light:colour": "white",
        "seamark:light:period": "2",
        "seamark:name": "TCS 2",
        "seamark:national_name": "藍塘2",
        "seamark:topmark:colour": "red",
        "seamark:topmark:shape": "sphere",
        "seamark:type": "buoy_safe_water"
      },
      "geometry": {
        "type": "Point",
        "coordinates": [
          114.2935667,
          22.2193
        ]
      },
      "id": "node/2181094022"
    },
    {
      "type": "Feature",
      "properties": {
        "@id": "node/2181094055",
        "seamark:buoy_safe_water:colour": "red;white",
        "seamark:buoy_safe_water:colour_pattern": "vertical",
        "seamark:buoy_safe_water:shape": "pillar",
        "seamark:light:character": "Iso",
        "seamark:light:colour": "white",
        "seamark:light:period": "4",
        "seamark:name": "TCS 3",
        "seamark:national_name": "藍塘3",
        "seamark:topmark:colour": "red",
        "seamark:topmark:shape": "sphere",
        "seamark:type": "buoy_safe_water"
      },
      "geometry": {
        "type": "Point",
        "coordinates": [
          114.2760667,
          22.23375
        ]
      },
      "id": "node/2181094055"
    },
    {
      "type": "Feature",
      "properties": {
        "@id": "node/2181094095",
        "seamark:buoy_safe_water:colour": "red;white",
        "seamark:buoy_safe_water:colour_pattern": "vertical",
        "seamark:buoy_safe_water:shape": "spherical",
        "seamark:light:character": "LFl",
        "seamark:light:colour": "white",
        "seamark:light:period": "10",
        "seamark:name": "TCS4",
        "seamark:national_name": "藍塘4",
        "seamark:type": "buoy_safe_water"
      },
      "geometry": {
        "type": "Point",
        "coordinates": [
          114.2607833,
          22.2707167
        ]
      },
      "id": "node/2181094095"
    },
    {
      "type": "Feature",
      "properties": {
        "@id": "node/2183514787",
        "seamark:buoy_safe_water:colour": "red;white",
        "seamark:buoy_safe_water:colour_pattern": "vertical",
        "seamark:name": "N-4",
        "seamark:radar_transponder:category": "racon",
        "seamark:radar_transponder:period": "70",
        "seamark:topmark:colour": "red",
        "seamark:topmark:shape": "sphere",
        "seamark:type": "buoy_safe_water",
        "source": "US NGA Pub. 116. 2011-07-07."
      },
      "geometry": {
        "type": "Point",
        "coordinates": [
          14.2173999,
          54.1289327
        ]
      },
      "id": "node/2183514787"
    },
    {
      "type": "Feature",
      "properties": {
        "@id": "node/2183514788",
        "seamark:buoy_safe_water:colour": "red;white",
        "seamark:buoy_safe_water:colour_pattern": "vertical",
        "seamark:light:character": "LFl",
        "seamark:light:colour": "white",
        "seamark:name": "N3",
        "seamark:topmark:colour": "red",
        "seamark:topmark:shape": "sphere",
        "seamark:type": "buoy_safe_water"
      },
      "geometry": {
        "type": "Point",
        "coordinates": [
          14.2031332,
          54.1802999
        ]
      },
      "id": "node/2183514788"
    },
    {
      "type": "Feature",
      "properties": {
        "@id": "node/2183514792",
        "seamark:buoy_safe_water:colour": "red;white",
        "seamark:buoy_safe_water:colour_pattern": "vertical",
        "seamark:light:character": "Mo",
        "seamark:light:group": "A",
        "seamark:name": "N1",
        "seamark:topmark:colour": "red",
        "seamark:topmark:shape": "sphere",
        "seamark:type": "buoy_safe_water",
        "topmark:colour": "red"
      },
      "geometry": {
        "type": "Point",
        "coordinates": [
          14.0863604,
          54.2828713
        ]
      },
      "id": "node/2183514792"
    },
    {
      "type": "Feature",
      "properties": {
        "@id": "node/2183514793",
        "seamark:buoy_safe_water:colour": "red;white",
        "seamark:buoy_safe_water:colour_pattern": "vertical",
        "seamark:buoy_safe_water:shape": "pillar",
        "seamark:information": "If there is a risk of ice the buoy will not be replaced during the winter season.",
        "seamark:light:character": "Iso",
        "seamark:light:colour": "white",
        "seamark:light:period": "4",
        "seamark:lnam": "00B44010D19600B0",
        "seamark:name": "SWIN-N",
        "seamark:topmark:colour": "red",
        "seamark:topmark:shape": "sphere",
        "seamark:type": "buoy_safe_water"
      },
      "geometry": {
        "type": "Point",
        "coordinates": [
          13.96933,
          54.32966
        ]
      },
      "id": "node/2183514793"
    },
    {
      "type": "Feature",
      "properties": {
        "@id": "node/2191473243",
        "seamark:buoy_safe_water:colour": "red;white",
        "seamark:buoy_safe_water:colour_pattern": "vertical",
        "seamark:buoy_safe_water:shape": "pillar",
        "seamark:light:character": "Iso",
        "seamark:light:colour": "white",
        "seamark:light:period": "10",
        "seamark:name": "Trelleborgs redd",
        "seamark:type": "buoy_safe_water"
      },
      "geometry": {
        "type": "Point",
        "coordinates": [
          13.1382103,
          55.3332372
        ]
      },
      "id": "node/2191473243"
    },
    {
      "type": "Feature",
      "properties": {
        "@id": "node/2191483778",
        "seamark:buoy_safe_water:colour": "red;white",
        "seamark:buoy_safe_water:colour_pattern": "vertical",
        "seamark:buoy_safe_water:shape": "pillar",
        "seamark:light:character": "LFl",
        "seamark:light:colour": "white",
        "seamark:light:period": "10",
        "seamark:topmark:colour": "red",
        "seamark:topmark:shape": "sphere",
        "seamark:type": "buoy_safe_water"
      },
      "geometry": {
        "type": "Point",
        "coordinates": [
          12.393588,
          55.2348876
        ]
      },
      "id": "node/2191483778"
    },
    {
      "type": "Feature",
      "properties": {
        "@id": "node/2191512159",
        "seamark:buoy_safe_water:colour": "red;white",
        "seamark:buoy_safe_water:colour_pattern": "vertical",
        "seamark:buoy_safe_water:shape": "pillar",
        "seamark:light:character": "Fl",
        "seamark:light:colour": "white",
        "seamark:light:period": "10",
        "seamark:topmark:colour": "red",
        "seamark:topmark:shape": "sphere",
        "seamark:type": "buoy_safe_water"
      },
      "geometry": {
        "type": "Point",
        "coordinates": [
          12.26885,
          55.1305667
        ]
      },
      "id": "node/2191512159"
    },
    {
      "type": "Feature",
      "properties": {
        "@id": "node/2191561850",
        "seamark:buoy_safe_water:colour": "red;white",
        "seamark:buoy_safe_water:colour_pattern": "vertical",
        "seamark:buoy_safe_water:shape": "pillar",
        "seamark:topmark:colour": "red",
        "seamark:topmark:shape": "sphere",
        "seamark:type": "buoy_safe_water"
      },
      "geometry": {
        "type": "Point",
        "coordinates": [
          12.2150965,
          54.9996187
        ]
      },
      "id": "node/2191561850"
    },
    {
      "type": "Feature",
      "properties": {
        "@id": "node/2191561857",
        "seamark:buoy_safe_water:colour": "red;white",
        "seamark:buoy_safe_water:colour_pattern": "vertical",
        "seamark:buoy_safe_water:shape": "spar",
        "seamark:topmark:colour": "red",
        "seamark:topmark:shape": "sphere",
        "seamark:type": "buoy_safe_water"
      },
      "geometry": {
        "type": "Point",
        "coordinates": [
          12.2486236,
          55.0059224
        ]
      },
      "id": "node/2191561857"
    },
    {
      "type": "Feature",
      "properties": {
        "@id": "node/2191561872",
        "seamark:buoy_safe_water:colour": "red;white",
        "seamark:buoy_safe_water:colour_pattern": "vertical",
        "seamark:buoy_safe_water:shape": "spar",
        "seamark:topmark:colour": "red",
        "seamark:topmark:shape": "sphere",
        "seamark:type": "buoy_safe_water"
      },
      "geometry": {
        "type": "Point",
        "coordinates": [
          12.1452991,
          55.0350011
        ]
      },
      "id": "node/2191561872"
    },
    {
      "type": "Feature",
      "properties": {
        "@id": "node/2191610875",
        "seamark:buoy_safe_water:colour": "red;white",
        "seamark:buoy_safe_water:colour_pattern": "vertical",
        "seamark:buoy_safe_water:shape": "pillar",
        "seamark:light:character": "LFl",
        "seamark:light:colour": "white",
        "seamark:light:period": "10",
        "seamark:topmark:colour": "red",
        "seamark:topmark:shape": "sphere",
        "seamark:type": "buoy_safe_water"
      },
      "geometry": {
        "type": "Point",
        "coordinates": [
          11.9872782,
          54.9392028
        ]
      },
      "id": "node/2191610875"
    },
    {
      "type": "Feature",
      "properties": {
        "@id": "node/2191610901",
        "seamark:buoy_safe_water:colour": "red;white",
        "seamark:buoy_safe_water:colour_pattern": "vertical",
        "seamark:buoy_safe_water:shape": "pillar",
        "seamark:light:character": "LFl",
        "seamark:light:colour": "white",
        "seamark:light:period": "10",
        "seamark:topmark:colour": "red",
        "seamark:topmark:shape": "sphere",
        "seamark:type": "buoy_safe_water"
      },
      "geometry": {
        "type": "Point",
        "coordinates": [
          11.8886358,
          54.9660987
        ]
      },
      "id": "node/2191610901"
    },
    {
      "type": "Feature",
      "properties": {
        "@id": "node/2191610916",
        "seamark:buoy_safe_water:colour": "red;white",
        "seamark:buoy_safe_water:colour_pattern": "vertical",
        "seamark:buoy_safe_water:shape": "pillar",
        "seamark:light:character": "LFl",
        "seamark:light:colour": "white",
        "seamark:light:period": "10",
        "seamark:topmark:colour": "red",
        "seamark:topmark:shape": "sphere",
        "seamark:type": "buoy_safe_water"
      },
      "geometry": {
        "type": "Point",
        "coordinates": [
          11.882174,
          54.9684692
        ]
      },
      "id": "node/2191610916"
    },
    {
      "type": "Feature",
      "properties": {
        "@id": "node/2191686573",
        "seamark:buoy_safe_water:colour": "red;white",
        "seamark:buoy_safe_water:colour_pattern": "vertical",
        "seamark:buoy_safe_water:shape": "pillar",
        "seamark:light:character": "LFl",
        "seamark:light:colour": "white",
        "seamark:light:period": "10",
        "seamark:topmark:colour": "red",
        "seamark:topmark:shape": "sphere",
        "seamark:type": "buoy_safe_water"
      },
      "geometry": {
        "type": "Point",
        "coordinates": [
          12.1503326,
          54.8715745
        ]
      },
      "id": "node/2191686573"
    },
    {
      "type": "Feature",
      "properties": {
        "@id": "node/2192702936",
        "seamark:buoy_safe_water:colour": "red;white",
        "seamark:buoy_safe_water:colour_pattern": "vertical",
        "seamark:buoy_safe_water:shape": "pillar",
        "seamark:light:character": "Mo",
        "seamark:light:colour": "white",
        "seamark:light:group": "A",
        "seamark:light:period": "6",
        "seamark:name": "Qingzhou No.1",
        "seamark:radio_station:category": "ais",
        "seamark:radio_station:mmsi": "994131633",
        "seamark:topmark:colour": "red",
        "seamark:topmark:shape": "sphere",
        "seamark:type": "buoy_safe_water",
        "source": "China MSA Notice No. 814/2012"
      },
      "geometry": {
        "type": "Point",
        "coordinates": [
          113.7366667,
          22.1925
        ]
      },
      "id": "node/2192702936"
    },
    {
      "type": "Feature",
      "properties": {
        "@id": "node/2251002276",
        "seamark:buoy_safe_water:colour": "red;white",
        "seamark:buoy_safe_water:colour_pattern": "vertical",
        "seamark:buoy_safe_water:shape": "spar",
        "seamark:light:character": "Oc",
        "seamark:light:colour": "white",
        "seamark:light:period": "6",
        "seamark:name": "EZ-B",
        "seamark:source": "https://data.overheid.nl/dataset/2c5f6817-d902-4123-9b1d-103a0a484979 2023-06-30",
        "seamark:source:id": "1492282",
        "seamark:type": "buoy_safe_water"
      },
      "geometry": {
        "type": "Point",
        "coordinates": [
          5.3708208,
          52.7423081
        ]
      },
      "id": "node/2251002276"
    },
    {
      "type": "Feature",
      "properties": {
        "@id": "node/2251013793",
        "seamark:buoy_safe_water:colour": "red;white",
        "seamark:buoy_safe_water:colour_pattern": "vertical",
        "seamark:buoy_safe_water:shape": "spar",
        "seamark:light:character": "Mo",
        "seamark:light:colour": "white",
        "seamark:light:group": "A",
        "seamark:light:period": "8",
        "seamark:name": "KG",
        "seamark:source": "https://data.overheid.nl/dataset/2c5f6817-d902-4123-9b1d-103a0a484979 2023-06-30",
        "seamark:source:id": "1495077",
        "seamark:type": "buoy_safe_water"
      },
      "geometry": {
        "type": "Point",
        "coordinates": [
          5.3334377,
          52.7189023
        ]
      },
      "id": "node/2251013793"
    },
    {
      "type": "Feature",
      "properties": {
        "@id": "node/2270718288",
        "seamark:buoy_safe_water:colour": "red;white",
        "seamark:buoy_safe_water:colour_pattern": "vertical",
        "seamark:buoy_safe_water:shape": "spar",
        "seamark:information": "If there is a risk of ice the buoy has no topmark.",
        "seamark:lnam": "00B44010D1960037",
        "seamark:name": "Schmaltief",
        "seamark:topmark:colour": "red",
        "seamark:topmark:shape": "sphere",
        "seamark:type": "buoy_safe_water"
      },
      "geometry": {
        "type": "Point",
        "coordinates": [
          8.3545333,
          54.4150833
        ]
      },
      "id": "node/2270718288"
    },
    {
      "type": "Feature",
      "properties": {
        "@id": "node/2278423214",
        "description": "WP 338 Kiel-Ostsee-Weg",
        "seamark:buoy_safe_water:colour": "red;white",
        "seamark:buoy_safe_water:colour_pattern": "vertical",
        "seamark:buoy_safe_water:shape": "pillar",
        "seamark:light:character": "Iso",
        "seamark:light:colour": "white",
        "seamark:light:period": "8",
        "seamark:name": "KO 10 / T 67/68",
        "seamark:topmark:colour": "red",
        "seamark:topmark:shape": "sphere",
        "seamark:type": "buoy_safe_water"
      },
      "geometry": {
        "type": "Point",
        "coordinates": [
          11.7821193,
          54.4207
        ]
      },
      "id": "node/2278423214"
    },
    {
      "type": "Feature",
      "properties": {
        "@id": "node/2292631050",
        "seamark:buoy_safe_water:colour": "red;white",
        "seamark:buoy_safe_water:colour_pattern": "vertical",
        "seamark:buoy_safe_water:shape": "spherical",
        "seamark:light:character": "Iso",
        "seamark:light:colour": "white",
        "seamark:light:period": "6",
        "seamark:name": "Az Zukum West",
        "seamark:type": "buoy_safe_water"
      },
      "geometry": {
        "type": "Point",
        "coordinates": [
          52.9981396,
          24.944994
        ]
      },
      "id": "node/2292631050"
    },
    {
      "type": "Feature",
      "properties": {
        "@id": "node/2292631052",
        "seamark:buoy_safe_water:colour": "red;white",
        "seamark:buoy_safe_water:colour_pattern": "vertical",
        "seamark:buoy_safe_water:shape": "pillar",
        "seamark:light:character": "LFl",
        "seamark:light:colour": "white",
        "seamark:light:period": "10",
        "seamark:name": "Az Zukum Middle",
        "seamark:topmark:colour": "red",
        "seamark:topmark:shape": "sphere",
        "seamark:type": "buoy_safe_water"
      },
      "geometry": {
        "type": "Point",
        "coordinates": [
          53.1430522,
          24.9878183
        ]
      },
      "id": "node/2292631052"
    },
    {
      "type": "Feature",
      "properties": {
        "@id": "node/2292631055",
        "seamark:buoy_safe_water:colour": "red;white",
        "seamark:buoy_safe_water:colour_pattern": "vertical",
        "seamark:buoy_safe_water:shape": "spherical",
        "seamark:light:character": "Iso",
        "seamark:light:colour": "white",
        "seamark:light:period": "6",
        "seamark:name": "Az Zukum East",
        "seamark:type": "buoy_safe_water"
      },
      "geometry": {
        "type": "Point",
        "coordinates": [
          53.3262568,
          25.0415323
        ]
      },
      "id": "node/2292631055"
    },
    {
      "type": "Feature",
      "properties": {
        "@id": "node/2293878743",
        "seamark:buoy_safe_water:colour": "red;white",
        "seamark:buoy_safe_water:colour_pattern": "vertical",
        "seamark:buoy_safe_water:shape": "pillar",
        "seamark:light:character": "Oc",
        "seamark:light:colour": "white",
        "seamark:light:group": "1",
        "seamark:light:period": "15",
        "seamark:name": "No. 2",
        "seamark:topmark:colour": "red",
        "seamark:topmark:shape": "sphere",
        "seamark:type": "buoy_safe_water"
      },
      "geometry": {
        "type": "Point",
        "coordinates": [
          53.0410982,
          25.074975
        ]
      },
      "id": "node/2293878743"
    },
    {
      "type": "Feature",
      "properties": {
        "@id": "node/2293878744",
        "seamark:buoy_safe_water:colour": "red;white",
        "seamark:buoy_safe_water:colour_pattern": "vertical",
        "seamark:buoy_safe_water:shape": "pillar",
        "seamark:light:character": "LFl",
        "seamark:light:colour": "white",
        "seamark:light:group": "1",
        "seamark:light:period": "10",
        "seamark:name": "No. 3",
        "seamark:topmark:colour": "red",
        "seamark:topmark:shape": "sphere",
        "seamark:type": "buoy_safe_water"
      },
      "geometry": {
        "type": "Point",
        "coordinates": [
          53.0515334,
          25.10879
        ]
      },
      "id": "node/2293878744"
    },
    {
      "type": "Feature",
      "properties": {
        "@id": "node/2293878765",
        "seamark:buoy_safe_water:colour": "red;white",
        "seamark:buoy_safe_water:colour_pattern": "vertical",
        "seamark:buoy_safe_water:shape": "pillar",
        "seamark:light:character": "Oc",
        "seamark:light:colour": "white",
        "seamark:light:period": "8",
        "seamark:name": "No. 4",
        "seamark:topmark:colour": "red",
        "seamark:topmark:shape": "sphere",
        "seamark:type": "buoy_safe_water"
      },
      "geometry": {
        "type": "Point",
        "coordinates": [
          53.0446508,
          25.1650425
        ]
      },
      "id": "node/2293878765"
    },
    {
      "type": "Feature",
      "properties": {
        "@id": "node/2293878766",
        "seamark:buoy_safe_water:colour": "red;white",
        "seamark:buoy_safe_water:colour_pattern": "vertical",
        "seamark:buoy_safe_water:shape": "pillar",
        "seamark:light:character": "Mo",
        "seamark:light:colour": "white",
        "seamark:light:group": "A",
        "seamark:light:period": "10",
        "seamark:name": "No. 5",
        "seamark:topmark:colour": "red",
        "seamark:topmark:shape": "sphere",
        "seamark:type": "buoy_safe_water"
      },
      "geometry": {
        "type": "Point",
        "coordinates": [
          53.0045726,
          25.1882802
        ]
      },
      "id": "node/2293878766"
    },
    {
      "type": "Feature",
      "properties": {
        "@id": "node/2293882914",
        "seamark:buoy_safe_water:colour": "red;white",
        "seamark:buoy_safe_water:colour_pattern": "vertical",
        "seamark:buoy_safe_water:shape": "pillar",
        "seamark:light:character": "LFl",
        "seamark:light:colour": "white",
        "seamark:light:period": "10",
        "seamark:topmark:colour": "red",
        "seamark:topmark:shape": "sphere",
        "seamark:type": "buoy_safe_water"
      },
      "geometry": {
        "type": "Point",
        "coordinates": [
          53.3332,
          25.45005
        ]
      },
      "id": "node/2293882914"
    },
    {
      "type": "Feature",
      "properties": {
        "@id": "node/2296889294",
        "seamark:buoy_safe_water:colour": "red;white",
        "seamark:buoy_safe_water:colour_pattern": "vertical",
        "seamark:buoy_safe_water:shape": "spherical",
        "seamark:light:character": "Iso",
        "seamark:light:colour": "white",
        "seamark:light:period": "6",
        "seamark:topmark:colour": "red",
        "seamark:topmark:shape": "sphere",
        "seamark:type": "buoy_safe_water"
      },
      "geometry": {
        "type": "Point",
        "coordinates": [
          56.0385223,
          26.001655
        ]
      },
      "id": "node/2296889294"
    },
    {
      "type": "Feature",
      "properties": {
        "@id": "node/2296889310",
        "seamark:buoy_safe_water:colour": "red;white",
        "seamark:buoy_safe_water:colour_pattern": "vertical",
        "seamark:buoy_safe_water:shape": "pillar",
        "seamark:light:character": "Mo",
        "seamark:light:colour": "white",
        "seamark:light:group": "A",
        "seamark:light:period": "10",
        "seamark:topmark:colour": "red",
        "seamark:topmark:shape": "sphere",
        "seamark:type": "buoy_safe_water"
      },
      "geometry": {
        "type": "Point",
        "coordinates": [
          56.2536382,
          26.2217133
        ]
      },
      "id": "node/2296889310"
    },
    {
      "type": "Feature",
      "properties": {
        "@id": "node/2299872574",
        "seamark:buoy_safe_water:colour": "red;white",
        "seamark:buoy_safe_water:colour_pattern": "vertical",
        "seamark:buoy_safe_water:shape": "pillar",
        "seamark:light:character": "Fl",
        "seamark:light:colour": "white",
        "seamark:light:period": "5",
        "seamark:name": "WM-5",
        "seamark:topmark:colour": "red",
        "seamark:topmark:shape": "sphere",
        "seamark:type": "buoy_safe_water"
      },
      "geometry": {
        "type": "Point",
        "coordinates": [
          53.3309894,
          24.4462679
        ]
      },
      "id": "node/2299872574"
    },
    {
      "type": "Feature",
      "properties": {
        "@id": "node/2299872582",
        "seamark:buoy_safe_water:colour": "red;white",
        "seamark:buoy_safe_water:colour_pattern": "vertical",
        "seamark:buoy_safe_water:shape": "pillar",
        "seamark:light:character": "Fl",
        "seamark:light:colour": "white",
        "seamark:light:period": "5",
        "seamark:name": "WM-6",
        "seamark:topmark:colour": "red",
        "seamark:topmark:shape": "sphere",
        "seamark:type": "buoy_safe_water"
      },
      "geometry": {
        "type": "Point",
        "coordinates": [
          53.233933,
          24.4571972
        ]
      },
      "id": "node/2299872582"
    },
    {
      "type": "Feature",
      "properties": {
        "@id": "node/2299872589",
        "seamark:buoy_safe_water:colour": "red;white",
        "seamark:buoy_safe_water:colour_pattern": "vertical",
        "seamark:buoy_safe_water:shape": "pillar",
        "seamark:light:character": "LFl",
        "seamark:light:colour": "white",
        "seamark:light:period": "10",
        "seamark:type": "buoy_safe_water"
      },
      "geometry": {
        "type": "Point",
        "coordinates": [
          52.4003936,
          24.4666279
        ]
      },
      "id": "node/2299872589"
    },
    {
      "type": "Feature",
      "properties": {
        "@id": "node/2299872594",
        "seamark:buoy_safe_water:colour": "red;white",
        "seamark:buoy_safe_water:colour_pattern": "vertical",
        "seamark:buoy_safe_water:shape": "pillar",
        "seamark:light:character": "Fl",
        "seamark:light:colour": "white",
        "seamark:light:period": "5",
        "seamark:name": "WM-7",
        "seamark:topmark:colour": "red",
        "seamark:topmark:shape": "sphere",
        "seamark:type": "buoy_safe_water"
      },
      "geometry": {
        "type": "Point",
        "coordinates": [
          53.1010201,
          24.468013
        ]
      },
      "id": "node/2299872594"
    },
    {
      "type": "Feature",
      "properties": {
        "@id": "node/2299872625",
        "seamark:buoy_safe_water:colour": "red;white",
        "seamark:buoy_safe_water:colour_pattern": "vertical",
        "seamark:buoy_safe_water:shape": "spherical",
        "seamark:light:character": "Iso",
        "seamark:light:colour": "white",
        "seamark:light:period": "10",
        "seamark:name": "Outer Fairway",
        "seamark:topmark:colour": "red",
        "seamark:topmark:shape": "sphere",
        "seamark:type": "buoy_safe_water"
      },
      "geometry": {
        "type": "Point",
        "coordinates": [
          52.8869487,
          24.7641064
        ]
      },
      "id": "node/2299872625"
    },
    {
      "type": "Feature",
      "properties": {
        "@id": "node/2357385118",
        "seamark:buoy_safe_water:colour": "red;white",
        "seamark:buoy_safe_water:colour_pattern": "vertical",
        "seamark:buoy_safe_water:shape": "pillar",
        "seamark:light:character": "Iso",
        "seamark:light:colour": "white",
        "seamark:light:period": "8",
        "seamark:light:range": "7.3",
        "seamark:name": "AW",
        "seamark:topmark:colour": "red",
        "seamark:topmark:shape": "sphere",
        "seamark:type": "buoy_safe_water"
      },
      "geometry": {
        "type": "Point",
        "coordinates": [
          3.1175,
          51.3736667
        ]
      },
      "id": "node/2357385118"
    },
    {
      "type": "Feature",
      "properties": {
        "@id": "node/2414321753",
        "seamark:buoy_safe_water:colour": "red;white",
        "seamark:buoy_safe_water:colour_pattern": "vertical",
        "seamark:buoy_safe_water:shape": "pillar",
        "seamark:light:character": "LFl",
        "seamark:light:colour": "white",
        "seamark:light:period": "10",
        "seamark:light:range": "8.5",
        "seamark:name": "A1-bis",
        "seamark:topmark:colour": "black",
        "seamark:topmark:shape": "sphere",
        "seamark:type": "buoy_safe_water"
      },
      "geometry": {
        "type": "Point",
        "coordinates": [
          2.9670212,
          51.3613675
        ]
      },
      "id": "node/2414321753"
    },
    {
      "type": "Feature",
      "properties": {
        "@id": "node/2414321755",
        "seamark:buoy_safe_water:colour": "red;white",
        "seamark:buoy_safe_water:colour_pattern": "vertical",
        "seamark:buoy_safe_water:shape": "pillar",
        "seamark:light:character": "Iso",
        "seamark:light:colour": "white",
        "seamark:light:period": "8",
        "seamark:light:range": "8.5",
        "seamark:name": "A 1",
        "seamark:topmark:colour": "black",
        "seamark:topmark:shape": "sphere",
        "seamark:type": "buoy_safe_water"
      },
      "geometry": {
        "type": "Point",
        "coordinates": [
          2.8889773,
          51.3727667
        ]
      },
      "id": "node/2414321755"
    },
    {
      "type": "Feature",
      "properties": {
        "@id": "node/2460131553",
        "name": "Hiddensee",
        "seamark:buoy_safe_water:colour": "red;white",
        "seamark:buoy_safe_water:colour_pattern": "vertical",
        "seamark:buoy_safe_water:shape": "pillar",
        "seamark:information": "If there is a risk of ice the buoy will be unlit and has no topmark.",
        "seamark:light:character": "Oc",
        "seamark:light:colour": "white",
        "seamark:light:period": "4",
        "seamark:lnam": "00B442DAC770DA01",
        "seamark:name": "Hiddensee",
        "seamark:topmark:colour": "red",
        "seamark:topmark:shape": "sphere",
        "seamark:type": "buoy_safe_water"
      },
      "geometry": {
        "type": "Point",
        "coordinates": [
          13.184618,
          54.604938
        ]
      },
      "id": "node/2460131553"
    },
    {
      "type": "Feature",
      "properties": {
        "@id": "node/2478639912",
        "seamark": "buoy",
        "seamark:buoy_safe_water:colour": "red;white",
        "seamark:buoy_safe_water:colour_pattern": "vertical",
        "seamark:buoy_safe_water:shape": "pillar",
        "seamark:light:character": "LFl",
        "seamark:light:period": "10",
        "seamark:light:range": "5",
        "seamark:topmark:colour": "red",
        "seamark:topmark:shape": "sphere",
        "seamark:type": "buoy_safe_water"
      },
      "geometry": {
        "type": "Point",
        "coordinates": [
          -6.3325016,
          36.5656409
        ]
      },
      "id": "node/2478639912"
    },
    {
      "type": "Feature",
      "properties": {
        "@id": "node/2498052608",
        "seamark:buoy_safe_water:colour": "red;white",
        "seamark:buoy_safe_water:colour_pattern": "vertical",
        "seamark:buoy_safe_water:shape": "pillar",
        "seamark:light:character": "Mo",
        "seamark:light:colour": "white",
        "seamark:light:group": "A",
        "seamark:light:period": "8",
        "seamark:name": "No 2",
        "seamark:topmark:colour": "red",
        "seamark:topmark:shape": "sphere",
        "seamark:type": "buoy_safe_water",
        "source": "US NGA Pub. 112. 2009-11-12."
      },
      "geometry": {
        "type": "Point",
        "coordinates": [
          135.3057203,
          34.6698834
        ]
      },
      "id": "node/2498052608"
    },
    {
      "type": "Feature",
      "properties": {
        "@id": "node/2502357563",
        "seamark:buoy_safe_water:colour": "red;white",
        "seamark:buoy_safe_water:colour_pattern": "vertical",
        "seamark:buoy_safe_water:shape": "pillar",
        "seamark:light:character": "Iso",
        "seamark:light:colour": "white",
        "seamark:light:period": "4",
        "seamark:name": "No 1",
        "seamark:radar_reflector": "yes",
        "seamark:topmark:colour": "red",
        "seamark:topmark:shape": "sphere",
        "seamark:type": "buoy_safe_water",
        "source": "US NGA Pub. 112. 2009-11-12."
      },
      "geometry": {
        "type": "Point",
        "coordinates": [
          135.3114165,
          34.6293608
        ]
      },
      "id": "node/2502357563"
    },
    {
      "type": "Feature",
      "properties": {
        "@id": "node/2504761449",
        "seamark:buoy_safe_water:colour": "red;white",
        "seamark:buoy_safe_water:colour_pattern": "vertical",
        "seamark:buoy_safe_water:shape": "pillar",
        "seamark:light:character": "Mo",
        "seamark:light:colour": "white",
        "seamark:light:group": "A",
        "seamark:light:period": "8",
        "seamark:name": "明石海峡航路東方灯浮標",
        "seamark:radar_transponder:category": "racon",
        "seamark:topmark:colour": "red",
        "seamark:topmark:shape": "sphere",
        "seamark:type": "buoy_safe_water",
        "source": "US NGA Pub. 112. 2009-11-12."
      },
      "geometry": {
        "type": "Point",
        "coordinates": [
          135.0822974,
          34.58311
        ]
      },
      "id": "node/2504761449"
    },
    {
      "type": "Feature",
      "properties": {
        "@id": "node/2551531893",
        "seamark:buoy_safe_water:colour": "red;white",
        "seamark:buoy_safe_water:colour_pattern": "vertical",
        "seamark:buoy_safe_water:shape": "pillar",
        "seamark:light:character": "LFl",
        "seamark:light:colour": "red",
        "seamark:light:period": "10",
        "seamark:name": "DKA",
        "seamark:radar_reflector": "yes",
        "seamark:topmark:colour": "red",
        "seamark:topmark:shape": "sphere",
        "seamark:type": "buoy_safe_water",
        "source:website": "www.geoportail.gouv.fr"
      },
      "geometry": {
        "type": "Point",
        "coordinates": [
          1.94925,
          51.0425278
        ]
      },
      "id": "node/2551531893"
    },
    {
      "type": "Feature",
      "properties": {
        "@id": "node/2567971064",
        "seamark:buoy_safe_water:colour": "red;white",
        "seamark:buoy_safe_water:colour_pattern": "vertical",
        "seamark:buoy_safe_water:shape": "spar",
        "seamark:light:character": "Mo",
        "seamark:light:colour": "white",
        "seamark:light:group": "A",
        "seamark:light:period": "8",
        "seamark:name": "KEETEN A",
        "seamark:radar_reflector": "yes",
        "seamark:source": "170811_DNZ_002a_markeringen_drijvend *",
        "seamark:topmark:colour": "red",
        "seamark:topmark:shape": "sphere",
        "seamark:type": "buoy_safe_water"
      },
      "geometry": {
        "type": "Point",
        "coordinates": [
          3.9198028,
          51.6182167
        ]
      },
      "id": "node/2567971064"
    },
    {
      "type": "Feature",
      "properties": {
        "@id": "node/2578283498",
        "seamark:buoy_safe_water:colour": "red;white",
        "seamark:buoy_safe_water:colour_pattern": "vertical",
        "seamark:buoy_safe_water:shape": "pillar",
        "seamark:information": "If there is a risk of ice the buoy will be replaced by a special ice buoy (unlit/no topmark)",
        "seamark:light:character": "Iso",
        "seamark:light:colour": "white",
        "seamark:light:period": "4",
        "seamark:lnam": "00B44010D18F0026",
        "seamark:name": "Greifswalder Oie",
        "seamark:topmark:colour": "red",
        "seamark:topmark:shape": "sphere",
        "seamark:type": "buoy_safe_water"
      },
      "geometry": {
        "type": "Point",
        "coordinates": [
          13.861134,
          54.253836
        ]
      },
      "id": "node/2578283498"
    },
    {
      "type": "Feature",
      "properties": {
        "@id": "node/2620578320",
        "seamark:buoy_safe_water:colour": "red;white;red",
        "seamark:buoy_safe_water:colour_pattern": "horizontal",
        "seamark:buoy_safe_water:shape": "spar",
        "seamark:type": "buoy_safe_water"
      },
      "geometry": {
        "type": "Point",
        "coordinates": [
          22.4575323,
          63.6633514
        ]
      },
      "id": "node/2620578320"
    },
    {
      "type": "Feature",
      "properties": {
        "@id": "node/2620578326",
        "seamark:buoy_safe_water:colour": "red;white;red",
        "seamark:buoy_safe_water:colour_pattern": "horizontal",
        "seamark:buoy_safe_water:shape": "spar",
        "seamark:type": "buoy_safe_water"
      },
      "geometry": {
        "type": "Point",
        "coordinates": [
          22.5066159,
          63.6885909
        ]
      },
      "id": "node/2620578326"
    },
    {
      "type": "Feature",
      "properties": {
        "@id": "node/2620578463",
        "seamark:buoy_safe_water:category": "east",
        "seamark:buoy_safe_water:colour": "black;yellow;black",
        "seamark:buoy_safe_water:colour_pattern": "horizontal",
        "seamark:buoy_safe_water:shape": "spar",
        "seamark:type": "buoy_safe_water"
      },
      "geometry": {
        "type": "Point",
        "coordinates": [
          22.5635532,
          63.7184879
        ]
      },
      "id": "node/2620578463"
    },
    {
      "type": "Feature",
      "properties": {
        "@id": "node/2627625417",
        "seamark:buoy_safe_water:colour": "red;white",
        "seamark:buoy_safe_water:colour_pattern": "vertical",
        "seamark:buoy_safe_water:shape": "spar",
        "seamark:type": "buoy_safe_water"
      },
      "geometry": {
        "type": "Point",
        "coordinates": [
          21.2867217,
          61.768675
        ]
      },
      "id": "node/2627625417"
    },
    {
      "type": "Feature",
      "properties": {
        "@id": "node/2627625430",
        "seamark:buoy_safe_water:colour": "red;white",
        "seamark:buoy_safe_water:colour_pattern": "vertical",
        "seamark:buoy_safe_water:shape": "spar",
        "seamark:type": "buoy_safe_water"
      },
      "geometry": {
        "type": "Point",
        "coordinates": [
          21.2781317,
          61.8046033
        ]
      },
      "id": "node/2627625430"
    },
    {
      "type": "Feature",
      "properties": {
        "@id": "node/2662092504",
        "seamark:buoy_safe_water:colour": "red;white",
        "seamark:buoy_safe_water:colour_pattern": "vertical",
        "seamark:buoy_safe_water:shape": "pillar",
        "seamark:type": "buoy_safe_water"
      },
      "geometry": {
        "type": "Point",
        "coordinates": [
          12.1462565,
          55.0721913
        ]
      },
      "id": "node/2662092504"
    },
    {
      "type": "Feature",
      "properties": {
        "@id": "node/2697690243",
        "seamark:buoy_safe_water:colour": "red;white",
        "seamark:buoy_safe_water:colour_pattern": "vertical",
        "seamark:buoy_safe_water:shape": "pillar",
        "seamark:fog_signal:category": "horn",
        "seamark:fog_signal:group": "1",
        "seamark:fog_signal:period": "20",
        "seamark:light:character": "LFl",
        "seamark:light:colour": "white",
        "seamark:light:period": "10",
        "seamark:light:range": "16",
        "seamark:name": "Newarp",
        "seamark:radar_transponder:category": "racon",
        "seamark:radar_transponder:group": "O",
        "seamark:radio_station:category": "ais",
        "seamark:type": "buoy_safe_water"
      },
      "geometry": {
        "type": "Point",
        "coordinates": [
          1.9281,
          52.8062333
        ]
      },
      "id": "node/2697690243"
    },
    {
      "type": "Feature",
      "properties": {
        "@id": "node/2707129020",
        "name": "Irbe teljepoi Nr.1",
        "seamark:light:character": "Mo",
        "seamark:light:colour": "white",
        "seamark:light:group": "A",
        "seamark:light:period": "10",
        "seamark:radar_reflector": "yes",
        "seamark:type": "buoy_safe_water",
        "source:url": "http://195.50.203.61/POID?Lan=997"
      },
      "geometry": {
        "type": "Point",
        "coordinates": [
          21.652621,
          57.8504812
        ]
      },
      "id": "node/2707129020"
    },
    {
      "type": "Feature",
      "properties": {
        "@id": "node/2709420393",
        "seamark:name": "Praaga teljepoi; LFl W 10s",
        "seamark:type": "buoy_safe_water"
      },
      "geometry": {
        "type": "Point",
        "coordinates": [
          27.28795,
          58.4448167
        ]
      },
      "id": "node/2709420393"
    },
    {
      "type": "Feature",
      "properties": {
        "@id": "node/2761893415",
        "seamark:buoy_safe_water:colour": "red;white",
        "seamark:buoy_safe_water:colour_pattern": "vertical",
        "seamark:buoy_safe_water:shape": "spherical",
        "seamark:information": "No replacement will be made if the buoy becomes adrift if there is a risk of ice.",
        "seamark:lnam": "00B442F70EC8DA01",
        "seamark:name": "Robbenloch",
        "seamark:topmark:colour": "red",
        "seamark:topmark:shape": "sphere",
        "seamark:type": "buoy_safe_water"
      },
      "geometry": {
        "type": "Point",
        "coordinates": [
          8.3111,
          53.963833
        ]
      },
      "id": "node/2761893415"
    },
    {
      "type": "Feature",
      "properties": {
        "@id": "node/2818717151",
        "seamark:buoy_safe_water:colour": "red;white",
        "seamark:buoy_safe_water:colour_pattern": "vertical",
        "seamark:buoy_safe_water:shape": "spherical",
        "seamark:type": "buoy_safe_water"
      },
      "geometry": {
        "type": "Point",
        "coordinates": [
          -58.3333273,
          -33.9753135
        ]
      },
      "id": "node/2818717151"
    },
    {
      "type": "Feature",
      "properties": {
        "@id": "node/2818717152",
        "seamark:buoy_safe_water:colour": "red;white",
        "seamark:buoy_safe_water:colour_pattern": "vertical",
        "seamark:buoy_safe_water:shape": "spherical",
        "seamark:type": "buoy_safe_water"
      },
      "geometry": {
        "type": "Point",
        "coordinates": [
          -58.3325242,
          -33.9887052
        ]
      },
      "id": "node/2818717152"
    },
    {
      "type": "Feature",
      "properties": {
        "@id": "node/2838542933",
        "name": "Fairway",
        "seamark:buoy_safe_water:colour": "red;white",
        "seamark:buoy_safe_water:colour_pattern": "vertical",
        "seamark:buoy_safe_water:shape": "spherical",
        "seamark:type": "buoy_safe_water",
        "source": "survey"
      },
      "geometry": {
        "type": "Point",
        "coordinates": [
          -5.6679265,
          57.8664533
        ]
      },
      "id": "node/2838542933"
    },
    {
      "type": "Feature",
      "properties": {
        "@id": "node/2876784024",
        "seamark:buoy_safe_water:colour": "red;white",
        "seamark:buoy_safe_water:colour_pattern": "vertical",
        "seamark:buoy_safe_water:shape": "pillar",
        "seamark:light:character": "Fl",
        "seamark:light:colour": "white",
        "seamark:light:period": "10",
        "seamark:topmark:colour": "red",
        "seamark:topmark:shape": "sphere",
        "seamark:type": "buoy_safe_water"
      },
      "geometry": {
        "type": "Point",
        "coordinates": [
          -58.0067624,
          -34.2742474
        ]
      },
      "id": "node/2876784024"
    },
    {
      "type": "Feature",
      "properties": {
        "@id": "node/2876828867",
        "seamark:buoy_safe_water:colour": "red;white",
        "seamark:buoy_safe_water:colour_pattern": "vertical",
        "seamark:buoy_safe_water:shape": "spar",
        "seamark:light:character": "Fl",
        "seamark:light:colour": "white",
        "seamark:light:period": "10",
        "seamark:topmark:colour": "red",
        "seamark:topmark:shape": "sphere",
        "seamark:type": "buoy_safe_water"
      },
      "geometry": {
        "type": "Point",
        "coordinates": [
          -57.741464,
          -34.815544
        ]
      },
      "id": "node/2876828867"
    },
    {
      "type": "Feature",
      "properties": {
        "@id": "node/2876828869",
        "seamark:buoy_safe_water:colour": "red;white",
        "seamark:buoy_safe_water:colour_pattern": "vertical",
        "seamark:buoy_safe_water:shape": "pillar",
        "seamark:light:colour": "white",
        "seamark:topmark:colour": "red",
        "seamark:topmark:shape": "sphere",
        "seamark:type": "buoy_safe_water"
      },
      "geometry": {
        "type": "Point",
        "coordinates": [
          -57.3926377,
          -34.8429239
        ]
      },
      "id": "node/2876828869"
    },
    {
      "type": "Feature",
      "properties": {
        "@id": "node/2876835310",
        "seamark:buoy_safe_water:colour": "red;white",
        "seamark:buoy_safe_water:colour_pattern": "vertical",
        "seamark:buoy_safe_water:shape": "pillar",
        "seamark:light:character": "Mo",
        "seamark:light:colour": "white",
        "seamark:light:group": "A",
        "seamark:light:period": "15",
        "seamark:name": "No 01",
        "seamark:topmark:colour": "red",
        "seamark:topmark:shape": "sphere",
        "seamark:type": "buoy_safe_water"
      },
      "geometry": {
        "type": "Point",
        "coordinates": [
          -57.6508705,
          -34.8568541
        ]
      },
      "id": "node/2876835310"
    },
    {
      "type": "Feature",
      "properties": {
        "@id": "node/2876835313",
        "seamark:buoy_safe_water:colour": "red;white",
        "seamark:buoy_safe_water:colour_pattern": "vertical",
        "seamark:buoy_safe_water:shape": "pillar",
        "seamark:light:colour": "white",
        "seamark:radio_station:category": "ais",
        "seamark:topmark:colour": "red",
        "seamark:topmark:shape": "sphere",
        "seamark:type": "buoy_safe_water"
      },
      "geometry": {
        "type": "Point",
        "coordinates": [
          -57.3450127,
          -34.8675538
        ]
      },
      "id": "node/2876835313"
    },
    {
      "type": "Feature",
      "properties": {
        "@id": "node/2876835315",
        "seamark:buoy_safe_water:colour": "red;white",
        "seamark:buoy_safe_water:colour_pattern": "vertical",
        "seamark:buoy_safe_water:shape": "spar",
        "seamark:light:character": "Fl",
        "seamark:light:colour": "white",
        "seamark:light:period": "10",
        "seamark:topmark:colour": "red",
        "seamark:topmark:shape": "sphere",
        "seamark:type": "buoy_safe_water"
      },
      "geometry": {
        "type": "Point",
        "coordinates": [
          -57.5614848,
          -34.8988039
        ]
      },
      "id": "node/2876835315"
    },
    {
      "type": "Feature",
      "properties": {
        "@id": "node/2876835316",
        "seamark:buoy_safe_water:colour": "red;white",
        "seamark:buoy_safe_water:colour_pattern": "vertical",
        "seamark:buoy_safe_water:shape": "pillar",
        "seamark:light:colour": "white",
        "seamark:topmark:colour": "red",
        "seamark:topmark:shape": "sphere",
        "seamark:type": "buoy_safe_water"
      },
      "geometry": {
        "type": "Point",
        "coordinates": [
          -57.3016754,
          -34.9064941
        ]
      },
      "id": "node/2876835316"
    },
    {
      "type": "Feature",
      "properties": {
        "@id": "node/2876835325",
        "seamark:buoy_safe_water:colour": "red;white",
        "seamark:buoy_safe_water:colour_pattern": "vertical",
        "seamark:buoy_safe_water:shape": "pillar",
        "seamark:light:character": "Mo",
        "seamark:light:colour": "white",
        "seamark:light:group": "A",
        "seamark:light:period": "15",
        "seamark:name": "No 01",
        "seamark:topmark:colour": "red",
        "seamark:topmark:shape": "sphere",
        "seamark:type": "buoy_safe_water"
      },
      "geometry": {
        "type": "Point",
        "coordinates": [
          -57.3847267,
          -34.9783506
        ]
      },
      "id": "node/2876835325"
    },
    {
      "type": "Feature",
      "properties": {
        "@id": "node/2876835326",
        "seamark:buoy_safe_water:colour": "red;white",
        "seamark:buoy_safe_water:colour_pattern": "vertical",
        "seamark:buoy_safe_water:shape": "pillar",
        "seamark:light:character": "Fl",
        "seamark:light:colour": "white",
        "seamark:light:period": "10",
        "seamark:topmark:colour": "red",
        "seamark:topmark:shape": "sphere",
        "seamark:type": "buoy_safe_water"
      },
      "geometry": {
        "type": "Point",
        "coordinates": [
          -56.2247348,
          -34.996881
        ]
      },
      "id": "node/2876835326"
    },
    {
      "type": "Feature",
      "properties": {
        "@id": "node/2876835647",
        "seamark:buoy_safe_water:colour": "red;white",
        "seamark:buoy_safe_water:colour_pattern": "vertical",
        "seamark:buoy_safe_water:shape": "pillar",
        "seamark:light:character": "Mo",
        "seamark:light:colour": "white",
        "seamark:light:group": "A",
        "seamark:light:period": "15",
        "seamark:name": "No 01",
        "seamark:topmark:colour": "red",
        "seamark:topmark:shape": "sphere",
        "seamark:type": "buoy_safe_water"
      },
      "geometry": {
        "type": "Point",
        "coordinates": [
          -57.3150703,
          -35.0195788
        ]
      },
      "id": "node/2876835647"
    },
    {
      "type": "Feature",
      "properties": {
        "@id": "node/2876839687",
        "seamark:buoy_safe_water:colour": "red;white",
        "seamark:buoy_safe_water:colour_pattern": "vertical",
        "seamark:buoy_safe_water:shape": "pillar",
        "seamark:light:character": "Fl",
        "seamark:light:colour": "white",
        "seamark:light:height": "4.6",
        "seamark:light:period": "10",
        "seamark:light:range": "4.7",
        "seamark:topmark:colour": "red",
        "seamark:topmark:shape": "sphere",
        "seamark:type": "buoy_safe_water"
      },
      "geometry": {
        "type": "Point",
        "coordinates": [
          -55.855429,
          -35.0579249
        ]
      },
      "id": "node/2876839687"
    },
    {
      "type": "Feature",
      "properties": {
        "@id": "node/2876839688",
        "seamark:buoy_safe_water:colour": "red;white",
        "seamark:buoy_safe_water:colour_pattern": "vertical",
        "seamark:buoy_safe_water:shape": "pillar",
        "seamark:light:character": "Mo",
        "seamark:light:colour": "white",
        "seamark:light:group": "A",
        "seamark:light:period": "15",
        "seamark:name": "No 01",
        "seamark:topmark:colour": "red",
        "seamark:topmark:shape": "sphere",
        "seamark:type": "buoy_safe_water"
      },
      "geometry": {
        "type": "Point",
        "coordinates": [
          -57.2145414,
          -35.0596892
        ]
      },
      "id": "node/2876839688"
    },
    {
      "type": "Feature",
      "properties": {
        "@id": "node/2876839691",
        "radar_transponder": "racon",
        "seamark:buoy_safe_water:colour": "red;white",
        "seamark:buoy_safe_water:colour_pattern": "vertical",
        "seamark:buoy_safe_water:shape": "pillar",
        "seamark:light:character": "Iso",
        "seamark:light:colour": "white",
        "seamark:light:period": "2",
        "seamark:radar_transponder:category": "racon",
        "seamark:radar_transponder:group": "X",
        "seamark:topmark:colour": "red",
        "seamark:topmark:shape": "sphere",
        "seamark:type": "buoy_safe_water"
      },
      "geometry": {
        "type": "Point",
        "coordinates": [
          -55.9894924,
          -35.0780424
        ]
      },
      "id": "node/2876839691"
    },
    {
      "type": "Feature",
      "properties": {
        "@id": "node/2959857118",
        "seamark:buoy_safe_water:colour": "red;white",
        "seamark:buoy_safe_water:colour_pattern": "vertical",
        "seamark:buoy_safe_water:shape": "spherical",
        "seamark:light:character": "Iso",
        "seamark:light:period": "2",
        "seamark:name": "Fairway",
        "seamark:type": "buoy_safe_water"
      },
      "geometry": {
        "type": "Point",
        "coordinates": [
          -3.0020297,
          56.0581863
        ]
      },
      "id": "node/2959857118"
    },
    {
      "type": "Feature",
      "properties": {
        "@id": "node/2997602278",
        "seamark:buoy_safe_water:colour": "red;white",
        "seamark:buoy_safe_water:colour_pattern": "vertical",
        "seamark:buoy_safe_water:shape": "pillar",
        "seamark:topmark:colour": "red",
        "seamark:topmark:shape": "sphere",
        "seamark:type": "buoy_safe_water",
        "source:position": "Geoportal Orto"
      },
      "geometry": {
        "type": "Point",
        "coordinates": [
          19.6602769,
          54.3753129
        ]
      },
      "id": "node/2997602278"
    },
    {
      "type": "Feature",
      "properties": {
        "@id": "node/3075448379",
        "seamark:buoy_safe_water:colour": "red;white",
        "seamark:buoy_safe_water:colour_pattern": "vertical",
        "seamark:buoy_safe_water:shape": "spherical",
        "seamark:light:character": "Fl",
        "seamark:light:colour": "white",
        "seamark:light:period": "3",
        "seamark:type": "buoy_safe_water"
      },
      "geometry": {
        "type": "Point",
        "coordinates": [
          57.5703267,
          -19.9971096
        ]
      },
      "id": "node/3075448379"
    },
    {
      "type": "Feature",
      "properties": {
        "@id": "node/3157879933",
        "seamark:buoy_lateral:colour": "red",
        "seamark:light:colour": "red",
        "seamark:light:visibility": "low",
        "seamark:type": "buoy_safe_water"
      },
      "geometry": {
        "type": "Point",
        "coordinates": [
          23.9348765,
          57.0031824
        ]
      },
      "id": "node/3157879933"
    },
    {
      "type": "Feature",
      "properties": {
        "@id": "node/3157879934",
        "seamark:buoy_lateral:colour": "green",
        "seamark:light:colour": "green",
        "seamark:light:visibility": "low",
        "seamark:type": "buoy_safe_water"
      },
      "geometry": {
        "type": "Point",
        "coordinates": [
          23.9340745,
          57.0032527
        ]
      },
      "id": "node/3157879934"
    },
    {
      "type": "Feature",
      "properties": {
        "@id": "node/3157879937",
        "seamark:buoy_lateral:colour": "green",
        "seamark:light:colour": "green",
        "seamark:light:visibility": "low",
        "seamark:type": "buoy_safe_water"
      },
      "geometry": {
        "type": "Point",
        "coordinates": [
          23.9339563,
          57.0088639
        ]
      },
      "id": "node/3157879937"
    },
    {
      "type": "Feature",
      "properties": {
        "@id": "node/3157879938",
        "seamark:buoy_lateral:colour": "red",
        "seamark:light:colour": "red",
        "seamark:light:visibility": "low",
        "seamark:type": "buoy_safe_water"
      },
      "geometry": {
        "type": "Point",
        "coordinates": [
          23.9351705,
          57.0093419
        ]
      },
      "id": "node/3157879938"
    },
    {
      "type": "Feature",
      "properties": {
        "@id": "node/3157879939",
        "seamark:buoy_lateral:colour": "red",
        "seamark:light:colour": "red",
        "seamark:light:visibility": "low",
        "seamark:type": "buoy_safe_water"
      },
      "geometry": {
        "type": "Point",
        "coordinates": [
          23.9338442,
          57.0107252
        ]
      },
      "id": "node/3157879939"
    },
    {
      "type": "Feature",
      "properties": {
        "@id": "node/3157879940",
        "seamark:buoy_lateral:colour": "green",
        "seamark:light:colour": "green",
        "seamark:light:visibility": "low",
        "seamark:type": "buoy_safe_water"
      },
      "geometry": {
        "type": "Point",
        "coordinates": [
          23.9325166,
          57.0102646
        ]
      },
      "id": "node/3157879940"
    },
    {
      "type": "Feature",
      "properties": {
        "@id": "node/3218438726",
        "seamark:buoy_lateral:colour": "red",
        "seamark:light:colour": "red",
        "seamark:light:visibility": "low",
        "seamark:type": "buoy_safe_water"
      },
      "geometry": {
        "type": "Point",
        "coordinates": [
          23.9328716,
          57.0113473
        ]
      },
      "id": "node/3218438726"
    },
    {
      "type": "Feature",
      "properties": {
        "@id": "node/3218438727",
        "seamark:buoy_lateral:colour": "green",
        "seamark:light:colour": "green",
        "seamark:light:visibility": "low",
        "seamark:type": "buoy_safe_water"
      },
      "geometry": {
        "type": "Point",
        "coordinates": [
          23.9320813,
          57.0112085
        ]
      },
      "id": "node/3218438727"
    },
    {
      "type": "Feature",
      "properties": {
        "@id": "node/3218443781",
        "seamark:buoy_lateral:colour": "red",
        "seamark:light:colour": "red",
        "seamark:light:visibility": "low",
        "seamark:type": "buoy_safe_water"
      },
      "geometry": {
        "type": "Point",
        "coordinates": [
          23.9313182,
          57.0126319
        ]
      },
      "id": "node/3218443781"
    },
    {
      "type": "Feature",
      "properties": {
        "@id": "node/3218443782",
        "seamark:buoy_lateral:colour": "green",
        "seamark:light:colour": "green",
        "seamark:light:visibility": "low",
        "seamark:type": "buoy_safe_water"
      },
      "geometry": {
        "type": "Point",
        "coordinates": [
          23.9308005,
          57.0126348
        ]
      },
      "id": "node/3218443782"
    },
    {
      "type": "Feature",
      "properties": {
        "@id": "node/3218443803",
        "seamark:buoy_lateral:colour": "red",
        "seamark:light:colour": "red",
        "seamark:light:visibility": "low",
        "seamark:type": "buoy_safe_water"
      },
      "geometry": {
        "type": "Point",
        "coordinates": [
          23.9310028,
          57.0137734
        ]
      },
      "id": "node/3218443803"
    },
    {
      "type": "Feature",
      "properties": {
        "@id": "node/3218443804",
        "seamark:buoy_lateral:colour": "green",
        "seamark:light:colour": "green",
        "seamark:light:visibility": "low",
        "seamark:type": "buoy_safe_water"
      },
      "geometry": {
        "type": "Point",
        "coordinates": [
          23.9305204,
          57.0138459
        ]
      },
      "id": "node/3218443804"
    },
    {
      "type": "Feature",
      "properties": {
        "@id": "node/3218445688",
        "seamark:buoy_lateral:colour": "green",
        "seamark:light:colour": "green",
        "seamark:light:visibility": "low",
        "seamark:type": "buoy_safe_water"
      },
      "geometry": {
        "type": "Point",
        "coordinates": [
          23.9300363,
          57.0154103
        ]
      },
      "id": "node/3218445688"
    },
    {
      "type": "Feature",
      "properties": {
        "@id": "node/3218446207",
        "seamark:buoy_lateral:colour": "red",
        "seamark:light:colour": "red",
        "seamark:light:visibility": "low",
        "seamark:type": "buoy_safe_water"
      },
      "geometry": {
        "type": "Point",
        "coordinates": [
          23.9301938,
          57.0168238
        ]
      },
      "id": "node/3218446207"
    },
    {
      "type": "Feature",
      "properties": {
        "@id": "node/3218446208",
        "seamark:buoy_lateral:colour": "green",
        "seamark:light:colour": "green",
        "seamark:light:visibility": "low",
        "seamark:type": "buoy_safe_water"
      },
      "geometry": {
        "type": "Point",
        "coordinates": [
          23.9297485,
          57.0168486
        ]
      },
      "id": "node/3218446208"
    },
    {
      "type": "Feature",
      "properties": {
        "@id": "node/3330188095",
        "seamark:buoy_safe_water:colour": "red;white",
        "seamark:buoy_safe_water:colour_pattern": "vertical",
        "seamark:buoy_safe_water:shape": "pillar",
        "seamark:light:colour": "white",
        "seamark:type": "buoy_safe_water"
      },
      "geometry": {
        "type": "Point",
        "coordinates": [
          31.036028,
          -29.8778917
        ]
      },
      "id": "node/3330188095"
    },
    {
      "type": "Feature",
      "properties": {
        "@id": "node/3397824771",
        "seamark:buoy_safe_water:colour": "red;white",
        "seamark:buoy_safe_water:colour_pattern": "vertical",
        "seamark:buoy_safe_water:shape": "pillar",
        "seamark:type": "buoy_safe_water"
      },
      "geometry": {
        "type": "Point",
        "coordinates": [
          18.1451091,
          -32.7799003
        ]
      },
      "id": "node/3397824771"
    },
    {
      "type": "Feature",
      "properties": {
        "@id": "node/3397824772",
        "seamark:buoy_safe_water:colour": "white;white",
        "seamark:buoy_safe_water:colour_pattern": "vertical",
        "seamark:buoy_safe_water:shape": "spherical",
        "seamark:type": "buoy_safe_water"
      },
      "geometry": {
        "type": "Point",
        "coordinates": [
          18.1443561,
          -32.7802862
        ]
      },
      "id": "node/3397824772"
    },
    {
      "type": "Feature",
      "properties": {
        "@id": "node/3397824780",
        "seamark:buoy_safe_water:colour": "white;white",
        "seamark:buoy_safe_water:colour_pattern": "vertical",
        "seamark:buoy_safe_water:shape": "spherical",
        "seamark:type": "buoy_safe_water"
      },
      "geometry": {
        "type": "Point",
        "coordinates": [
          18.140994,
          -32.7833075
        ]
      },
      "id": "node/3397824780"
    },
    {
      "type": "Feature",
      "properties": {
        "@id": "node/3397824806",
        "seamark:buoy_safe_water:colour": "white;white",
        "seamark:buoy_safe_water:colour_pattern": "vertical",
        "seamark:buoy_safe_water:shape": "spherical",
        "seamark:type": "buoy_safe_water"
      },
      "geometry": {
        "type": "Point",
        "coordinates": [
          18.1407811,
          -32.7853324
        ]
      },
      "id": "node/3397824806"
    },
    {
      "type": "Feature",
      "properties": {
        "@id": "node/3397824820",
        "seamark:buoy_safe_water:colour": "red;white",
        "seamark:buoy_safe_water:colour_pattern": "vertical",
        "seamark:buoy_safe_water:shape": "pillar",
        "seamark:type": "buoy_safe_water"
      },
      "geometry": {
        "type": "Point",
        "coordinates": [
          18.1418401,
          -32.7867966
        ]
      },
      "id": "node/3397824820"
    },
    {
      "type": "Feature",
      "properties": {
        "@id": "node/3397824845",
        "seamark:buoy_safe_water:colour": "white;white",
        "seamark:buoy_safe_water:colour_pattern": "vertical",
        "seamark:buoy_safe_water:shape": "spherical",
        "seamark:type": "buoy_safe_water"
      },
      "geometry": {
        "type": "Point",
        "coordinates": [
          18.1452309,
          -32.7884662
        ]
      },
      "id": "node/3397824845"
    },
    {
      "type": "Feature",
      "properties": {
        "@id": "node/3398119781",
        "seamark:buoy_safe_water:colour": "white;white",
        "seamark:buoy_safe_water:colour_pattern": "vertical",
        "seamark:buoy_safe_water:shape": "spherical",
        "seamark:type": "buoy_safe_water"
      },
      "geometry": {
        "type": "Point",
        "coordinates": [
          18.142269,
          -32.7815451
        ]
      },
      "id": "node/3398119781"
    },
    {
      "type": "Feature",
      "properties": {
        "@id": "node/3398119782",
        "seamark:buoy_safe_water:colour": "red;white",
        "seamark:buoy_safe_water:colour_pattern": "vertical",
        "seamark:buoy_safe_water:shape": "pillar",
        "seamark:type": "buoy_safe_water"
      },
      "geometry": {
        "type": "Point",
        "coordinates": [
          18.1429655,
          -32.7875161
        ]
      },
      "id": "node/3398119782"
    },
    {
      "type": "Feature",
      "properties": {
        "@id": "node/3399485835",
        "seamark:buoy_safe_water:colour": "red;white",
        "seamark:buoy_safe_water:colour_pattern": "vertical",
        "seamark:buoy_safe_water:shape": "pillar",
        "seamark:light:character": "Iso",
        "seamark:light:colour": "white",
        "seamark:topmark:colour": "red",
        "seamark:topmark:shape": "sphere",
        "seamark:type": "buoy_safe_water"
      },
      "geometry": {
        "type": "Point",
        "coordinates": [
          18.4260767,
          -33.864856
        ]
      },
      "id": "node/3399485835"
    },
    {
      "type": "Feature",
      "properties": {
        "@id": "node/3445858699",
        "seamark:buoy_safe_water:colour": "red;white",
        "seamark:buoy_safe_water:colour_pattern": "vertical",
        "seamark:buoy_safe_water:shape": "pillar",
        "seamark:fog_signal:category": "bell",
        "seamark:name": "Nantucket Bar Bouy NB",
        "seamark:topmark:shape": "sphere",
        "seamark:type": "buoy_safe_water"
      },
      "geometry": {
        "type": "Point",
        "coordinates": [
          -70.1028889,
          41.3189915
        ]
      },
      "id": "node/3445858699"
    },
    {
      "type": "Feature",
      "properties": {
        "@id": "node/3489735397",
        "seamark:buoy_safe_water:colour": "red;white",
        "seamark:buoy_safe_water:colour_pattern": "vertical",
        "seamark:buoy_safe_water:shape": "pillar",
        "seamark:light:character": "Mo",
        "seamark:light:colour": "white",
        "seamark:light:group": "A",
        "seamark:light:period": "5",
        "seamark:name": "Haven",
        "seamark:topmark:colour": "red",
        "seamark:topmark:shape": "sphere",
        "seamark:type": "buoy_safe_water"
      },
      "geometry": {
        "type": "Point",
        "coordinates": [
          1.5429,
          51.9294
        ]
      },
      "id": "node/3489735397"
    },
    {
      "type": "Feature",
      "properties": {
        "@id": "node/3506869469",
        "seamark:buoy_safe_water:colour": "red;white",
        "seamark:buoy_safe_water:colour_pattern": "vertical",
        "seamark:buoy_safe_water:shape": "spar",
        "seamark:name": "La Chaise",
        "seamark:topmark:colour": "red",
        "seamark:topmark:shape": "sphere",
        "seamark:type": "buoy_safe_water"
      },
      "geometry": {
        "type": "Point",
        "coordinates": [
          -2.2098747,
          47.0203689
        ]
      },
      "id": "node/3506869469"
    },
    {
      "type": "Feature",
      "properties": {
        "@id": "node/3517614775",
        "seamark:buoy_safe_water:colour": "red;white",
        "seamark:buoy_safe_water:colour_pattern": "vertical",
        "seamark:buoy_safe_water:shape": "pillar",
        "seamark:light:character": "Iso",
        "seamark:light:period": "4",
        "seamark:name": "S-N2",
        "seamark:topmark:colour": "red",
        "seamark:topmark:shape": "sphere",
        "seamark:type": "buoy_safe_water",
        "source": "SHOM/IGN"
      },
      "geometry": {
        "type": "Point",
        "coordinates": [
          -2.5588691,
          47.0348201
        ]
      },
      "id": "node/3517614775"
    },
    {
      "type": "Feature",
      "properties": {
        "@id": "node/3567403675",
        "seamark:buoy_safe_water:colour": "red;white",
        "seamark:buoy_safe_water:colour_pattern": "vertical",
        "seamark:buoy_safe_water:shape": "pillar",
        "seamark:light:character": "LFl",
        "seamark:light:colour": "white",
        "seamark:light:period": "10",
        "seamark:topmark:colour": "red",
        "seamark:topmark:shape": "sphere",
        "seamark:type": "buoy_safe_water"
      },
      "geometry": {
        "type": "Point",
        "coordinates": [
          12.045,
          57.2396667
        ]
      },
      "id": "node/3567403675"
    },
    {
      "type": "Feature",
      "properties": {
        "@id": "node/3586768682",
        "seamark:buoy_safe_water:colour": "red;white",
        "seamark:buoy_safe_water:colour_pattern": "vertical",
        "seamark:buoy_safe_water:shape": "pillar",
        "seamark:light:character": "Iso",
        "seamark:light:colour": "white",
        "seamark:light:period": "8",
        "seamark:topmark:colour": "red",
        "seamark:topmark:shape": "sphere",
        "seamark:type": "buoy_safe_water"
      },
      "geometry": {
        "type": "Point",
        "coordinates": [
          12.1868333,
          57.0675
        ]
      },
      "id": "node/3586768682"
    },
    {
      "type": "Feature",
      "properties": {
        "@id": "node/3603978266",
        "number": "4416",
        "seamark:buoy_safe_water:colour": "red;white",
        "seamark:buoy_safe_water:colour_pattern": "vertical",
        "seamark:buoy_safe_water:shape": "spar",
        "seamark:name": "4416 Rannu - Jõesuu teljetooder",
        "seamark:type": "buoy_safe_water"
      },
      "geometry": {
        "type": "Point",
        "coordinates": [
          26.1215333,
          58.3773333
        ]
      },
      "id": "node/3603978266"
    },
    {
      "type": "Feature",
      "properties": {
        "@id": "node/3605816095",
        "number": "4409.1",
        "seamark:buoy_safe_water:colour": "red;white",
        "seamark:buoy_safe_water:colour_pattern": "vertical",
        "seamark:buoy_safe_water:shape": "spar",
        "seamark:name": "4409.1 Oiu teljetooder",
        "seamark:type": "buoy_safe_water"
      },
      "geometry": {
        "type": "Point",
        "coordinates": [
          26.0066,
          58.3802333
        ]
      },
      "id": "node/3605816095"
    },
    {
      "type": "Feature",
      "properties": {
        "@id": "node/3605977294",
        "number": "4411.1",
        "seamark:buoy_safe_water:colour": "red;white",
        "seamark:buoy_safe_water:colour_pattern": "vertical",
        "seamark:buoy_safe_water:shape": "spar",
        "seamark:name": "4411.1 Siigunina teljetooder",
        "seamark:type": "buoy_safe_water"
      },
      "geometry": {
        "type": "Point",
        "coordinates": [
          26.0714667,
          58.1490667
        ]
      },
      "id": "node/3605977294"
    },
    {
      "type": "Feature",
      "properties": {
        "@id": "node/3605996812",
        "number": "4411.2",
        "seamark:buoy_safe_water:colour": "red;white",
        "seamark:buoy_safe_water:colour_pattern": "vertical",
        "seamark:buoy_safe_water:shape": "spar",
        "seamark:name": "4411.2 Nooni nina teljetooder",
        "seamark:type": "buoy_safe_water"
      },
      "geometry": {
        "type": "Point",
        "coordinates": [
          26.06725,
          58.1668167
        ]
      },
      "id": "node/3605996812"
    },
    {
      "type": "Feature",
      "properties": {
        "@id": "node/3606009421",
        "number": "4411.3",
        "seamark:buoy_safe_water:colour": "red;white",
        "seamark:buoy_safe_water:colour_pattern": "vertical",
        "seamark:buoy_safe_water:shape": "spar",
        "seamark:name": "4411.3 Tondisaare teljetooder",
        "seamark:type": "buoy_safe_water"
      },
      "geometry": {
        "type": "Point",
        "coordinates": [
          26.06725,
          58.1960667
        ]
      },
      "id": "node/3606009421"
    },
    {
      "type": "Feature",
      "properties": {
        "@id": "node/3606017893",
        "number": "4411.4",
        "seamark:buoy_safe_water:colour": "red;white",
        "seamark:buoy_safe_water:colour_pattern": "vertical",
        "seamark:buoy_safe_water:shape": "spar",
        "seamark:name": "4411.4 Vehendi teljetooder",
        "seamark:type": "buoy_safe_water"
      },
      "geometry": {
        "type": "Point",
        "coordinates": [
          26.0804667,
          58.2349167
        ]
      },
      "id": "node/3606017893"
    },
    {
      "type": "Feature",
      "properties": {
        "@id": "node/3606017894",
        "number": "4411.5",
        "seamark:buoy_safe_water:colour": "red;white",
        "seamark:buoy_safe_water:colour_pattern": "vertical",
        "seamark:buoy_safe_water:shape": "spar",
        "seamark:name": "4411.5 Tamme teljetooder",
        "seamark:type": "buoy_safe_water"
      },
      "geometry": {
        "type": "Point",
        "coordinates": [
          26.0880167,
          58.25705
        ]
      },
      "id": "node/3606017894"
    },
    {
      "type": "Feature",
      "properties": {
        "@id": "node/3606099034",
        "number": "4419",
        "seamark:buoy_safe_water:colour": "red;white",
        "seamark:buoy_safe_water:colour_pattern": "vertical",
        "seamark:buoy_safe_water:shape": "spar",
        "seamark:name": "4419 Õhne teljetooder",
        "seamark:type": "buoy_safe_water"
      },
      "geometry": {
        "type": "Point",
        "coordinates": [
          26.02195,
          58.1983
        ]
      },
      "id": "node/3606099034"
    },
    {
      "type": "Feature",
      "properties": {
        "@id": "node/3611760158",
        "seamark:buoy_safe_water:colour": "red;white",
        "seamark:buoy_safe_water:colour_pattern": "vertical",
        "seamark:buoy_safe_water:shape": "pillar",
        "seamark:fog_signal:category": "bell",
        "seamark:name": "HH",
        "seamark:type": "buoy_safe_water"
      },
      "geometry": {
        "type": "Point",
        "coordinates": [
          -70.2852563,
          41.6071803
        ]
      },
      "id": "node/3611760158"
    },
    {
      "type": "Feature",
      "properties": {
        "@id": "node/3648028265",
        "seamark:buoy_safe_water:colour": "red;white",
        "seamark:buoy_safe_water:colour_pattern": "vertical",
        "seamark:buoy_safe_water:shape": "pillar",
        "seamark:light:character": "LFl",
        "seamark:light:colour": "white",
        "seamark:light:period": "10",
        "seamark:light:range": "3",
        "seamark:name": "565",
        "seamark:type": "buoy_safe_water"
      },
      "geometry": {
        "type": "Point",
        "coordinates": [
          23.3934667,
          58.9140167
        ]
      },
      "id": "node/3648028265"
    },
    {
      "type": "Feature",
      "properties": {
        "@id": "node/3688576526",
        "seamark:buoy_safe_water:colour": "red;white",
        "seamark:buoy_safe_water:colour_pattern": "vertical",
        "seamark:buoy_safe_water:shape": "pillar",
        "seamark:light:character": "LFl",
        "seamark:light:colour": "white",
        "seamark:light:period": "10",
        "seamark:name": "M2",
        "seamark:topmark:colour": "red",
        "seamark:topmark:shape": "sphere",
        "seamark:type": "buoy_safe_water"
      },
      "geometry": {
        "type": "Point",
        "coordinates": [
          12.5639018,
          56.1000961
        ]
      },
      "id": "node/3688576526"
    },
    {
      "type": "Feature",
      "properties": {
        "@id": "node/3696398136",
        "seamark:buoy_safe_water:colour": "red;white",
        "seamark:buoy_safe_water:colour_pattern": "vertical",
        "seamark:buoy_safe_water:shape": "pillar",
        "seamark:light:character": "LFl",
        "seamark:light:colour": "white",
        "seamark:light:period": "10",
        "seamark:name": "Falkenberg angöring",
        "seamark:topmark:colour": "red",
        "seamark:topmark:shape": "sphere",
        "seamark:type": "buoy_safe_water"
      },
      "geometry": {
        "type": "Point",
        "coordinates": [
          12.441201,
          56.852738
        ]
      },
      "id": "node/3696398136"
    },
    {
      "type": "Feature",
      "properties": {
        "@id": "node/3696704599",
        "seamark:buoy_safe_water:colour": "red;white",
        "seamark:buoy_safe_water:colour_pattern": "vertical",
        "seamark:buoy_safe_water:shape": "pillar",
        "seamark:light:character": "LFl",
        "seamark:light:colour": "white",
        "seamark:light:period": "10",
        "seamark:name": "Öresunds Norra",
        "seamark:topmark:colour": "red",
        "seamark:topmark:shape": "sphere",
        "seamark:type": "buoy_safe_water"
      },
      "geometry": {
        "type": "Point",
        "coordinates": [
          12.4966833,
          56.1975667
        ]
      },
      "id": "node/3696704599"
    },
    {
      "type": "Feature",
      "properties": {
        "@id": "node/3724848327",
        "seamark:buoy_safe_water:colour": "red;white",
        "seamark:buoy_safe_water:colour_pattern": "vertical",
        "seamark:buoy_safe_water:shape": "pillar",
        "seamark:name": "K-2",
        "seamark:type": "buoy_safe_water"
      },
      "geometry": {
        "type": "Point",
        "coordinates": [
          14.751812,
          53.985132
        ]
      },
      "id": "node/3724848327"
    },
    {
      "type": "Feature",
      "properties": {
        "@id": "node/3724848328",
        "seamark:buoy_safe_water:colour": "red;white",
        "seamark:buoy_safe_water:colour_pattern": "vertical",
        "seamark:buoy_safe_water:shape": "pillar",
        "seamark:name": "K-3",
        "seamark:type": "buoy_safe_water"
      },
      "geometry": {
        "type": "Point",
        "coordinates": [
          14.712485,
          53.9852283
        ]
      },
      "id": "node/3724848328"
    },
    {
      "type": "Feature",
      "properties": {
        "@id": "node/3724848329",
        "seamark:buoy_safe_water:colour": "red;white",
        "seamark:buoy_safe_water:colour_pattern": "vertical",
        "seamark:buoy_safe_water:shape": "pillar",
        "seamark:name": "K-1",
        "seamark:type": "buoy_safe_water"
      },
      "geometry": {
        "type": "Point",
        "coordinates": [
          14.752512,
          54.001873
        ]
      },
      "id": "node/3724848329"
    },
    {
      "type": "Feature",
      "properties": {
        "@id": "node/3774719863",
        "seamark:buoy_safe_water:colour": "red;white",
        "seamark:buoy_safe_water:colour_pattern": "vertical",
        "seamark:buoy_safe_water:shape": "pillar",
        "seamark:information": "Maintained by Buffalo Yacht Club",
        "seamark:light:character": "Fl",
        "seamark:light:colour": "white",
        "seamark:light:exhibition": "night",
        "seamark:light:period": "4.0",
        "seamark:status": "private",
        "seamark:type": "buoy_safe_water"
      },
      "geometry": {
        "type": "Point",
        "coordinates": [
          -79.0805239,
          42.8520525
        ]
      },
      "id": "node/3774719863"
    },
    {
      "type": "Feature",
      "properties": {
        "@id": "node/3774798205",
        "seamark:buoy_safe_water:colour": "red;white",
        "seamark:buoy_safe_water:colour_pattern": "vertical",
        "seamark:buoy_safe_water:shape": "pillar",
        "seamark:fog_signal:category": "bell",
        "seamark:light:character": "Mo",
        "seamark:light:colour": "white",
        "seamark:light:exhibition": "night",
        "seamark:light:group": "A",
        "seamark:light:period": "8.0",
        "seamark:light:range": "3.5",
        "seamark:name": "B",
        "seamark:period_end": "--1201",
        "seamark:period_start": "--0428",
        "seamark:status": "intermittent",
        "seamark:type": "buoy_safe_water"
      },
      "geometry": {
        "type": "Point",
        "coordinates": [
          -78.9238672,
          42.8357331
        ]
      },
      "id": "node/3774798205"
    },
    {
      "type": "Feature",
      "properties": {
        "@id": "node/3780447179",
        "seamark:buoy_lateral:colour": "red",
        "seamark:light:colour": "red",
        "seamark:light:visibility": "low",
        "seamark:type": "buoy_safe_water"
      },
      "geometry": {
        "type": "Point",
        "coordinates": [
          23.9121848,
          56.9793936
        ]
      },
      "id": "node/3780447179"
    },
    {
      "type": "Feature",
      "properties": {
        "@id": "node/3780447180",
        "seamark:buoy_lateral:colour": "green",
        "seamark:light:colour": "green",
        "seamark:light:visibility": "low",
        "seamark:type": "buoy_safe_water"
      },
      "geometry": {
        "type": "Point",
        "coordinates": [
          23.9120625,
          56.9804594
        ]
      },
      "id": "node/3780447180"
    },
    {
      "type": "Feature",
      "properties": {
        "@id": "node/3780447181",
        "seamark:buoy_lateral:colour": "red",
        "seamark:light:colour": "red",
        "seamark:light:visibility": "low",
        "seamark:type": "buoy_safe_water"
      },
      "geometry": {
        "type": "Point",
        "coordinates": [
          23.9244064,
          56.9807644
        ]
      },
      "id": "node/3780447181"
    },
    {
      "type": "Feature",
      "properties": {
        "@id": "node/3780447182",
        "seamark:buoy_lateral:colour": "green",
        "seamark:light:colour": "green",
        "seamark:light:visibility": "low",
        "seamark:type": "buoy_safe_water"
      },
      "geometry": {
        "type": "Point",
        "coordinates": [
          23.9243896,
          56.9814501
        ]
      },
      "id": "node/3780447182"
    },
    {
      "type": "Feature",
      "properties": {
        "@id": "node/3780447183",
        "seamark:buoy_lateral:colour": "red",
        "seamark:light:colour": "red",
        "seamark:light:visibility": "low",
        "seamark:type": "buoy_safe_water"
      },
      "geometry": {
        "type": "Point",
        "coordinates": [
          23.9330366,
          56.9837014
        ]
      },
      "id": "node/3780447183"
    },
    {
      "type": "Feature",
      "properties": {
        "@id": "node/3780447184",
        "seamark:buoy_lateral:colour": "green",
        "seamark:light:colour": "green",
        "seamark:light:visibility": "low",
        "seamark:type": "buoy_safe_water"
      },
      "geometry": {
        "type": "Point",
        "coordinates": [
          23.9321051,
          56.9842445
        ]
      },
      "id": "node/3780447184"
    },
    {
      "type": "Feature",
      "properties": {
        "@id": "node/3780447185",
        "seamark:buoy_lateral:colour": "red",
        "seamark:light:colour": "red",
        "seamark:light:visibility": "low",
        "seamark:type": "buoy_safe_water"
      },
      "geometry": {
        "type": "Point",
        "coordinates": [
          23.936945,
          56.9875993
        ]
      },
      "id": "node/3780447185"
    },
    {
      "type": "Feature",
      "properties": {
        "@id": "node/3780447186",
        "seamark:buoy_lateral:colour": "green",
        "seamark:light:colour": "green",
        "seamark:light:visibility": "low",
        "seamark:type": "buoy_safe_water"
      },
      "geometry": {
        "type": "Point",
        "coordinates": [
          23.9345207,
          56.9878565
        ]
      },
      "id": "node/3780447186"
    },
    {
      "type": "Feature",
      "properties": {
        "@id": "node/3780447187",
        "seamark:buoy_lateral:colour": "green",
        "seamark:light:colour": "green",
        "seamark:light:visibility": "low",
        "seamark:type": "buoy_safe_water"
      },
      "geometry": {
        "type": "Point",
        "coordinates": [
          23.933921,
          56.9923024
        ]
      },
      "id": "node/3780447187"
    },
    {
      "type": "Feature",
      "properties": {
        "@id": "node/3780447188",
        "seamark:buoy_lateral:colour": "red",
        "seamark:light:colour": "red",
        "seamark:light:visibility": "low",
        "seamark:type": "buoy_safe_water"
      },
      "geometry": {
        "type": "Point",
        "coordinates": [
          23.9364149,
          56.9925204
        ]
      },
      "id": "node/3780447188"
    },
    {
      "type": "Feature",
      "properties": {
        "@id": "node/3780447189",
        "seamark:buoy_lateral:colour": "green",
        "seamark:light:colour": "green",
        "seamark:light:visibility": "low",
        "seamark:type": "buoy_safe_water"
      },
      "geometry": {
        "type": "Point",
        "coordinates": [
          23.9334389,
          56.9965756
        ]
      },
      "id": "node/3780447189"
    },
    {
      "type": "Feature",
      "properties": {
        "@id": "node/3780447190",
        "seamark:buoy_lateral:colour": "red",
        "seamark:light:colour": "red",
        "seamark:light:visibility": "low",
        "seamark:type": "buoy_safe_water"
      },
      "geometry": {
        "type": "Point",
        "coordinates": [
          23.9349433,
          56.9966714
        ]
      },
      "id": "node/3780447190"
    },
    {
      "type": "Feature",
      "properties": {
        "@id": "node/3781734338",
        "seamark:buoy_safe_water:colour": "red;white",
        "seamark:buoy_safe_water:colour_pattern": "vertical",
        "seamark:buoy_safe_water:shape": "pillar",
        "seamark:light:character": "Mo",
        "seamark:light:colour": "white",
        "seamark:light:exhibition": "night",
        "seamark:light:group": "A",
        "seamark:light:period": "8.0",
        "seamark:light:status": "private",
        "seamark:name": "X",
        "seamark:status": "private",
        "seamark:type": "buoy_safe_water"
      },
      "geometry": {
        "type": "Point",
        "coordinates": [
          -82.463268,
          41.811806
        ]
      },
      "id": "node/3781734338"
    },
    {
      "type": "Feature",
      "properties": {
        "@id": "node/3781734345",
        "seamark:buoy_safe_water:colour": "red;white",
        "seamark:buoy_safe_water:colour_pattern": "vertical",
        "seamark:buoy_safe_water:shape": "pillar",
        "seamark:light:character": "Mo",
        "seamark:light:colour": "white",
        "seamark:light:exhibition": "night",
        "seamark:light:group": "A",
        "seamark:light:period": "8.0",
        "seamark:light:status": "private",
        "seamark:name": "P",
        "seamark:status": "private",
        "seamark:type": "buoy_safe_water"
      },
      "geometry": {
        "type": "Point",
        "coordinates": [
          -82.575499,
          41.863211
        ]
      },
      "id": "node/3781734345"
    },
    {
      "type": "Feature",
      "properties": {
        "@id": "node/3782401174",
        "light": "yes",
        "name": "Z. Werder",
        "seamark:buoy_safe_water:colour": "green;white;green;white",
        "seamark:buoy_safe_water:colour_pattern": "horizontal",
        "seamark:buoy_safe_water:shape": "pillar",
        "seamark:light:colour": "green",
        "seamark:name": "Z.Werder",
        "seamark:topmark:colour": "green",
        "seamark:topmark:shape": "cone, point up",
        "seamark:type": "buoy_safe_water"
      },
      "geometry": {
        "type": "Point",
        "coordinates": [
          11.4800449,
          53.610457
        ]
      },
      "id": "node/3782401174"
    },
    {
      "type": "Feature",
      "properties": {
        "@id": "node/3791133386",
        "name": "Kaninchwerder",
        "seamark:buoy_safe_water:colour": "green;white;green;white",
        "seamark:buoy_safe_water:colour_pattern": "horizontal",
        "seamark:buoy_safe_water:shape": "pillar",
        "seamark:name": "K.Werder",
        "seamark:topmark:colour": "green",
        "seamark:topmark:shape": "cone, point up",
        "seamark:type": "buoy_safe_water"
      },
      "geometry": {
        "type": "Point",
        "coordinates": [
          11.4612317,
          53.6229866
        ]
      },
      "id": "node/3791133386"
    },
    {
      "type": "Feature",
      "properties": {
        "@id": "node/3859859765",
        "seamark:buoy_safe_water:colour": "red;white",
        "seamark:buoy_safe_water:colour_pattern": "vertical",
        "seamark:buoy_safe_water:shape": "pillar",
        "seamark:light:character": "LFl",
        "seamark:light:colour": "white",
        "seamark:light:period": "10",
        "seamark:name": "Randers approach",
        "seamark:topmark:colour": "red",
        "seamark:topmark:shape": "sphere",
        "seamark:type": "buoy_safe_water",
        "source": "http://www.soefartsstyrelsen.dk/SikkerhedTilSoes/Sejladsinformation/EfS/Current3/2015%20Akkumuleret%201-47.pdf"
      },
      "geometry": {
        "type": "Point",
        "coordinates": [
          10.41155,
          56.6135833
        ]
      },
      "id": "node/3859859765"
    },
    {
      "type": "Feature",
      "properties": {
        "@id": "node/3870715917",
        "seamark:buoy_safe_water:colour": "red;white",
        "seamark:buoy_safe_water:colour_pattern": "vertical",
        "seamark:buoy_safe_water:shape": "pillar",
        "seamark:topmark:colour": "red",
        "seamark:topmark:shape": "sphere",
        "seamark:type": "buoy_safe_water"
      },
      "geometry": {
        "type": "Point",
        "coordinates": [
          9.9667435,
          57.0659122
        ]
      },
      "id": "node/3870715917"
    },
    {
      "type": "Feature",
      "properties": {
        "@id": "node/3957420720",
        "seamark:buoy_safe_water:colour": "red;white",
        "seamark:buoy_safe_water:colour_pattern": "vertical",
        "seamark:buoy_safe_water:shape": "spherical",
        "seamark:light:character": "Iso",
        "seamark:light:colour": "white",
        "seamark:light:period": "8",
        "seamark:name": "EURO W",
        "seamark:type": "buoy_safe_water",
        "source": "160108_DNZ_002a_markeringen_drijvend"
      },
      "geometry": {
        "type": "Point",
        "coordinates": [
          2.723189,
          51.909475
        ]
      },
      "id": "node/3957420720"
    },
    {
      "type": "Feature",
      "properties": {
        "@id": "node/3957420721",
        "seamark:buoy_safe_water:colour": "red;white",
        "seamark:buoy_safe_water:colour_pattern": "vertical",
        "seamark:buoy_safe_water:shape": "spherical",
        "seamark:light:character": "Iso",
        "seamark:light:colour": "white",
        "seamark:light:period": "10",
        "seamark:name": "RIJNVELD",
        "seamark:radar_transponder:category": "racon",
        "seamark:radar_transponder:group": "K",
        "seamark:radio_station:category": "ais",
        "seamark:radio_station:mmsi": "99244100",
        "seamark:type": "buoy_safe_water",
        "source": "Fairway Information Services: 170505_DNZ_002a_markeringen_drijvend"
      },
      "geometry": {
        "type": "Point",
        "coordinates": [
          3.402828,
          52.173539
        ]
      },
      "id": "node/3957420721"
    },
    {
      "type": "Feature",
      "properties": {
        "@id": "node/3969513411",
        "seamark:buoy_safe_water:colour": "red;white",
        "seamark:buoy_safe_water:colour_pattern": "vertical",
        "seamark:buoy_safe_water:shape": "spherical",
        "seamark:light:character": "Mo",
        "seamark:light:colour": "white",
        "seamark:light:group": "A",
        "seamark:light:period": "8",
        "seamark:name": "BR-S",
        "seamark:radar_transponder:category": "racon",
        "seamark:radar_transponder:group": "G",
        "seamark:type": "buoy_safe_water",
        "source": "160122_DNZ_002a_markeringen_drijvend"
      },
      "geometry": {
        "type": "Point",
        "coordinates": [
          3.300858,
          52.915333
        ]
      },
      "id": "node/3969513411"
    },
    {
      "type": "Feature",
      "properties": {
        "@id": "node/3969513412",
        "seamark:buoy_safe_water:colour": "red;white",
        "seamark:buoy_safe_water:colour_pattern": "vertical",
        "seamark:buoy_safe_water:shape": "spherical",
        "seamark:light:character": "LFl",
        "seamark:light:colour": "white",
        "seamark:light:period": "5",
        "seamark:name": "BR-N",
        "seamark:type": "buoy_safe_water",
        "source": "160122_DNZ_002a_markeringen_drijvend"
      },
      "geometry": {
        "type": "Point",
        "coordinates": [
          3.3753,
          53.04895
        ]
      },
      "id": "node/3969513412"
    },
    {
      "type": "Feature",
      "properties": {
        "@id": "node/3984050815",
        "seamark:buoy_safe_water:colour": "red;white",
        "seamark:buoy_safe_water:colour_pattern": "vertical",
        "seamark:buoy_safe_water:shape": "pillar",
        "seamark:light:character": "Mo",
        "seamark:light:colour": "white",
        "seamark:light:group": "A",
        "seamark:light:period": "6",
        "seamark:name": "Lvsi Gang No.2",
        "seamark:topmark:colour": "red",
        "seamark:topmark:shape": "sphere",
        "seamark:type": "buoy_safe_water",
        "source": "China MSA Notice No. 421/2020"
      },
      "geometry": {
        "type": "Point",
        "coordinates": [
          122.1421667,
          31.8789444
        ]
      },
      "id": "node/3984050815"
    },
    {
      "type": "Feature",
      "properties": {
        "@id": "node/3984050816",
        "seamark:buoy_safe_water:colour": "red;white",
        "seamark:buoy_safe_water:colour_pattern": "vertical",
        "seamark:buoy_safe_water:shape": "pillar",
        "seamark:light:character": "LFl",
        "seamark:light:colour": "white",
        "seamark:light:period": "10",
        "seamark:name": "Lvsi Gang No.1",
        "seamark:topmark:colour": "red",
        "seamark:topmark:shape": "sphere",
        "seamark:type": "buoy_safe_water",
        "source": "China MSA Notice No. 421/2020"
      },
      "geometry": {
        "type": "Point",
        "coordinates": [
          122.1762222,
          31.8559722
        ]
      },
      "id": "node/3984050816"
    },
    {
      "type": "Feature",
      "properties": {
        "@id": "node/3984050817",
        "seamark:buoy_safe_water:colour": "red;white",
        "seamark:buoy_safe_water:colour_pattern": "vertical",
        "seamark:buoy_safe_water:shape": "pillar",
        "seamark:light:character": "Iso",
        "seamark:light:colour": "white",
        "seamark:light:period": "4",
        "seamark:name": "Lvsi Gang",
        "seamark:radar_transponder:category": "racon",
        "seamark:radar_transponder:group": "O",
        "seamark:radio_station:category": "ais",
        "seamark:topmark:colour": "red",
        "seamark:topmark:shape": "sphere",
        "seamark:type": "buoy_safe_water",
        "source": "China MSA Notice No. 421/2020"
      },
      "geometry": {
        "type": "Point",
        "coordinates": [
          122.2102222,
          31.833
        ]
      },
      "id": "node/3984050817"
    },
    {
      "type": "Feature",
      "properties": {
        "@id": "node/3997772422",
        "seamark:buoy_safe_water:colour": "red;white",
        "seamark:buoy_safe_water:colour_pattern": "vertical",
        "seamark:buoy_safe_water:shape": "pillar",
        "seamark:light:character": "Iso",
        "seamark:light:colour": "white",
        "seamark:light:period": "4",
        "seamark:light:range": "7",
        "seamark:name": "PA",
        "seamark:topmark:colour": "red",
        "seamark:topmark:shape": "sphere",
        "seamark:type": "buoy_safe_water"
      },
      "geometry": {
        "type": "Point",
        "coordinates": [
          -1.7101667,
          46.0916667
        ]
      },
      "id": "node/3997772422"
    },
    {
      "type": "Feature",
      "properties": {
        "@id": "node/4030638634",
        "name": "Rye Harbor Entrance Lighted Whistle Buoy RH",
        "note": "NOAA/USCG surveyed location. Is visible on Bing, imagery is offset by about 138 feet.",
        "seamark:buoy_safe_water:colour": "red;white",
        "seamark:buoy_safe_water:colour_pattern": "vertical",
        "seamark:buoy_safe_water:ref": "US003450323764356",
        "seamark:buoy_safe_water:shape": "pillar",
        "seamark:fog_signal:category": "whistle",
        "seamark:fog_signal:ref": "US003450321164356",
        "seamark:light:character": "Mo",
        "seamark:light:colour": "white",
        "seamark:light:exhibition": "night",
        "seamark:light:group": "A",
        "seamark:light:period": "8.0",
        "seamark:light:ref": "US003450316964356",
        "seamark:light:sequence": "0.4+(0.6)+2.0+(5.0)",
        "seamark:name": "RW \"RH\"",
        "seamark:status": "permanent",
        "seamark:topmark:colour": "red",
        "seamark:topmark:ref": "US003450319864356",
        "seamark:topmark:shape": "sphere",
        "seamark:type": "buoy_safe_water",
        "source": "NOAA Electronic Navigation Chart US5PSMBC",
        "source:position": "USCG List of Lights, vol. 1 (2023, corr. through week 42)"
      },
      "geometry": {
        "type": "Point",
        "coordinates": [
          -70.7292158,
          42.9937639
        ]
      },
      "id": "node/4030638634"
    },
    {
      "type": "Feature",
      "properties": {
        "@id": "node/4043965291",
        "seamark:buoy_safe_water:colour": "red;white",
        "seamark:buoy_safe_water:colour_pattern": "vertical",
        "seamark:buoy_safe_water:shape": "pillar",
        "seamark:information": "During the winter saeson the buoy will be replaced by a special ice buoy (unlit/no topmark)",
        "seamark:light:character": "Oc",
        "seamark:light:colour": "white",
        "seamark:light:period": "4",
        "seamark:lnam": "00B44010D19600BA",
        "seamark:name": "H 6",
        "seamark:topmark:colour": "red",
        "seamark:topmark:shape": "sphere",
        "seamark:type": "buoy_safe_water"
      },
      "geometry": {
        "type": "Point",
        "coordinates": [
          14.196476,
          53.824557
        ]
      },
      "id": "node/4043965291"
    },
    {
      "type": "Feature",
      "properties": {
        "@id": "node/4047826106",
        "seamark:buoy_safe_water:colour": "red;white",
        "seamark:buoy_safe_water:colour_pattern": "vertical",
        "seamark:buoy_safe_water:shape": "spherical",
        "seamark:light:character": "Iso",
        "seamark:light:colour": "white",
        "seamark:light:period": "4",
        "seamark:name": "IJM",
        "seamark:type": "buoy_safe_water",
        "source": "160304_DNZ_002a_markeringen_drijvend"
      },
      "geometry": {
        "type": "Point",
        "coordinates": [
          3.881069,
          52.493644
        ]
      },
      "id": "node/4047826106"
    },
    {
      "type": "Feature",
      "properties": {
        "@id": "node/4052746177",
        "seamark:buoy_safe_water:colour": "red;white",
        "seamark:buoy_safe_water:colour_pattern": "vertical",
        "seamark:buoy_safe_water:shape": "can",
        "seamark:light:character": "Mo",
        "seamark:light:colour": "white",
        "seamark:light:group": "A",
        "seamark:light:period": "8",
        "seamark:name": "NFR-A",
        "seamark:type": "buoy_safe_water"
      },
      "geometry": {
        "type": "Point",
        "coordinates": [
          4.156667,
          53.9925
        ]
      },
      "id": "node/4052746177"
    },
    {
      "type": "Feature",
      "properties": {
        "@id": "node/4052746178",
        "seamark:buoy_safe_water:colour": "red;white",
        "seamark:buoy_safe_water:colour_pattern": "vertical",
        "seamark:buoy_safe_water:shape": "spherical",
        "seamark:light:character": "Iso",
        "seamark:light:colour": "white",
        "seamark:light:period": "8",
        "seamark:name": "NFR-B",
        "seamark:radar_transponder:category": "racon",
        "seamark:radar_transponder:group": "N",
        "seamark:source": "http://www.vaarweginformatie.nl/fdd/main/infra/downloads → Actuele vaarwegmarkering (drijvend) Author: RWS CIV Version: 10 Date: 23-02-2018",
        "seamark:type": "buoy_safe_water"
      },
      "geometry": {
        "type": "Point",
        "coordinates": [
          5.038333,
          54.059167
        ]
      },
      "id": "node/4052746178"
    },
    {
      "type": "Feature",
      "properties": {
        "@id": "node/4084675385",
        "seamark:buoy_safe_water:colour": "red;white",
        "seamark:buoy_safe_water:colour_pattern": "vertical",
        "seamark:buoy_safe_water:shape": "pillar",
        "seamark:light:character": "LFl",
        "seamark:light:colour": "white",
        "seamark:light:period": "10",
        "seamark:name": "M3",
        "seamark:topmark:colour": "red",
        "seamark:topmark:shape": "sphere",
        "seamark:type": "buoy_safe_water"
      },
      "geometry": {
        "type": "Point",
        "coordinates": [
          12.60905,
          56.0765333
        ]
      },
      "id": "node/4084675385"
    },
    {
      "type": "Feature",
      "properties": {
        "@id": "node/4084686511",
        "seamark:buoy_safe_water:colour": "red;white",
        "seamark:buoy_safe_water:colour_pattern": "vertical",
        "seamark:buoy_safe_water:shape": "pillar",
        "seamark:light:character": "Iso",
        "seamark:light:colour": "white",
        "seamark:light:period": "2",
        "seamark:name": "M4",
        "seamark:topmark:colour": "red",
        "seamark:topmark:shape": "sphere",
        "seamark:type": "buoy_safe_water"
      },
      "geometry": {
        "type": "Point",
        "coordinates": [
          12.6502,
          56.0545
        ]
      },
      "id": "node/4084686511"
    },
    {
      "type": "Feature",
      "properties": {
        "@id": "node/4084719509",
        "seamark:buoy_safe_water:colour": "red;white",
        "seamark:buoy_safe_water:colour_pattern": "vertical",
        "seamark:buoy_safe_water:shape": "pillar",
        "seamark:light:character": "LFl",
        "seamark:light:colour": "white",
        "seamark:light:period": "10",
        "seamark:name": "M5",
        "seamark:topmark:colour": "red",
        "seamark:topmark:shape": "sphere",
        "seamark:type": "buoy_safe_water"
      },
      "geometry": {
        "type": "Point",
        "coordinates": [
          12.6668,
          56.0201833
        ]
      },
      "id": "node/4084719509"
    },
    {
      "type": "Feature",
      "properties": {
        "@id": "node/4088051104",
        "seamark:buoy_safe_water:colour": "red;white",
        "seamark:buoy_safe_water:colour_pattern": "vertical",
        "seamark:buoy_safe_water:shape": "pillar",
        "seamark:light:character": "Iso",
        "seamark:light:colour": "white",
        "seamark:light:period": "10",
        "seamark:name": "Malmö Redd",
        "seamark:topmark:colour": "red",
        "seamark:topmark:shape": "sphere",
        "seamark:type": "buoy_safe_water"
      },
      "geometry": {
        "type": "Point",
        "coordinates": [
          12.9469167,
          55.6416833
        ]
      },
      "id": "node/4088051104"
    },
    {
      "type": "Feature",
      "properties": {
        "@id": "node/4097380200",
        "seamark:buoy_safe_water:colour": "red;white",
        "seamark:buoy_safe_water:colour_pattern": "vertical",
        "seamark:buoy_safe_water:shape": "pillar",
        "seamark:light:character": "Iso",
        "seamark:light:colour": "white",
        "seamark:light:period": "4",
        "seamark:name": "No 7",
        "seamark:topmark:colour": "red",
        "seamark:topmark:shape": "sphere",
        "seamark:type": "buoy_safe_water"
      },
      "geometry": {
        "type": "Point",
        "coordinates": [
          10.7999167,
          56.8488333
        ]
      },
      "id": "node/4097380200"
    },
    {
      "type": "Feature",
      "properties": {
        "@id": "node/4097402436",
        "seamark:buoy_safe_water:colour": "red;white",
        "seamark:buoy_safe_water:colour_pattern": "vertical",
        "seamark:buoy_safe_water:shape": "pillar",
        "seamark:light:character": "LFl",
        "seamark:light:colour": "white",
        "seamark:light:period": "10",
        "seamark:name": "No. 6",
        "seamark:topmark:colour": "red",
        "seamark:topmark:shape": "sphere",
        "seamark:type": "buoy_safe_water"
      },
      "geometry": {
        "type": "Point",
        "coordinates": [
          10.8677167,
          56.9661667
        ]
      },
      "id": "node/4097402436"
    },
    {
      "type": "Feature",
      "properties": {
        "@id": "node/4097545206",
        "seamark:buoy_safe_water:colour": "red;white",
        "seamark:buoy_safe_water:colour_pattern": "vertical",
        "seamark:buoy_safe_water:shape": "pillar",
        "seamark:light:character": "LFl",
        "seamark:light:colour": "white",
        "seamark:light:period": "10",
        "seamark:name": "No. 1A",
        "seamark:radar_transponder:category": "racon",
        "seamark:radar_transponder:group": "N",
        "seamark:topmark:colour": "red",
        "seamark:topmark:shape": "sphere",
        "seamark:type": "buoy_safe_water"
      },
      "geometry": {
        "type": "Point",
        "coordinates": [
          10.8925,
          57.7242
        ]
      },
      "id": "node/4097545206"
    },
    {
      "type": "Feature",
      "properties": {
        "@id": "node/4103887746",
        "seamark:buoy_safe_water:colour": "red;white",
        "seamark:buoy_safe_water:colour_pattern": "vertical",
        "seamark:buoy_safe_water:shape": "pillar",
        "seamark:light:character": "LFl",
        "seamark:light:colour": "white",
        "seamark:light:period": "10",
        "seamark:name": "No 4",
        "seamark:topmark:colour": "red",
        "seamark:topmark:shape": "sphere",
        "seamark:type": "buoy_safe_water"
      },
      "geometry": {
        "type": "Point",
        "coordinates": [
          11.6643833,
          57.0918333
        ]
      },
      "id": "node/4103887746"
    },
    {
      "type": "Feature",
      "properties": {
        "@id": "node/4103912013",
        "seamark:buoy_safe_water:colour": "red;white",
        "seamark:buoy_safe_water:colour_pattern": "vertical",
        "seamark:buoy_safe_water:shape": "pillar",
        "seamark:light:character": "LFl",
        "seamark:light:colour": "white",
        "seamark:light:period": "10",
        "seamark:name": "No 2",
        "seamark:topmark:colour": "red",
        "seamark:topmark:shape": "sphere",
        "seamark:type": "buoy_safe_water"
      },
      "geometry": {
        "type": "Point",
        "coordinates": [
          11.9768167,
          56.52775
        ]
      },
      "id": "node/4103912013"
    },
    {
      "type": "Feature",
      "properties": {
        "@id": "node/4103912014",
        "seamark:buoy_safe_water:colour": "red;white",
        "seamark:buoy_safe_water:colour_pattern": "vertical",
        "seamark:buoy_safe_water:shape": "pillar",
        "seamark:light:character": "LFl",
        "seamark:light:colour": "white",
        "seamark:light:period": "10",
        "seamark:name": "No 10",
        "seamark:topmark:colour": "red",
        "seamark:topmark:shape": "sphere",
        "seamark:type": "buoy_safe_water"
      },
      "geometry": {
        "type": "Point",
        "coordinates": [
          12.07225,
          56.2980667
        ]
      },
      "id": "node/4103912014"
    },
    {
      "type": "Feature",
      "properties": {
        "@id": "node/4107796982",
        "seamark:buoy_safe_water:colour": "red;white",
        "seamark:buoy_safe_water:colour_pattern": "vertical",
        "seamark:buoy_safe_water:shape": "pillar",
        "seamark:light:character": "LFl",
        "seamark:light:colour": "white",
        "seamark:light:period": "10",
        "seamark:topmark:colour": "red",
        "seamark:topmark:shape": "sphere",
        "seamark:type": "buoy_safe_water"
      },
      "geometry": {
        "type": "Point",
        "coordinates": [
          11.0996167,
          56.3976333
        ]
      },
      "id": "node/4107796982"
    },
    {
      "type": "Feature",
      "properties": {
        "@id": "node/4107798141",
        "seamark:buoy_safe_water:colour": "red;white",
        "seamark:buoy_safe_water:colour_pattern": "vertical",
        "seamark:buoy_safe_water:shape": "pillar",
        "seamark:light:character": "LFl",
        "seamark:light:colour": "white",
        "seamark:light:period": "10",
        "seamark:name": "No 5",
        "seamark:topmark:colour": "red",
        "seamark:topmark:shape": "sphere",
        "seamark:type": "buoy_safe_water"
      },
      "geometry": {
        "type": "Point",
        "coordinates": [
          11.0924167,
          56.2122333
        ]
      },
      "id": "node/4107798141"
    },
    {
      "type": "Feature",
      "properties": {
        "@id": "node/4116887688",
        "seamark:buoy_safe_water:colour": "red;white",
        "seamark:buoy_safe_water:colour_pattern": "vertical",
        "seamark:buoy_safe_water:shape": "pillar",
        "seamark:light:character": "LFl",
        "seamark:light:colour": "white",
        "seamark:light:period": "10",
        "seamark:topmark:colour": "red",
        "seamark:topmark:shape": "sphere",
        "seamark:type": "buoy_safe_water"
      },
      "geometry": {
        "type": "Point",
        "coordinates": [
          10.5425667,
          57.4999667
        ]
      },
      "id": "node/4116887688"
    },
    {
      "type": "Feature",
      "properties": {
        "@id": "node/4118614855",
        "seamark:buoy_safe_water:colour": "red;white",
        "seamark:buoy_safe_water:colour_pattern": "vertical",
        "seamark:buoy_safe_water:shape": "pillar",
        "seamark:topmark:colour": "red",
        "seamark:topmark:shape": "sphere",
        "seamark:type": "buoy_safe_water"
      },
      "geometry": {
        "type": "Point",
        "coordinates": [
          10.6641,
          56.1469333
        ]
      },
      "id": "node/4118614855"
    },
    {
      "type": "Feature",
      "properties": {
        "@id": "node/4204894092",
        "seamark:buoy_safe_water:colour": "red;white",
        "seamark:buoy_safe_water:colour_pattern": "vertical",
        "seamark:buoy_safe_water:shape": "pillar",
        "seamark:light:character": "LFl",
        "seamark:light:colour": "white",
        "seamark:light:period": "10",
        "seamark:light:range": "2.0",
        "seamark:name": "Inner Crouch",
        "seamark:topmark:colour": "red",
        "seamark:topmark:shape": "sphere",
        "seamark:type": "buoy_safe_water"
      },
      "geometry": {
        "type": "Point",
        "coordinates": [
          0.9181167,
          51.6198167
        ]
      },
      "id": "node/4204894092"
    },
    {
      "type": "Feature",
      "properties": {
        "@id": "node/4222425286",
        "seamark:buoy_safe_water:colour": "red;white",
        "seamark:buoy_safe_water:colour_pattern": "vertical",
        "seamark:buoy_safe_water:shape": "spherical",
        "seamark:name": "Landfall",
        "seamark:topmark:colour": "red",
        "seamark:topmark:shape": "sphere",
        "seamark:type": "buoy_safe_water",
        "source": "survey"
      },
      "geometry": {
        "type": "Point",
        "coordinates": [
          -7.1921476,
          57.3712273
        ]
      },
      "id": "node/4222425286"
    },
    {
      "type": "Feature",
      "properties": {
        "@id": "node/4225887732",
        "buoy": "isolated_danger",
        "description": "Weiße Boje",
        "seamark": "buoy",
        "seamark:buoy_isolated_danger:colour": "white",
        "seamark:buoy_isolated_danger:shape": "spherical",
        "seamark:type": "buoy_safe_water"
      },
      "geometry": {
        "type": "Point",
        "coordinates": [
          12.5059257,
          47.9043127
        ]
      },
      "id": "node/4225887732"
    },
    {
      "type": "Feature",
      "properties": {
        "@id": "node/4244590249",
        "seamark:buoy_safe_water:colour": "red;white",
        "seamark:buoy_safe_water:colour_pattern": "vertical",
        "seamark:buoy_safe_water:shape": "spar",
        "seamark:name": "REC-D",
        "seamark:topmark:colour": "red",
        "seamark:topmark:shape": "sphere",
        "seamark:type": "buoy_safe_water"
      },
      "geometry": {
        "type": "Point",
        "coordinates": [
          4.0980806,
          51.3721611
        ]
      },
      "id": "node/4244590249"
    },
    {
      "type": "Feature",
      "properties": {
        "@id": "node/4244590250",
        "seamark:buoy_safe_water:colour": "red;white",
        "seamark:buoy_safe_water:colour_pattern": "vertical",
        "seamark:buoy_safe_water:shape": "spar",
        "seamark:name": "REC-B",
        "seamark:source": "https://data.overheid.nl/dataset/2c5f6817-d902-4123-9b1d-103a0a484979 2023-06-30 *",
        "seamark:topmark:colour": "red",
        "seamark:topmark:shape": "sphere",
        "seamark:type": "buoy_safe_water"
      },
      "geometry": {
        "type": "Point",
        "coordinates": [
          4.0944552,
          51.3801098
        ]
      },
      "id": "node/4244590250"
    },
    {
      "type": "Feature",
      "properties": {
        "@id": "node/4244590254",
        "seamark:buoy_safe_water:colour": "red;white",
        "seamark:buoy_safe_water:colour_pattern": "vertical",
        "seamark:buoy_safe_water:shape": "spherical",
        "seamark:light:character": "Iso",
        "seamark:light:colour": "white",
        "seamark:light:period": "8",
        "seamark:name": "REC-A",
        "seamark:source": "https://data.overheid.nl/dataset/2c5f6817-d902-4123-9b1d-103a0a484979 2023-06-30 *",
        "seamark:topmark:colour": "red",
        "seamark:topmark:shape": "sphere",
        "seamark:type": "buoy_safe_water"
      },
      "geometry": {
        "type": "Point",
        "coordinates": [
          4.0925194,
          51.3869359
        ]
      },
      "id": "node/4244590254"
    },
    {
      "type": "Feature",
      "properties": {
        "@id": "node/4301008741",
        "seamark:buoy_safe_water:colour": "red;white",
        "seamark:buoy_safe_water:colour_pattern": "vertical",
        "seamark:light:character": "LFl",
        "seamark:light:colour": "white",
        "seamark:light:exhibition": "night",
        "seamark:light:period": "10",
        "seamark:name": "W-4",
        "seamark:type": "buoy_safe_water"
      },
      "geometry": {
        "type": "Point",
        "coordinates": [
          14.5352159,
          53.7771653
        ]
      },
      "id": "node/4301008741"
    },
    {
      "type": "Feature",
      "properties": {
        "@id": "node/4301008742",
        "seamark:buoy_safe_water:colour": "red;white",
        "seamark:buoy_safe_water:colour_pattern": "vertical",
        "seamark:light:character": "LFl",
        "seamark:light:colour": "white",
        "seamark:light:exhibition": "night",
        "seamark:light:period": "10",
        "seamark:name": "W-3",
        "seamark:type": "buoy_safe_water"
      },
      "geometry": {
        "type": "Point",
        "coordinates": [
          14.5651683,
          53.7796906
        ]
      },
      "id": "node/4301008742"
    },
    {
      "type": "Feature",
      "properties": {
        "@id": "node/4301008743",
        "seamark:buoy_safe_water:colour": "red;white",
        "seamark:buoy_safe_water:colour_pattern": "vertical",
        "seamark:name": "W-2",
        "seamark:type": "buoy_safe_water"
      },
      "geometry": {
        "type": "Point",
        "coordinates": [
          14.6005267,
          53.7979878
        ]
      },
      "id": "node/4301008743"
    },
    {
      "type": "Feature",
      "properties": {
        "@id": "node/4301008744",
        "seamark:buoy_safe_water:colour": "red;white",
        "seamark:buoy_safe_water:colour_pattern": "vertical",
        "seamark:name": "W-1",
        "seamark:type": "buoy_safe_water"
      },
      "geometry": {
        "type": "Point",
        "coordinates": [
          14.6020381,
          53.826575
        ]
      },
      "id": "node/4301008744"
    },
    {
      "type": "Feature",
      "properties": {
        "@id": "node/4325474957",
        "alt_name": "Ambrose Tower",
        "description": "Light station at the convergence of several major shipping lanes. Primary passage for ships entering and departing the Port of New York",
        "name": "Ambrose Light Buoy",
        "seamark:buoy_safe_water:colour": "red;white",
        "seamark:buoy_safe_water:colour_pattern": "vertical",
        "seamark:buoy_safe_water:shape": "pillar",
        "seamark:fog_signal:category": "whistle",
        "seamark:light:character": "Mo",
        "seamark:light:colour": "white",
        "seamark:light:exhibition": "night",
        "seamark:light:group": "A",
        "seamark:light:period": "8",
        "seamark:light:sequence": "00.4+(00.6)+02.0+(05.0)",
        "seamark:name": "Ambrose Channel Lighted Whistle Buoy A",
        "seamark:radio_station:category": "ais",
        "seamark:radio_station:mmsi": "993672056",
        "seamark:topmark:colour": "red",
        "seamark:topmark:shape": "sphere",
        "seamark:type": "buoy_safe_water",
        "wikidata": "Q3378154",
        "wikipedia": "en:Ambrose Light"
      },
      "geometry": {
        "type": "Point",
        "coordinates": [
          -73.8300008,
          40.4599997
        ]
      },
      "id": "node/4325474957"
    },
    {
      "type": "Feature",
      "properties": {
        "@id": "node/4338636515",
        "seamark:buoy_safe_water:colour": "red;white",
        "seamark:buoy_safe_water:colour_pattern": "vertical",
        "seamark:buoy_safe_water:shape": "pillar",
        "seamark:light:character": "LFl",
        "seamark:light:colour": "white",
        "seamark:light:period": "10",
        "seamark:radio_station:category": "ais",
        "seamark:source": "https://www.admiralty.co.uk/WeeklyNMs/Year%20-%202016/32wknm16_week32_2016.pdf (4093)",
        "seamark:topmark:colour": "red",
        "seamark:topmark:shape": "sphere",
        "seamark:type": "buoy_safe_water"
      },
      "geometry": {
        "type": "Point",
        "coordinates": [
          17.403683,
          43.021933
        ]
      },
      "id": "node/4338636515"
    },
    {
      "type": "Feature",
      "properties": {
        "@id": "node/4348645479",
        "seamark:buoy_safe_water:colour": "red;white",
        "seamark:buoy_safe_water:colour_pattern": "vertical",
        "seamark:buoy_safe_water:shape": "pillar",
        "seamark:light:character": "Fl",
        "seamark:light:colour": "white",
        "seamark:light:period": "7.5",
        "seamark:name": "No 3",
        "seamark:source": "https://www.admiralty.co.uk/WeeklyNMs/Year%20-%202016/33wknm16_week33_2016.pdf (4249)",
        "seamark:topmark:colour": "red",
        "seamark:topmark:shape": "sphere",
        "seamark:type": "buoy_safe_water"
      },
      "geometry": {
        "type": "Point",
        "coordinates": [
          -16.74,
          13.573
        ]
      },
      "id": "node/4348645479"
    },
    {
      "type": "Feature",
      "properties": {
        "@id": "node/4349754320",
        "seamark:buoy_safe_water:colour": "red;white",
        "seamark:buoy_safe_water:colour_pattern": "vertical",
        "seamark:buoy_safe_water:shape": "pillar",
        "seamark:light:character": "Fl",
        "seamark:light:period": "3",
        "seamark:source": "https://www.admiralty.co.uk/WeeklyNMs/Year%20-%202016/33wknm16_week33_2016.pdf (4244)",
        "seamark:type": "buoy_safe_water"
      },
      "geometry": {
        "type": "Point",
        "coordinates": [
          -70.688883,
          19.823967
        ]
      },
      "id": "node/4349754320"
    },
    {
      "type": "Feature",
      "properties": {
        "@id": "node/4398743531",
        "seamark:buoy_safe_water:colour": "red;white",
        "seamark:buoy_safe_water:colour_pattern": "vertical",
        "seamark:buoy_safe_water:shape": "pillar",
        "seamark:light:character": "Mo",
        "seamark:light:colour": "white",
        "seamark:light:exhibition": "night",
        "seamark:light:group": "A",
        "seamark:light:period": "8.0",
        "seamark:name": "PP",
        "seamark:status": "permanent",
        "seamark:topmark:colour": "red",
        "seamark:topmark:shape": "sphere",
        "seamark:type": "buoy_safe_water"
      },
      "geometry": {
        "type": "Point",
        "coordinates": [
          -122.51375,
          37.4722222
        ]
      },
      "id": "node/4398743531"
    },
    {
      "type": "Feature",
      "properties": {
        "@id": "node/4451961862",
        "seamark:buoy_safe_water:colour": "red;white",
        "seamark:buoy_safe_water:colour_pattern": "vertical",
        "seamark:buoy_safe_water:shape": "pillar",
        "seamark:light:character": "Iso",
        "seamark:light:colour": "white",
        "seamark:light:period": "4",
        "seamark:name": "SL",
        "seamark:topmark:colour": "red",
        "seamark:topmark:shape": "sphere",
        "seamark:type": "buoy_safe_water"
      },
      "geometry": {
        "type": "Point",
        "coordinates": [
          -53.8626878,
          5.8635136
        ]
      },
      "id": "node/4451961862"
    },
    {
      "type": "Feature",
      "properties": {
        "@id": "node/4452006843",
        "seamark:buoy_safe_water:colour": "red;white",
        "seamark:buoy_safe_water:colour_pattern": "vertical",
        "seamark:buoy_safe_water:shape": "pillar",
        "seamark:light:character": "Iso",
        "seamark:light:colour": "white",
        "seamark:light:period": "4",
        "seamark:name": "KO",
        "seamark:topmark:colour": "red",
        "seamark:topmark:shape": "sphere",
        "seamark:type": "buoy_safe_water"
      },
      "geometry": {
        "type": "Point",
        "coordinates": [
          -52.5998333,
          5.2266667
        ]
      },
      "id": "node/4452006843"
    },
    {
      "type": "Feature",
      "properties": {
        "@id": "node/4465340205",
        "seamark:buoy_safe_water:colour": "red;white",
        "seamark:buoy_safe_water:colour_pattern": "vertical",
        "seamark:buoy_safe_water:shape": "pillar",
        "seamark:light:character": "LFl",
        "seamark:light:colour": "white",
        "seamark:light:period": "10",
        "seamark:radar_transponder:category": "racon",
        "seamark:topmark:colour": "red",
        "seamark:topmark:shape": "sphere",
        "seamark:type": "buoy_safe_water"
      },
      "geometry": {
        "type": "Point",
        "coordinates": [
          56.6331724,
          24.5815857
        ]
      },
      "id": "node/4465340205"
    },
    {
      "type": "Feature",
      "properties": {
        "@id": "node/4473281487",
        "seamark:buoy_safe_water:colour": "red;white",
        "seamark:buoy_safe_water:colour_pattern": "vertical",
        "seamark:light:character": "LFl",
        "seamark:light:period": "10",
        "seamark:topmark:colour": "red",
        "seamark:topmark:shape": "sphere",
        "seamark:type": "buoy_safe_water"
      },
      "geometry": {
        "type": "Point",
        "coordinates": [
          58.5520293,
          23.6828342
        ]
      },
      "id": "node/4473281487"
    },
    {
      "type": "Feature",
      "properties": {
        "@id": "node/4594509391",
        "seamark:buoy_safe_water:colour": "red;white",
        "seamark:buoy_safe_water:colour_pattern": "vertical",
        "seamark:buoy_safe_water:shape": "spar",
        "seamark:light:character": "Iso",
        "seamark:light:colour": "white",
        "seamark:light:period": "8",
        "seamark:name": "OVD",
        "seamark:type": "buoy_safe_water"
      },
      "geometry": {
        "type": "Point",
        "coordinates": [
          5.2590194,
          52.4604694
        ]
      },
      "id": "node/4594509391"
    },
    {
      "type": "Feature",
      "properties": {
        "@id": "node/4694365292",
        "name": "Merrimack River Entrance Lighted Whistle Buoy MR",
        "note": "NOAA/USCG surveyed location. Is visible on Bing, imagery is offset by about 93 feet.",
        "seamark:buoy_safe_water:colour": "red;white",
        "seamark:buoy_safe_water:colour_pattern": "vertical",
        "seamark:buoy_safe_water:ref": "US003462127964358",
        "seamark:buoy_safe_water:shape": "pillar",
        "seamark:fog_signal": "yes",
        "seamark:fog_signal:category": "whistle",
        "seamark:fog_signal:ref": "US003462127864358",
        "seamark:light:character": "Mo",
        "seamark:light:colour": "white",
        "seamark:light:exhibition": "night",
        "seamark:light:group": "A",
        "seamark:light:period": "8.0",
        "seamark:light:range": "4",
        "seamark:light:ref": "US003462128064358",
        "seamark:light:sequence": "0.4+(0.6)+2.0+(5.0)",
        "seamark:name": "RW \"MR\"",
        "seamark:status": "permanent",
        "seamark:topmark:colour": "red",
        "seamark:topmark:ref": "US003462127764358",
        "seamark:topmark:shape": "sphere",
        "seamark:type": "buoy_safe_water",
        "source": "NOAA Electronic Navigation Chart US5MA1VI",
        "source:position": "USCG List of Lights, vol. 1 (2023, corr. through week 42)"
      },
      "geometry": {
        "type": "Point",
        "coordinates": [
          -70.7842203,
          42.8095464
        ]
      },
      "id": "node/4694365292"
    },
    {
      "type": "Feature",
      "properties": {
        "@id": "node/4704580290",
        "seamark:buoy_safe_water:colour": "red;white",
        "seamark:buoy_safe_water:colour_pattern": "vertical",
        "seamark:buoy_safe_water:shape": "spar",
        "seamark:type": "buoy_safe_water",
        "source": "Maanmittauslaitos Peruskarttarasteri 2017"
      },
      "geometry": {
        "type": "Point",
        "coordinates": [
          23.1574326,
          61.7816059
        ]
      },
      "id": "node/4704580290"
    },
    {
      "type": "Feature",
      "properties": {
        "@id": "node/4704580293",
        "seamark:buoy_safe_water:colour": "red;white",
        "seamark:buoy_safe_water:colour_pattern": "vertical",
        "seamark:buoy_safe_water:shape": "spar",
        "seamark:type": "buoy_safe_water",
        "source": "Maanmittauslaitos Peruskarttarasteri 2017"
      },
      "geometry": {
        "type": "Point",
        "coordinates": [
          23.0382781,
          61.8084149
        ]
      },
      "id": "node/4704580293"
    },
    {
      "type": "Feature",
      "properties": {
        "@id": "node/4704580294",
        "seamark:buoy_safe_water:colour": "red;white",
        "seamark:buoy_safe_water:colour_pattern": "vertical",
        "seamark:buoy_safe_water:shape": "spar",
        "seamark:type": "buoy_safe_water",
        "source": "Maanmittauslaitos Peruskarttarasteri 2017"
      },
      "geometry": {
        "type": "Point",
        "coordinates": [
          23.0524187,
          61.8022965
        ]
      },
      "id": "node/4704580294"
    },
    {
      "type": "Feature",
      "properties": {
        "@id": "node/4704580295",
        "seamark:buoy_safe_water:colour": "red;white",
        "seamark:buoy_safe_water:colour_pattern": "vertical",
        "seamark:buoy_safe_water:shape": "spar",
        "seamark:type": "buoy_safe_water",
        "source": "Maanmittauslaitos Peruskarttarasteri 2017"
      },
      "geometry": {
        "type": "Point",
        "coordinates": [
          23.0664252,
          61.7962455
        ]
      },
      "id": "node/4704580295"
    },
    {
      "type": "Feature",
      "properties": {
        "@id": "node/4704580297",
        "seamark:buoy_safe_water:colour": "red;white",
        "seamark:buoy_safe_water:colour_pattern": "vertical",
        "seamark:buoy_safe_water:shape": "spar",
        "seamark:type": "buoy_safe_water",
        "source": "Maanmittauslaitos Peruskarttarasteri 2017"
      },
      "geometry": {
        "type": "Point",
        "coordinates": [
          23.1327455,
          61.7719251
        ]
      },
      "id": "node/4704580297"
    },
    {
      "type": "Feature",
      "properties": {
        "@id": "node/4704580299",
        "seamark:buoy_safe_water:colour": "red;white",
        "seamark:buoy_safe_water:colour_pattern": "vertical",
        "seamark:buoy_safe_water:shape": "spar",
        "seamark:type": "buoy_safe_water",
        "source": "Maanmittauslaitos Peruskarttarasteri 2017"
      },
      "geometry": {
        "type": "Point",
        "coordinates": [
          23.0978661,
          61.783498
        ]
      },
      "id": "node/4704580299"
    },
    {
      "type": "Feature",
      "properties": {
        "@id": "node/4705183264",
        "seamark:buoy_safe_water:colour": "red;white",
        "seamark:buoy_safe_water:colour_pattern": "vertical",
        "seamark:buoy_safe_water:shape": "spar",
        "seamark:type": "buoy_safe_water",
        "source": "Maanmittauslaitos Peruskarttarasteri 2017"
      },
      "geometry": {
        "type": "Point",
        "coordinates": [
          23.024109,
          61.8391555
        ]
      },
      "id": "node/4705183264"
    },
    {
      "type": "Feature",
      "properties": {
        "@id": "node/4705183265",
        "seamark:buoy_safe_water:colour": "red;white",
        "seamark:buoy_safe_water:colour_pattern": "vertical",
        "seamark:buoy_safe_water:shape": "spar",
        "seamark:type": "buoy_safe_water",
        "source": "Maanmittauslaitos Peruskarttarasteri 2017"
      },
      "geometry": {
        "type": "Point",
        "coordinates": [
          23.0247795,
          61.8330382
        ]
      },
      "id": "node/4705183265"
    },
    {
      "type": "Feature",
      "properties": {
        "@id": "node/4705183266",
        "seamark:buoy_safe_water:colour": "red;white",
        "seamark:buoy_safe_water:colour_pattern": "vertical",
        "seamark:buoy_safe_water:shape": "spar",
        "seamark:type": "buoy_safe_water",
        "source": "Maanmittauslaitos Peruskarttarasteri 2017"
      },
      "geometry": {
        "type": "Point",
        "coordinates": [
          23.0255842,
          61.825704
        ]
      },
      "id": "node/4705183266"
    },
    {
      "type": "Feature",
      "properties": {
        "@id": "node/4705183274",
        "seamark:buoy_safe_water:colour": "red;white",
        "seamark:buoy_safe_water:colour_pattern": "vertical",
        "seamark:buoy_safe_water:shape": "spar",
        "seamark:type": "buoy_safe_water",
        "source": "Maanmittauslaitos Peruskarttarasteri 2017"
      },
      "geometry": {
        "type": "Point",
        "coordinates": [
          23.0127311,
          61.8194473
        ]
      },
      "id": "node/4705183274"
    },
    {
      "type": "Feature",
      "properties": {
        "@id": "node/4705193512",
        "seamark:buoy_safe_water:colour": "red;white",
        "seamark:buoy_safe_water:colour_pattern": "vertical",
        "seamark:buoy_safe_water:shape": "spar",
        "seamark:type": "buoy_safe_water",
        "source": "Maanmittauslaitos Peruskarttarasteri 2017"
      },
      "geometry": {
        "type": "Point",
        "coordinates": [
          23.1976426,
          61.6920701
        ]
      },
      "id": "node/4705193512"
    },
    {
      "type": "Feature",
      "properties": {
        "@id": "node/4705193514",
        "seamark:buoy_safe_water:colour": "red;white",
        "seamark:buoy_safe_water:colour_pattern": "vertical",
        "seamark:buoy_safe_water:shape": "spar",
        "seamark:type": "buoy_safe_water",
        "source": "Maanmittauslaitos Peruskarttarasteri 2017"
      },
      "geometry": {
        "type": "Point",
        "coordinates": [
          23.2197869,
          61.6934082
        ]
      },
      "id": "node/4705193514"
    },
    {
      "type": "Feature",
      "properties": {
        "@id": "node/4705193515",
        "seamark:buoy_safe_water:colour": "red;white",
        "seamark:buoy_safe_water:colour_pattern": "vertical",
        "seamark:buoy_safe_water:shape": "spar",
        "seamark:type": "buoy_safe_water",
        "source": "Maanmittauslaitos Peruskarttarasteri 2017"
      },
      "geometry": {
        "type": "Point",
        "coordinates": [
          23.2181776,
          61.7007537
        ]
      },
      "id": "node/4705193515"
    },
    {
      "type": "Feature",
      "properties": {
        "@id": "node/4705193516",
        "seamark:buoy_safe_water:colour": "red;white",
        "seamark:buoy_safe_water:colour_pattern": "vertical",
        "seamark:buoy_safe_water:shape": "spar",
        "seamark:type": "buoy_safe_water",
        "source": "Maanmittauslaitos Peruskarttarasteri 2017"
      },
      "geometry": {
        "type": "Point",
        "coordinates": [
          23.2331121,
          61.7071871
        ]
      },
      "id": "node/4705193516"
    },
    {
      "type": "Feature",
      "properties": {
        "@id": "node/4705193518",
        "seamark:buoy_safe_water:colour": "red;white",
        "seamark:buoy_safe_water:colour_pattern": "vertical",
        "seamark:buoy_safe_water:shape": "spar",
        "seamark:type": "buoy_safe_water",
        "source": "Maanmittauslaitos Peruskarttarasteri 2017"
      },
      "geometry": {
        "type": "Point",
        "coordinates": [
          23.2154954,
          61.7130143
        ]
      },
      "id": "node/4705193518"
    },
    {
      "type": "Feature",
      "properties": {
        "@id": "node/4705193519",
        "seamark:buoy_safe_water:colour": "red;white",
        "seamark:buoy_safe_water:colour_pattern": "vertical",
        "seamark:buoy_safe_water:shape": "spar",
        "seamark:type": "buoy_safe_water",
        "source": "Maanmittauslaitos Peruskarttarasteri 2017"
      },
      "geometry": {
        "type": "Point",
        "coordinates": [
          23.2139933,
          61.7198264
        ]
      },
      "id": "node/4705193519"
    },
    {
      "type": "Feature",
      "properties": {
        "@id": "node/4705193520",
        "seamark:buoy_safe_water:colour": "red;white",
        "seamark:buoy_safe_water:colour_pattern": "vertical",
        "seamark:buoy_safe_water:shape": "spar",
        "seamark:type": "buoy_safe_water",
        "source": "Maanmittauslaitos Peruskarttarasteri 2017"
      },
      "geometry": {
        "type": "Point",
        "coordinates": [
          23.2126844,
          61.7257884
        ]
      },
      "id": "node/4705193520"
    },
    {
      "type": "Feature",
      "properties": {
        "@id": "node/4705193521",
        "seamark:buoy_safe_water:colour": "red;white",
        "seamark:buoy_safe_water:colour_pattern": "vertical",
        "seamark:buoy_safe_water:shape": "spar",
        "seamark:type": "buoy_safe_water",
        "source": "Maanmittauslaitos Peruskarttarasteri 2017"
      },
      "geometry": {
        "type": "Point",
        "coordinates": [
          23.2194543,
          61.7343557
        ]
      },
      "id": "node/4705193521"
    },
    {
      "type": "Feature",
      "properties": {
        "@id": "node/4705193522",
        "seamark:buoy_safe_water:colour": "red;white",
        "seamark:buoy_safe_water:colour_pattern": "vertical",
        "seamark:buoy_safe_water:shape": "spar",
        "seamark:type": "buoy_safe_water",
        "source": "Maanmittauslaitos Peruskarttarasteri 2017"
      },
      "geometry": {
        "type": "Point",
        "coordinates": [
          23.2002068,
          61.7335479
        ]
      },
      "id": "node/4705193522"
    },
    {
      "type": "Feature",
      "properties": {
        "@id": "node/4705193525",
        "seamark:buoy_safe_water:colour": "red;white",
        "seamark:buoy_safe_water:colour_pattern": "vertical",
        "seamark:buoy_safe_water:shape": "spar",
        "seamark:type": "buoy_safe_water",
        "source": "Maanmittauslaitos Peruskarttarasteri 2017"
      },
      "geometry": {
        "type": "Point",
        "coordinates": [
          23.2273454,
          61.7606983
        ]
      },
      "id": "node/4705193525"
    },
    {
      "type": "Feature",
      "properties": {
        "@id": "node/4705193526",
        "seamark:buoy_safe_water:colour": "red;white",
        "seamark:buoy_safe_water:colour_pattern": "vertical",
        "seamark:buoy_safe_water:shape": "spar",
        "seamark:type": "buoy_safe_water",
        "source": "Maanmittauslaitos Peruskarttarasteri 2017"
      },
      "geometry": {
        "type": "Point",
        "coordinates": [
          23.2673907,
          61.7647439
        ]
      },
      "id": "node/4705193526"
    },
    {
      "type": "Feature",
      "properties": {
        "@id": "node/4705193528",
        "seamark:buoy_safe_water:colour": "red;white",
        "seamark:buoy_safe_water:colour_pattern": "vertical",
        "seamark:buoy_safe_water:shape": "spar",
        "seamark:type": "buoy_safe_water"
      },
      "geometry": {
        "type": "Point",
        "coordinates": [
          23.2429612,
          61.7512903
        ]
      },
      "id": "node/4705193528"
    },
    {
      "type": "Feature",
      "properties": {
        "@id": "node/4705193529",
        "seamark:buoy_safe_water:colour": "red;white",
        "seamark:buoy_safe_water:colour_pattern": "vertical",
        "seamark:buoy_safe_water:shape": "spar",
        "seamark:type": "buoy_safe_water"
      },
      "geometry": {
        "type": "Point",
        "coordinates": [
          23.233949,
          61.7463236
        ]
      },
      "id": "node/4705193529"
    },
    {
      "type": "Feature",
      "properties": {
        "@id": "node/4705193531",
        "seamark:buoy_safe_water:colour": "red;white",
        "seamark:buoy_safe_water:colour_pattern": "vertical",
        "seamark:buoy_safe_water:shape": "spar",
        "seamark:type": "buoy_safe_water"
      },
      "geometry": {
        "type": "Point",
        "coordinates": [
          23.2045198,
          61.7420673
        ]
      },
      "id": "node/4705193531"
    },
    {
      "type": "Feature",
      "properties": {
        "@id": "node/4705193533",
        "seamark:buoy_safe_water:colour": "red;white",
        "seamark:buoy_safe_water:colour_pattern": "vertical",
        "seamark:buoy_safe_water:shape": "spar",
        "seamark:type": "buoy_safe_water",
        "source": "Maanmittauslaitos Peruskarttarasteri 2017"
      },
      "geometry": {
        "type": "Point",
        "coordinates": [
          23.1752944,
          61.7490508
        ]
      },
      "id": "node/4705193533"
    },
    {
      "type": "Feature",
      "properties": {
        "@id": "node/4705193534",
        "seamark:buoy_safe_water:colour": "red;white",
        "seamark:buoy_safe_water:colour_pattern": "vertical",
        "seamark:buoy_safe_water:shape": "spar",
        "seamark:type": "buoy_safe_water",
        "source": "Maanmittauslaitos Peruskarttarasteri 2017"
      },
      "geometry": {
        "type": "Point",
        "coordinates": [
          23.1649518,
          61.755459
        ]
      },
      "id": "node/4705193534"
    },
    {
      "type": "Feature",
      "properties": {
        "@id": "node/4705193535",
        "seamark:buoy_safe_water:colour": "red;white",
        "seamark:buoy_safe_water:colour_pattern": "vertical",
        "seamark:buoy_safe_water:shape": "spar",
        "seamark:type": "buoy_safe_water",
        "source": "Maanmittauslaitos Peruskarttarasteri 2017"
      },
      "geometry": {
        "type": "Point",
        "coordinates": [
          23.1546414,
          61.761876
        ]
      },
      "id": "node/4705193535"
    },
    {
      "type": "Feature",
      "properties": {
        "@id": "node/4707477569",
        "seamark:buoy_safe_water:colour": "red;white",
        "seamark:buoy_safe_water:colour_pattern": "vertical",
        "seamark:buoy_safe_water:shape": "spar",
        "seamark:type": "buoy_safe_water",
        "source": "Finnish Transport Agency. Not for navigational use. Does not meet the requirements for official nautical charts."
      },
      "geometry": {
        "type": "Point",
        "coordinates": [
          22.9716142,
          60.0117142
        ]
      },
      "id": "node/4707477569"
    },
    {
      "type": "Feature",
      "properties": {
        "@id": "node/4707477570",
        "seamark:buoy_safe_water:colour": "red;white",
        "seamark:buoy_safe_water:colour_pattern": "vertical",
        "seamark:buoy_safe_water:shape": "spar",
        "seamark:type": "buoy_safe_water",
        "source": "Finnish Transport Agency. Not for navigational use. Does not meet the requirements for official nautical charts."
      },
      "geometry": {
        "type": "Point",
        "coordinates": [
          22.9780722,
          60.0287057
        ]
      },
      "id": "node/4707477570"
    },
    {
      "type": "Feature",
      "properties": {
        "@id": "node/4707477571",
        "seamark:buoy_safe_water:colour": "red;white",
        "seamark:buoy_safe_water:colour_pattern": "vertical",
        "seamark:buoy_safe_water:shape": "spar",
        "seamark:type": "buoy_safe_water",
        "source": "Finnish Transport Agency. Not for navigational use. Does not meet the requirements for official nautical charts."
      },
      "geometry": {
        "type": "Point",
        "coordinates": [
          22.9835528,
          60.0426556
        ]
      },
      "id": "node/4707477571"
    },
    {
      "type": "Feature",
      "properties": {
        "@id": "node/4710305577",
        "seamark:buoy_safe_water:colour": "red;white",
        "seamark:buoy_safe_water:colour_pattern": "vertical",
        "seamark:buoy_safe_water:shape": "spar",
        "seamark:type": "buoy_safe_water",
        "source": "Finnish Transport Agency. Not for navigational use. Does not meet the requirements for official nautical charts."
      },
      "geometry": {
        "type": "Point",
        "coordinates": [
          22.978195,
          60.0542649
        ]
      },
      "id": "node/4710305577"
    },
    {
      "type": "Feature",
      "properties": {
        "@id": "node/4710305594",
        "seamark:buoy_safe_water:colour": "red;white",
        "seamark:buoy_safe_water:colour_pattern": "vertical",
        "seamark:buoy_safe_water:shape": "spar",
        "seamark:type": "buoy_safe_water",
        "source": "Finnish Transport Agency. Not for navigational use. Does not meet the requirements for official nautical charts."
      },
      "geometry": {
        "type": "Point",
        "coordinates": [
          22.8426147,
          60.0609641
        ]
      },
      "id": "node/4710305594"
    },
    {
      "type": "Feature",
      "properties": {
        "@id": "node/4710305599",
        "seamark:buoy_safe_water:colour": "red;white",
        "seamark:buoy_safe_water:colour_pattern": "vertical",
        "seamark:buoy_safe_water:shape": "spar",
        "seamark:type": "buoy_safe_water",
        "source": "Finnish Transport Agency. Not for navigational use. Does not meet the requirements for official nautical charts."
      },
      "geometry": {
        "type": "Point",
        "coordinates": [
          22.9736567,
          60.0637911
        ]
      },
      "id": "node/4710305599"
    },
    {
      "type": "Feature",
      "properties": {
        "@id": "node/4710305600",
        "seamark:buoy_safe_water:colour": "red;white",
        "seamark:buoy_safe_water:colour_pattern": "vertical",
        "seamark:buoy_safe_water:shape": "spar",
        "seamark:type": "buoy_safe_water",
        "source": "Finnish Transport Agency. Not for navigational use. Does not meet the requirements for official nautical charts."
      },
      "geometry": {
        "type": "Point",
        "coordinates": [
          22.9435301,
          60.0728276
        ]
      },
      "id": "node/4710305600"
    },
    {
      "type": "Feature",
      "properties": {
        "@id": "node/4710305601",
        "seamark:buoy_safe_water:colour": "red;white",
        "seamark:buoy_safe_water:colour_pattern": "vertical",
        "seamark:buoy_safe_water:shape": "spar",
        "seamark:type": "buoy_safe_water",
        "source": "Finnish Transport Agency. Not for navigational use. Does not meet the requirements for official nautical charts."
      },
      "geometry": {
        "type": "Point",
        "coordinates": [
          22.9337883,
          60.0581796
        ]
      },
      "id": "node/4710305601"
    },
    {
      "type": "Feature",
      "properties": {
        "@id": "node/4710305604",
        "seamark:buoy_safe_water:colour": "red;white",
        "seamark:buoy_safe_water:colour_pattern": "vertical",
        "seamark:buoy_safe_water:shape": "spar",
        "seamark:type": "buoy_safe_water",
        "source": "Finnish Transport Agency. Not for navigational use. Does not meet the requirements for official nautical charts."
      },
      "geometry": {
        "type": "Point",
        "coordinates": [
          22.8956795,
          60.0144755
        ]
      },
      "id": "node/4710305604"
    },
    {
      "type": "Feature",
      "properties": {
        "@id": "node/4710305612",
        "seamark:buoy_safe_water:colour": "red;white",
        "seamark:buoy_safe_water:colour_pattern": "vertical",
        "seamark:buoy_safe_water:shape": "spar",
        "seamark:type": "buoy_safe_water",
        "source": "Finnish Transport Agency. Not for navigational use. Does not meet the requirements for official nautical charts."
      },
      "geometry": {
        "type": "Point",
        "coordinates": [
          23.0185032,
          59.9909598
        ]
      },
      "id": "node/4710305612"
    },
    {
      "type": "Feature",
      "properties": {
        "@id": "node/4710305613",
        "seamark:buoy_safe_water:colour": "red;white",
        "seamark:buoy_safe_water:colour_pattern": "vertical",
        "seamark:buoy_safe_water:shape": "spar",
        "seamark:type": "buoy_safe_water",
        "source": "Finnish Transport Agency. Not for navigational use. Does not meet the requirements for official nautical charts."
      },
      "geometry": {
        "type": "Point",
        "coordinates": [
          23.0038261,
          60.000853
        ]
      },
      "id": "node/4710305613"
    },
    {
      "type": "Feature",
      "properties": {
        "@id": "node/4710305614",
        "seamark:buoy_safe_water:colour": "red;white",
        "seamark:buoy_safe_water:colour_pattern": "vertical",
        "seamark:buoy_safe_water:shape": "spar",
        "seamark:type": "buoy_safe_water",
        "source": "Finnish Transport Agency. Not for navigational use. Does not meet the requirements for official nautical charts."
      },
      "geometry": {
        "type": "Point",
        "coordinates": [
          22.9891491,
          60.0058092
        ]
      },
      "id": "node/4710305614"
    },
    {
      "type": "Feature",
      "properties": {
        "@id": "node/4736223625",
        "seamark:buoy_safe_water:colour": "red;white",
        "seamark:buoy_safe_water:colour_pattern": "vertical",
        "seamark:buoy_safe_water:shape": "pillar",
        "seamark:type": "buoy_safe_water"
      },
      "geometry": {
        "type": "Point",
        "coordinates": [
          19.3463214,
          54.3072677
        ]
      },
      "id": "node/4736223625"
    },
    {
      "type": "Feature",
      "properties": {
        "@id": "node/4736223626",
        "seamark:buoy_safe_water:colour": "red;white",
        "seamark:buoy_safe_water:colour_pattern": "vertical",
        "seamark:buoy_safe_water:shape": "pillar",
        "seamark:type": "buoy_safe_water"
      },
      "geometry": {
        "type": "Point",
        "coordinates": [
          19.374051,
          54.3122505
        ]
      },
      "id": "node/4736223626"
    },
    {
      "type": "Feature",
      "properties": {
        "@id": "node/4736223627",
        "seamark:buoy_safe_water:colour": "red;white",
        "seamark:buoy_safe_water:colour_pattern": "vertical",
        "seamark:buoy_safe_water:shape": "pillar",
        "seamark:type": "buoy_safe_water"
      },
      "geometry": {
        "type": "Point",
        "coordinates": [
          19.3198431,
          54.3025091
        ]
      },
      "id": "node/4736223627"
    },
    {
      "type": "Feature",
      "properties": {
        "@id": "node/4736236607",
        "seamark:buoy_safe_water:colour": "red;white",
        "seamark:buoy_safe_water:colour_pattern": "vertical",
        "seamark:buoy_safe_water:shape": "pillar",
        "seamark:type": "buoy_safe_water"
      },
      "geometry": {
        "type": "Point",
        "coordinates": [
          19.4149474,
          54.3195983
        ]
      },
      "id": "node/4736236607"
    },
    {
      "type": "Feature",
      "properties": {
        "@id": "node/4737643812",
        "seamark:buoy_safe_water:shape": "pillar",
        "seamark:type": "buoy_safe_water"
      },
      "geometry": {
        "type": "Point",
        "coordinates": [
          19.4921892,
          54.3492367
        ]
      },
      "id": "node/4737643812"
    },
    {
      "type": "Feature",
      "properties": {
        "@id": "node/4738118645",
        "seamark:buoy_safe_water:colour": "red;white",
        "seamark:buoy_safe_water:colour_pattern": "vertical",
        "seamark:buoy_safe_water:shape": "pillar",
        "seamark:type": "buoy_safe_water"
      },
      "geometry": {
        "type": "Point",
        "coordinates": [
          19.6424785,
          54.4099426
        ]
      },
      "id": "node/4738118645"
    },
    {
      "type": "Feature",
      "properties": {
        "@id": "node/4738134016",
        "seamark:buoy_safe_water:colour": "red;white",
        "seamark:buoy_safe_water:colour_pattern": "vertical",
        "seamark:buoy_safe_water:shape": "pillar",
        "seamark:type": "buoy_safe_water",
        "source:position": "Geoportal Orto"
      },
      "geometry": {
        "type": "Point",
        "coordinates": [
          19.6026621,
          54.3917008
        ]
      },
      "id": "node/4738134016"
    },
    {
      "type": "Feature",
      "properties": {
        "@id": "node/4738148290",
        "seamark:buoy_safe_water:colour": "red;white",
        "seamark:buoy_safe_water:colour_pattern": "vertical",
        "seamark:buoy_safe_water:shape": "pillar",
        "seamark:type": "buoy_safe_water",
        "source:position": "Geoportal Orto"
      },
      "geometry": {
        "type": "Point",
        "coordinates": [
          19.5205337,
          54.360554
        ]
      },
      "id": "node/4738148290"
    },
    {
      "type": "Feature",
      "properties": {
        "@id": "node/4738149603",
        "seamark:buoy_safe_water:colour": "red;white",
        "seamark:buoy_safe_water:colour_pattern": "vertical",
        "seamark:buoy_safe_water:shape": "pillar",
        "seamark:type": "buoy_safe_water"
      },
      "geometry": {
        "type": "Point",
        "coordinates": [
          19.5482566,
          54.3718933
        ]
      },
      "id": "node/4738149603"
    },
    {
      "type": "Feature",
      "properties": {
        "@id": "node/4738867590",
        "seamark:buoy_safe_water:colour": "red;white",
        "seamark:buoy_safe_water:colour_pattern": "vertical",
        "seamark:buoy_safe_water:shape": "pillar",
        "seamark:type": "buoy_safe_water"
      },
      "geometry": {
        "type": "Point",
        "coordinates": [
          19.2415065,
          54.3376901
        ]
      },
      "id": "node/4738867590"
    },
    {
      "type": "Feature",
      "properties": {
        "@id": "node/4739209921",
        "seamark:buoy_safe_water:colour": "red;white",
        "seamark:buoy_safe_water:colour_pattern": "vertical",
        "seamark:buoy_safe_water:shape": "pillar",
        "seamark:type": "buoy_safe_water"
      },
      "geometry": {
        "type": "Point",
        "coordinates": [
          19.4608094,
          54.3365508
        ]
      },
      "id": "node/4739209921"
    },
    {
      "type": "Feature",
      "properties": {
        "@id": "node/4931053528",
        "seamark:buoy_safe_water:colour": "red;white",
        "seamark:buoy_safe_water:colour_pattern": "vertical",
        "seamark:buoy_safe_water:shape": "spar",
        "seamark:light:character": "LFl",
        "seamark:light:colour": "white",
        "seamark:light:period": "10",
        "seamark:topmark:colour": "red",
        "seamark:topmark:shape": "sphere",
        "seamark:type": "buoy_safe_water"
      },
      "geometry": {
        "type": "Point",
        "coordinates": [
          10.8506941,
          55.2713567
        ]
      },
      "id": "node/4931053528"
    },
    {
      "type": "Feature",
      "properties": {
        "@id": "node/4933995761",
        "seamark:buoy_safe_water:colour": "red;white",
        "seamark:buoy_safe_water:colour_pattern": "vertical",
        "seamark:buoy_safe_water:shape": "pillar",
        "seamark:light:character": "Iso",
        "seamark:light:colour": "white",
        "seamark:light:period": "4",
        "seamark:name": "WP 229",
        "seamark:topmark:colour": "red",
        "seamark:topmark:shape": "sphere",
        "seamark:type": "buoy_safe_water"
      },
      "geometry": {
        "type": "Point",
        "coordinates": [
          10.917186,
          55.2868816
        ]
      },
      "id": "node/4933995761"
    },
    {
      "type": "Feature",
      "properties": {
        "@id": "node/4934036150",
        "seamark:buoy_safe_water:colour": "red;white",
        "seamark:buoy_safe_water:colour_pattern": "vertical",
        "seamark:buoy_safe_water:shape": "spar",
        "seamark:topmark:colour": "red",
        "seamark:topmark:shape": "sphere",
        "seamark:type": "buoy_safe_water"
      },
      "geometry": {
        "type": "Point",
        "coordinates": [
          11.202321,
          55.2109078
        ]
      },
      "id": "node/4934036150"
    },
    {
      "type": "Feature",
      "properties": {
        "@id": "node/5002172812",
        "seamark:buoy_safe_water:colour": "red;white",
        "seamark:buoy_safe_water:colour_pattern": "vertical",
        "seamark:buoy_safe_water:shape": "spar",
        "seamark:light:character": "Mo",
        "seamark:light:colour": "white",
        "seamark:light:group": "A",
        "seamark:light:period": "8",
        "seamark:name": "CZ",
        "seamark:source": "https://geoservices.rijkswaterstaat.nl/apps/geoserver/vaarweg_markeringen/ows?service=WFS&version=1.1.0&request=GetFeature&typeName=vaarweg_markering_drijvend&outputFormat=csv Date: 2019-08-10",
        "seamark:type": "buoy_safe_water"
      },
      "geometry": {
        "type": "Point",
        "coordinates": [
          3.384514,
          51.384747
        ]
      },
      "id": "node/5002172812"
    },
    {
      "type": "Feature",
      "properties": {
        "@id": "node/5004045626",
        "man_made": "beacon",
        "name": "Passe du NE \"Nord Est\"",
        "seamark:buoy_safe_water:colour": "red;white",
        "seamark:buoy_safe_water:colour_pattern": "vertical",
        "seamark:fog_signal:category": "bell",
        "seamark:light:character": "Iso",
        "seamark:light:colour": "white",
        "seamark:light:period": "4",
        "seamark:topmark:colour": "red",
        "seamark:topmark:shape": "sphere",
        "seamark:type": "buoy_safe_water"
      },
      "geometry": {
        "type": "Point",
        "coordinates": [
          -56.1266735,
          46.806674
        ]
      },
      "id": "node/5004045626"
    },
    {
      "type": "Feature",
      "properties": {
        "@id": "node/5152334741",
        "seamark:buoy_safe_water:colour": "red",
        "seamark:buoy_safe_water:shape": "pillar",
        "seamark:name": "W-B",
        "seamark:type": "buoy_safe_water"
      },
      "geometry": {
        "type": "Point",
        "coordinates": [
          14.6145384,
          53.8294633
        ]
      },
      "id": "node/5152334741"
    },
    {
      "type": "Feature",
      "properties": {
        "@id": "node/5152338004",
        "seamark:buoy_safe_water:colour": "red",
        "seamark:buoy_safe_water:shape": "pillar",
        "seamark:name": "W-A",
        "seamark:type": "buoy_safe_water"
      },
      "geometry": {
        "type": "Point",
        "coordinates": [
          14.6195868,
          53.8316473
        ]
      },
      "id": "node/5152338004"
    },
    {
      "type": "Feature",
      "properties": {
        "@id": "node/5152420723",
        "seamark:buoy_safe_water:colour": "red;white",
        "seamark:buoy_safe_water:colour_pattern": "vertical",
        "seamark:buoy_safe_water:shape": "pillar",
        "seamark:name": "W-5",
        "seamark:type": "buoy_safe_water"
      },
      "geometry": {
        "type": "Point",
        "coordinates": [
          14.5088378,
          53.774836
        ]
      },
      "id": "node/5152420723"
    },
    {
      "type": "Feature",
      "properties": {
        "@id": "node/5152420724",
        "seamark:buoy_safe_water:colour": "red",
        "seamark:buoy_safe_water:shape": "pillar",
        "seamark:name": "12",
        "seamark:type": "buoy_safe_water"
      },
      "geometry": {
        "type": "Point",
        "coordinates": [
          14.5411669,
          53.7773368
        ]
      },
      "id": "node/5152420724"
    },
    {
      "type": "Feature",
      "properties": {
        "@id": "node/5152420725",
        "seamark:buoy_safe_water:colour": "red",
        "seamark:buoy_safe_water:shape": "pillar",
        "seamark:name": "10",
        "seamark:type": "buoy_safe_water"
      },
      "geometry": {
        "type": "Point",
        "coordinates": [
          14.5472932,
          53.7779274
        ]
      },
      "id": "node/5152420725"
    },
    {
      "type": "Feature",
      "properties": {
        "@id": "node/5152420726",
        "seamark:buoy_safe_water:colour": "green",
        "seamark:buoy_safe_water:shape": "pillar",
        "seamark:name": "11",
        "seamark:type": "buoy_safe_water"
      },
      "geometry": {
        "type": "Point",
        "coordinates": [
          14.5411669,
          53.7778316
        ]
      },
      "id": "node/5152420726"
    },
    {
      "type": "Feature",
      "properties": {
        "@id": "node/5152420727",
        "seamark:buoy_safe_water:colour": "green",
        "seamark:buoy_safe_water:shape": "pillar",
        "seamark:name": "9",
        "seamark:type": "buoy_safe_water"
      },
      "geometry": {
        "type": "Point",
        "coordinates": [
          14.5471315,
          53.7784595
        ]
      },
      "id": "node/5152420727"
    },
    {
      "type": "Feature",
      "properties": {
        "@id": "node/5152420728",
        "seamark:buoy_safe_water:colour": "green",
        "seamark:buoy_safe_water:shape": "pillar",
        "seamark:name": "7",
        "seamark:type": "buoy_safe_water"
      },
      "geometry": {
        "type": "Point",
        "coordinates": [
          14.553141,
          53.7789489
        ]
      },
      "id": "node/5152420728"
    },
    {
      "type": "Feature",
      "properties": {
        "@id": "node/5152420729",
        "seamark:buoy_safe_water:colour": "red",
        "seamark:buoy_safe_water:shape": "pillar",
        "seamark:name": "6",
        "seamark:type": "buoy_safe_water"
      },
      "geometry": {
        "type": "Point",
        "coordinates": [
          14.5589888,
          53.7790394
        ]
      },
      "id": "node/5152420729"
    },
    {
      "type": "Feature",
      "properties": {
        "@id": "node/5152420730",
        "seamark:buoy_safe_water:colour": "red",
        "seamark:buoy_safe_water:shape": "pillar",
        "seamark:name": "8",
        "seamark:type": "buoy_safe_water"
      },
      "geometry": {
        "type": "Point",
        "coordinates": [
          14.5531949,
          53.7784541
        ]
      },
      "id": "node/5152420730"
    },
    {
      "type": "Feature",
      "properties": {
        "@id": "node/5152420731",
        "seamark:buoy_safe_water:colour": "green",
        "seamark:buoy_safe_water:shape": "pillar",
        "seamark:name": "5",
        "seamark:type": "buoy_safe_water"
      },
      "geometry": {
        "type": "Point",
        "coordinates": [
          14.558908,
          53.7794225
        ]
      },
      "id": "node/5152420731"
    },
    {
      "type": "Feature",
      "properties": {
        "@id": "node/5167505691",
        "seamark:buoy_safe_water:colour": "red;white",
        "seamark:buoy_safe_water:colour_pattern": "vertical",
        "seamark:buoy_safe_water:shape": "spar",
        "seamark:type": "buoy_safe_water"
      },
      "geometry": {
        "type": "Point",
        "coordinates": [
          23.9461518,
          61.1931153
        ]
      },
      "id": "node/5167505691"
    },
    {
      "type": "Feature",
      "properties": {
        "@id": "node/5223317602",
        "name": "LCS 1",
        "seamark:buoy_safe_water:colour": "red;white",
        "seamark:buoy_safe_water:colour_pattern": "vertical",
        "seamark:buoy_safe_water:shape": "Pilar",
        "seamark:light:character": "LFl",
        "seamark:light:colour": "white",
        "seamark:light:period": "10",
        "seamark:name": "LCS 1",
        "seamark:topmark:colour": "red",
        "seamark:topmark:shape": "sphere",
        "seamark:type": "buoy_safe_water"
      },
      "geometry": {
        "type": "Point",
        "coordinates": [
          114.2121833,
          22.1556833
        ]
      },
      "id": "node/5223317602"
    },
    {
      "type": "Feature",
      "properties": {
        "@id": "node/5253910250",
        "operator": "Wasserstraßen- und Schifffahrtsverwaltung des Bundes",
        "seamark:buoy_safe_water:colour": "red;white",
        "seamark:buoy_safe_water:colour_pattern": "vertical",
        "seamark:buoy_safe_water:shape": "pillar",
        "seamark:light:character": "LFl",
        "seamark:light:colour": "white",
        "seamark:name": "Westerems",
        "seamark:radio_station:category": "ais",
        "seamark:source": "BfS (T)17/25 WSA Ems-Nordsee",
        "seamark:type": "buoy_safe_water"
      },
      "geometry": {
        "type": "Point",
        "coordinates": [
          6.2956,
          53.6158167
        ]
      },
      "id": "node/5253910250"
    },
    {
      "type": "Feature",
      "properties": {
        "@id": "node/5323261910",
        "ref:kystverket": "206198",
        "seamark:buoy_safe_water:colour": "red;white",
        "seamark:buoy_safe_water:colour_pattern": "vertical",
        "seamark:buoy_safe_water:shape": "spar",
        "seamark:type": "buoy_safe_water"
      },
      "geometry": {
        "type": "Point",
        "coordinates": [
          14.1400333,
          66.3375695
        ]
      },
      "id": "node/5323261910"
    },
    {
      "type": "Feature",
      "properties": {
        "@id": "node/5324479928",
        "ref:kystverket": "021700",
        "seamark:buoy_safe_water:colour": "red;white",
        "seamark:buoy_safe_water:colour_pattern": "vertical",
        "seamark:buoy_safe_water:shape": "pillar",
        "seamark:name": "Nesoddtangen lysbøye",
        "seamark:type": "buoy_safe_water"
      },
      "geometry": {
        "type": "Point",
        "coordinates": [
          10.646793,
          59.8749296
        ]
      },
      "id": "node/5324479928"
    },
    {
      "type": "Feature",
      "properties": {
        "@id": "node/5359783473",
        "seamark:buoy_safe_water:colour": "red;white",
        "seamark:buoy_safe_water:colour_pattern": "vertical",
        "seamark:buoy_safe_water:shape": "can",
        "seamark:light:character": "LFl",
        "seamark:light:colour": "white",
        "seamark:light:period": "10",
        "seamark:name": "M-R",
        "seamark:source": "http://www.vaarweginformatie.nl/fdd/main/infra/downloads → Actuele vaarwegmarkering (drijvend) Author: RWS CIV Version: 24 Date: 22-10-2018 *",
        "seamark:type": "buoy_safe_water"
      },
      "geometry": {
        "type": "Point",
        "coordinates": [
          5.6388389,
          52.6161806
        ]
      },
      "id": "node/5359783473"
    },
    {
      "type": "Feature",
      "properties": {
        "@id": "node/5490603037",
        "seamark:buoy_safe_water:colour": "red;white",
        "seamark:buoy_safe_water:colour_pattern": "vertical",
        "seamark:light:character": "Iso",
        "seamark:light:colour": "white",
        "seamark:light:period": "4",
        "seamark:name": "Dagang Koumen",
        "seamark:radar_transponder:category": "racon",
        "seamark:radar_transponder:group": "T",
        "seamark:topmark:colour": "red",
        "seamark:topmark:shape": "sphere",
        "seamark:type": "buoy_safe_water",
        "source": "China MSA Notice No. 309/2018"
      },
      "geometry": {
        "type": "Point",
        "coordinates": [
          118.1330556,
          38.761
        ]
      },
      "id": "node/5490603037"
    },
    {
      "type": "Feature",
      "properties": {
        "@id": "node/5523093298",
        "seamark:buoy_safe_water:colour": "red;white",
        "seamark:buoy_safe_water:colour_pattern": "vertical",
        "seamark:buoy_safe_water:shape": "super-buoy",
        "seamark:light:character": "Fl",
        "seamark:light:colour": "white",
        "seamark:light:period": "5",
        "seamark:light:range": "10",
        "seamark:type": "buoy_safe_water"
      },
      "geometry": {
        "type": "Point",
        "coordinates": [
          -81.3027335,
          -4.5567893
        ]
      },
      "id": "node/5523093298"
    },
    {
      "type": "Feature",
      "properties": {
        "@id": "node/5633695347",
        "seamark:buoy_safe_water:colour": "red;white",
        "seamark:buoy_safe_water:colour_pattern": "vertical",
        "seamark:buoy_safe_water:shape": "pillar",
        "seamark:light:character": "LFl",
        "seamark:light:colour": "white",
        "seamark:light:group": "1",
        "seamark:light:period": "6",
        "seamark:light:range": "3",
        "seamark:name": "Sankt-Peterburgskiy Entrance midchannel light buoy No.1 (480)",
        "seamark:radar_reflector": "yes",
        "seamark:type": "buoy_safe_water"
      },
      "geometry": {
        "type": "Point",
        "coordinates": [
          29.4314497,
          60.0265166
        ]
      },
      "id": "node/5633695347"
    },
    {
      "type": "Feature",
      "properties": {
        "@id": "node/5633695348",
        "seamark:buoy_safe_water:colour": "red;white",
        "seamark:buoy_safe_water:colour_pattern": "vertical",
        "seamark:buoy_safe_water:shape": "pillar",
        "seamark:light:character": "LFl",
        "seamark:light:colour": "white",
        "seamark:light:group": "1",
        "seamark:light:period": "6",
        "seamark:light:range": "3",
        "seamark:name": "buoy of midchannel Kronshtadtskiy Korabelniy Fairway",
        "seamark:type": "buoy_safe_water"
      },
      "geometry": {
        "type": "Point",
        "coordinates": [
          29.4950187,
          60.0249668
        ]
      },
      "id": "node/5633695348"
    },
    {
      "type": "Feature",
      "properties": {
        "@id": "node/5635242416",
        "man_made": "bouy",
        "seamark:buoy_safe_water:colour": "red;white",
        "seamark:buoy_safe_water:colour_pattern": "vertical",
        "seamark:buoy_safe_water:shape": "pillar",
        "seamark:light:character": "LFl",
        "seamark:light:colour": "white",
        "seamark:light:group": "1",
        "seamark:light:period": "6",
        "seamark:light:range": "3",
        "seamark:name": "buoy No.14 of Bolshoy Korabelniy Fairway",
        "seamark:type": "buoy_safe_water"
      },
      "geometry": {
        "type": "Point",
        "coordinates": [
          29.3312167,
          60.0288
        ]
      },
      "id": "node/5635242416"
    },
    {
      "type": "Feature",
      "properties": {
        "@id": "node/5646571988",
        "seamark:buoy_safe_water:colour": "red;white",
        "seamark:buoy_safe_water:colour_pattern": "vertical",
        "seamark:buoy_safe_water:shape": "pillar",
        "seamark:light:character": "LFl",
        "seamark:light:colour": "white",
        "seamark:light:group": "1",
        "seamark:light:period": "6",
        "seamark:light:range": "3",
        "seamark:name": "The Bolshoy Korabelniy Fairway, midchannel light buoy No. 13 (1781)",
        "seamark:type": "buoy_safe_water"
      },
      "geometry": {
        "type": "Point",
        "coordinates": [
          29.2035667,
          60.0313333
        ]
      },
      "id": "node/5646571988"
    },
    {
      "type": "Feature",
      "properties": {
        "@id": "node/5664813943",
        "seamark:buoy_safe_water:colour": "red;white",
        "seamark:buoy_safe_water:colour_pattern": "vertical",
        "seamark:buoy_safe_water:shape": "pillar",
        "seamark:light:character": "LFl",
        "seamark:light:colour": "white",
        "seamark:light:group": "1",
        "seamark:light:period": "10",
        "seamark:light:range": "5",
        "seamark:light:sequence": "2+(8)",
        "seamark:name": "1",
        "seamark:topmark:colour": "red",
        "seamark:topmark:shape": "sphere",
        "seamark:type": "buoy_safe_water"
      },
      "geometry": {
        "type": "Point",
        "coordinates": [
          20.99375,
          55.7304
        ]
      },
      "id": "node/5664813943"
    },
    {
      "type": "Feature",
      "properties": {
        "@id": "node/5711341063",
        "seamark:buoy_safe_water:colour": "red;white",
        "seamark:buoy_safe_water:colour_pattern": "vertical",
        "seamark:buoy_safe_water:shape": "pillar",
        "seamark:fog_signal:category": "whistle",
        "seamark:information": "If there is a risk of ice the buoy will be replaced by a special ice buoy (unlit/no topmark)",
        "seamark:light:character": "Iso",
        "seamark:light:colour": "white",
        "seamark:light:period": "4",
        "seamark:lnam": "00B44010D1960059",
        "seamark:name": "Hever",
        "seamark:topmark:colour": "red",
        "seamark:topmark:shape": "sphere",
        "seamark:type": "buoy_safe_water"
      },
      "geometry": {
        "type": "Point",
        "coordinates": [
          8.3135333,
          54.3580167
        ]
      },
      "id": "node/5711341063"
    },
    {
      "type": "Feature",
      "properties": {
        "@id": "node/5726127689",
        "seamark:type": "buoy_safe_water"
      },
      "geometry": {
        "type": "Point",
        "coordinates": [
          -83.0956008,
          40.0166002
        ]
      },
      "id": "node/5726127689"
    },
    {
      "type": "Feature",
      "properties": {
        "@id": "node/5726127690",
        "seamark:type": "buoy_safe_water"
      },
      "geometry": {
        "type": "Point",
        "coordinates": [
          -83.0954838,
          40.0166161
        ]
      },
      "id": "node/5726127690"
    },
    {
      "type": "Feature",
      "properties": {
        "@id": "node/5726127691",
        "seamark:type": "buoy_safe_water"
      },
      "geometry": {
        "type": "Point",
        "coordinates": [
          -83.095365,
          40.0166371
        ]
      },
      "id": "node/5726127691"
    },
    {
      "type": "Feature",
      "properties": {
        "@id": "node/5726127692",
        "seamark:type": "buoy_safe_water"
      },
      "geometry": {
        "type": "Point",
        "coordinates": [
          -83.0952497,
          40.0166596
        ]
      },
      "id": "node/5726127692"
    },
    {
      "type": "Feature",
      "properties": {
        "@id": "node/5726127693",
        "seamark:type": "buoy_safe_water"
      },
      "geometry": {
        "type": "Point",
        "coordinates": [
          -83.0951361,
          40.0166846
        ]
      },
      "id": "node/5726127693"
    },
    {
      "type": "Feature",
      "properties": {
        "@id": "node/5726127694",
        "seamark:type": "buoy_safe_water"
      },
      "geometry": {
        "type": "Point",
        "coordinates": [
          -83.0950191,
          40.0167083
        ]
      },
      "id": "node/5726127694"
    },
    {
      "type": "Feature",
      "properties": {
        "@id": "node/5726127695",
        "seamark:type": "buoy_safe_water"
      },
      "geometry": {
        "type": "Point",
        "coordinates": [
          -83.0949003,
          40.0167373
        ]
      },
      "id": "node/5726127695"
    },
    {
      "type": "Feature",
      "properties": {
        "@id": "node/5726127696",
        "seamark:type": "buoy_safe_water"
      },
      "geometry": {
        "type": "Point",
        "coordinates": [
          -83.0947781,
          40.0167637
        ]
      },
      "id": "node/5726127696"
    },
    {
      "type": "Feature",
      "properties": {
        "@id": "node/5726127697",
        "seamark:type": "buoy_safe_water"
      },
      "geometry": {
        "type": "Point",
        "coordinates": [
          -83.0946714,
          40.0167953
        ]
      },
      "id": "node/5726127697"
    },
    {
      "type": "Feature",
      "properties": {
        "@id": "node/5726127698",
        "seamark:type": "buoy_safe_water"
      },
      "geometry": {
        "type": "Point",
        "coordinates": [
          -83.0945595,
          40.0168256
        ]
      },
      "id": "node/5726127698"
    },
    {
      "type": "Feature",
      "properties": {
        "@id": "node/5726127699",
        "seamark:type": "buoy_safe_water"
      },
      "geometry": {
        "type": "Point",
        "coordinates": [
          -83.0944459,
          40.016856
        ]
      },
      "id": "node/5726127699"
    },
    {
      "type": "Feature",
      "properties": {
        "@id": "node/5726127700",
        "seamark:type": "buoy_safe_water"
      },
      "geometry": {
        "type": "Point",
        "coordinates": [
          -83.0943289,
          40.0168929
        ]
      },
      "id": "node/5726127700"
    },
    {
      "type": "Feature",
      "properties": {
        "@id": "node/5726127701",
        "seamark:type": "buoy_safe_water"
      },
      "geometry": {
        "type": "Point",
        "coordinates": [
          -83.0942136,
          40.0169245
        ]
      },
      "id": "node/5726127701"
    },
    {
      "type": "Feature",
      "properties": {
        "@id": "node/5726127702",
        "seamark:type": "buoy_safe_water"
      },
      "geometry": {
        "type": "Point",
        "coordinates": [
          -83.0941051,
          40.0169575
        ]
      },
      "id": "node/5726127702"
    },
    {
      "type": "Feature",
      "properties": {
        "@id": "node/5726127703",
        "seamark:type": "buoy_safe_water"
      },
      "geometry": {
        "type": "Point",
        "coordinates": [
          -83.0939829,
          40.0169917
        ]
      },
      "id": "node/5726127703"
    },
    {
      "type": "Feature",
      "properties": {
        "@id": "node/5726127704",
        "seamark:type": "buoy_safe_water"
      },
      "geometry": {
        "type": "Point",
        "coordinates": [
          -83.0939192,
          40.0170128
        ]
      },
      "id": "node/5726127704"
    },
    {
      "type": "Feature",
      "properties": {
        "@id": "node/5726127705",
        "seamark:type": "buoy_safe_water"
      },
      "geometry": {
        "type": "Point",
        "coordinates": [
          -83.0938073,
          40.0170511
        ]
      },
      "id": "node/5726127705"
    },
    {
      "type": "Feature",
      "properties": {
        "@id": "node/5726127706",
        "seamark:type": "buoy_safe_water"
      },
      "geometry": {
        "type": "Point",
        "coordinates": [
          -83.0937058,
          40.017088
        ]
      },
      "id": "node/5726127706"
    },
    {
      "type": "Feature",
      "properties": {
        "@id": "node/5726127707",
        "seamark:type": "buoy_safe_water"
      },
      "geometry": {
        "type": "Point",
        "coordinates": [
          -83.0936094,
          40.0171315
        ]
      },
      "id": "node/5726127707"
    },
    {
      "type": "Feature",
      "properties": {
        "@id": "node/5726127708",
        "seamark:type": "buoy_safe_water"
      },
      "geometry": {
        "type": "Point",
        "coordinates": [
          -83.0935027,
          40.0171723
        ]
      },
      "id": "node/5726127708"
    },
    {
      "type": "Feature",
      "properties": {
        "@id": "node/5726127709",
        "seamark:type": "buoy_safe_water"
      },
      "geometry": {
        "type": "Point",
        "coordinates": [
          -83.0933977,
          40.0172211
        ]
      },
      "id": "node/5726127709"
    },
    {
      "type": "Feature",
      "properties": {
        "@id": "node/5726127710",
        "seamark:type": "buoy_safe_water"
      },
      "geometry": {
        "type": "Point",
        "coordinates": [
          -83.0932969,
          40.0172704
        ]
      },
      "id": "node/5726127710"
    },
    {
      "type": "Feature",
      "properties": {
        "@id": "node/5792724764",
        "seamark:buoy_safe_water:colour": "red;white",
        "seamark:buoy_safe_water:colour_pattern": "vertical",
        "seamark:buoy_safe_water:shape": "pillar",
        "seamark:light:character": "Oc",
        "seamark:light:colour": "white",
        "seamark:light:period": "1.5",
        "seamark:light:range": "5",
        "seamark:light:sequence": "1+(0.5)",
        "seamark:name": "Entrada na Taipa",
        "seamark:radio_station:category": "ais",
        "seamark:radio_station:mmsi": "994531001",
        "seamark:topmark:colour": "red",
        "seamark:topmark:shape": "sphere",
        "seamark:type": "buoy_safe_water"
      },
      "geometry": {
        "type": "Point",
        "coordinates": [
          113.6018333,
          22.1628333
        ]
      },
      "id": "node/5792724764"
    },
    {
      "type": "Feature",
      "properties": {
        "@id": "node/5793357138",
        "seamark:buoy_safe_water:colour": "red;white",
        "seamark:buoy_safe_water:colour_pattern": "vertical",
        "seamark:buoy_safe_water:shape": "pillar",
        "seamark:light:character": "Iso",
        "seamark:light:colour": "white",
        "seamark:light:period": "2",
        "seamark:light:range": "5",
        "seamark:light:sequence": "1+(1)",
        "seamark:name": "Entrada do Porto Exterior",
        "seamark:radio_station:category": "ais",
        "seamark:radio_station:mmsi": "994531002",
        "seamark:topmark:colour": "red",
        "seamark:topmark:shape": "sphere",
        "seamark:type": "buoy_safe_water"
      },
      "geometry": {
        "type": "Point",
        "coordinates": [
          113.608,
          22.1746667
        ]
      },
      "id": "node/5793357138"
    },
    {
      "type": "Feature",
      "properties": {
        "@id": "node/5846757544",
        "seamark:type": "buoy_safe_water"
      },
      "geometry": {
        "type": "Point",
        "coordinates": [
          -122.6567136,
          47.5407525
        ]
      },
      "id": "node/5846757544"
    },
    {
      "type": "Feature",
      "properties": {
        "@id": "node/6295491930",
        "ele": "0",
        "name": "3",
        "seamark:buoy_safe_water:colour": "red;white",
        "seamark:buoy_safe_water:colour_pattern": "vertical",
        "seamark:buoy_safe_water:shape": "pillar",
        "seamark:light:character": "Iso",
        "seamark:light:colour": "white",
        "seamark:light:period": "5",
        "seamark:name": "Ashton",
        "seamark:topmark:colour": "red",
        "seamark:topmark:shape": "sphere",
        "seamark:type": "buoy_safe_water"
      },
      "geometry": {
        "type": "Point",
        "coordinates": [
          -4.8444323,
          55.9684972
        ]
      },
      "id": "node/6295491930"
    },
    {
      "type": "Feature",
      "properties": {
        "@id": "node/6344321155",
        "name": "York Harbor Lighted Bell Buoy YH",
        "note": "NOAA/USCG surveyed location. Is visible on Bing, imagery is offset by about 75 feet.",
        "seamark:buoy_safe_water:colour": "red;white",
        "seamark:buoy_safe_water:colour_pattern": "vertical",
        "seamark:buoy_safe_water:ref": "US003450952564356",
        "seamark:buoy_safe_water:shape": "pillar",
        "seamark:fog_signal:category": "bell",
        "seamark:light:character": "Mo",
        "seamark:light:colour": "white",
        "seamark:light:exhibition": "night",
        "seamark:light:group": "A",
        "seamark:light:period": "8.0",
        "seamark:light:ref": "US003450952364356",
        "seamark:light:sequence": "0.4+(0.6)+2.0+(5.0)",
        "seamark:name": "RW \"YH\"",
        "seamark:status": "permanent",
        "seamark:topmark:colour": "red",
        "seamark:topmark:ref": "US003450952664356",
        "seamark:topmark:shape": "sphere",
        "seamark:type": "buoy_safe_water",
        "source": "NOAA Electronic Navigation Chart US5ME1AD",
        "source:position": "USCG List of Lights, vol. 1 (2023, corr. through week 42)"
      },
      "geometry": {
        "type": "Point",
        "coordinates": [
          -70.6170356,
          43.1292764
        ]
      },
      "id": "node/6344321155"
    },
    {
      "type": "Feature",
      "properties": {
        "@id": "node/6437301267",
        "man_made": "beacon",
        "seamark:buoy_safe_water:colour": "red;white",
        "seamark:buoy_safe_water:colour_pattern": "vertical",
        "seamark:buoy_safe_water:shape": "spar",
        "seamark:light:character": "Mo",
        "seamark:light:colour": "white",
        "seamark:light:group": "A",
        "seamark:light:period": "6",
        "seamark:name": "Berens River Entrance \"CK\"",
        "seamark:source": "https://www.notmar.gc.ca/publications/list-livre/inlandwaters-eauxinter/i1562-en.php",
        "seamark:type": "buoy_safe_water"
      },
      "geometry": {
        "type": "Point",
        "coordinates": [
          -97.1161205,
          52.3841491
        ]
      },
      "id": "node/6437301267"
    },
    {
      "type": "Feature",
      "properties": {
        "@id": "node/6439757091",
        "ref:vayla": "33834",
        "seamark:buoy_safe_water:colour": "red;white",
        "seamark:buoy_safe_water:colour_pattern": "vertical",
        "seamark:buoy_safe_water:shape": "spar",
        "seamark:topmark:colour": "red",
        "seamark:topmark:shape": "sphere",
        "seamark:type": "buoy_safe_water"
      },
      "geometry": {
        "type": "Point",
        "coordinates": [
          27.8411021,
          67.9598898
        ]
      },
      "id": "node/6439757091"
    },
    {
      "type": "Feature",
      "properties": {
        "@id": "node/6439869412",
        "ref:vayla": "33083",
        "seamark:buoy_safe_water:colour": "red;white",
        "seamark:buoy_safe_water:colour_pattern": "vertical",
        "seamark:buoy_safe_water:shape": "spar",
        "seamark:topmark:colour": "red",
        "seamark:topmark:shape": "sphere",
        "seamark:type": "buoy_safe_water"
      },
      "geometry": {
        "type": "Point",
        "coordinates": [
          27.4550386,
          64.2643526
        ]
      },
      "id": "node/6439869412"
    },
    {
      "type": "Feature",
      "properties": {
        "@id": "node/6439869413",
        "ref:vayla": "33082",
        "seamark:buoy_safe_water:colour": "red;white",
        "seamark:buoy_safe_water:colour_pattern": "vertical",
        "seamark:buoy_safe_water:shape": "spar",
        "seamark:topmark:colour": "red",
        "seamark:topmark:shape": "sphere",
        "seamark:type": "buoy_safe_water"
      },
      "geometry": {
        "type": "Point",
        "coordinates": [
          27.4303305,
          64.2636738
        ]
      },
      "id": "node/6439869413"
    },
    {
      "type": "Feature",
      "properties": {
        "@id": "node/6439875274",
        "ref:vayla": "33084",
        "seamark:buoy_safe_water:colour": "red;white",
        "seamark:buoy_safe_water:colour_pattern": "vertical",
        "seamark:buoy_safe_water:shape": "spar",
        "seamark:topmark:colour": "red",
        "seamark:topmark:shape": "sphere",
        "seamark:type": "buoy_safe_water"
      },
      "geometry": {
        "type": "Point",
        "coordinates": [
          27.4797482,
          64.2650272
        ]
      },
      "id": "node/6439875274"
    },
    {
      "type": "Feature",
      "properties": {
        "@id": "node/6440900008",
        "seamark:buoy_safe_water:colour": "red;white",
        "seamark:buoy_safe_water:colour_pattern": "vertical",
        "seamark:buoy_safe_water:shape": "spar",
        "seamark:information": "16995",
        "seamark:light:character": "Mo",
        "seamark:light:colour": "white",
        "seamark:light:group": "A",
        "seamark:name": "Buffalo Point Marina Entrance (C)",
        "seamark:source": "https://www.navcen.uscg.gov/pdf/lightLists/LightList_V7_2019.pdf",
        "seamark:type": "buoy_safe_water"
      },
      "geometry": {
        "type": "Point",
        "coordinates": [
          -95.228312,
          49.0416658
        ]
      },
      "id": "node/6440900008"
    },
    {
      "type": "Feature",
      "properties": {
        "@id": "node/6447895438",
        "seamark:buoy_safe_water:colour": "red;white",
        "seamark:buoy_safe_water:colour_pattern": "vertical",
        "seamark:buoy_safe_water:shape": "spherical",
        "seamark:light:character": "Al",
        "seamark:light:colour": "white;red",
        "seamark:light:period": "10",
        "seamark:light:range": "7",
        "seamark:radar_transponder:category": "racon",
        "seamark:type": "buoy_safe_water"
      },
      "geometry": {
        "type": "Point",
        "coordinates": [
          -105.2619336,
          20.6501373
        ]
      },
      "id": "node/6447895438"
    },
    {
      "type": "Feature",
      "properties": {
        "@id": "node/6465920997",
        "seamark:buoy_safe_water:colour": "red;white",
        "seamark:buoy_safe_water:colour_pattern": "vertical",
        "seamark:buoy_safe_water:shape": "pillar",
        "seamark:light:character": "LFl",
        "seamark:light:colour": "white",
        "seamark:light:period": "10",
        "seamark:topmark:colour": "red",
        "seamark:topmark:shape": "sphere",
        "seamark:type": "buoy_safe_water"
      },
      "geometry": {
        "type": "Point",
        "coordinates": [
          8.8506952,
          56.7502179
        ]
      },
      "id": "node/6465920997"
    },
    {
      "type": "Feature",
      "properties": {
        "@id": "node/6465920998",
        "seamark:buoy_safe_water:colour": "red;white",
        "seamark:buoy_safe_water:colour_pattern": "vertical",
        "seamark:buoy_safe_water:shape": "pillar",
        "seamark:light:character": "LFl",
        "seamark:light:colour": "white",
        "seamark:light:period": "10",
        "seamark:topmark:colour": "red",
        "seamark:topmark:shape": "sphere",
        "seamark:type": "buoy_safe_water"
      },
      "geometry": {
        "type": "Point",
        "coordinates": [
          8.8471708,
          56.7478696
        ]
      },
      "id": "node/6465920998"
    },
    {
      "type": "Feature",
      "properties": {
        "@id": "node/6465921074",
        "note": "position < 10m",
        "seamark:buoy_safe_water:colour": "red;white",
        "seamark:buoy_safe_water:colour_pattern": "vertical",
        "seamark:buoy_safe_water:shape": "spar",
        "seamark:topmark:colour": "red",
        "seamark:topmark:shape": "sphere",
        "seamark:type": "buoy_safe_water"
      },
      "geometry": {
        "type": "Point",
        "coordinates": [
          11.0137728,
          54.8270532
        ]
      },
      "id": "node/6465921074"
    },
    {
      "type": "Feature",
      "properties": {
        "@id": "node/6485448723",
        "ref:vayla": "80959",
        "seamark:buoy_safe_water:colour": "red;white",
        "seamark:buoy_safe_water:colour_pattern": "vertical",
        "seamark:buoy_safe_water:shape": "spar",
        "seamark:name": "Kilopuunsarvi",
        "seamark:topmark:colour": "red",
        "seamark:topmark:shape": "sphere",
        "seamark:type": "buoy_safe_water"
      },
      "geometry": {
        "type": "Point",
        "coordinates": [
          26.5797314,
          68.079152
        ]
      },
      "id": "node/6485448723"
    },
    {
      "type": "Feature",
      "properties": {
        "@id": "node/6485585849",
        "ref:vayla": "33440",
        "seamark:buoy_safe_water:colour": "red;white",
        "seamark:buoy_safe_water:colour_pattern": "vertical",
        "seamark:buoy_safe_water:shape": "spar",
        "seamark:name": "Särestölehto, kalakenttä",
        "seamark:topmark:colour": "red",
        "seamark:topmark:shape": "sphere",
        "seamark:type": "buoy_safe_water"
      },
      "geometry": {
        "type": "Point",
        "coordinates": [
          26.8694402,
          68.0797155
        ]
      },
      "id": "node/6485585849"
    },
    {
      "type": "Feature",
      "properties": {
        "@id": "node/6560461234",
        "seamark:buoy_safe_water:colour": "red;white",
        "seamark:buoy_safe_water:colour_pattern": "vertical",
        "seamark:buoy_safe_water:shape": "spar",
        "seamark:topmark:colour": "red",
        "seamark:topmark:shape": "sphere",
        "seamark:type": "buoy_safe_water"
      },
      "geometry": {
        "type": "Point",
        "coordinates": [
          12.0196389,
          55.8634722
        ]
      },
      "id": "node/6560461234"
    },
    {
      "type": "Feature",
      "properties": {
        "@id": "node/6612136948",
        "seamark:buoy_safe_water:colour": "red;white",
        "seamark:buoy_safe_water:colour_pattern": "vertical",
        "seamark:buoy_safe_water:shape": "pillar",
        "seamark:light:character": "Iso",
        "seamark:light:colour": "white",
        "seamark:light:period": "2.5",
        "seamark:name": "Sunk E",
        "seamark:radar_transponder:category": "racon",
        "seamark:radar_transponder:group": "T",
        "seamark:source": "https://english.defensie.nl/topics/notices-to-mariners/weekly-editions/2019/28 (254/19)",
        "seamark:topmark:colour": "red",
        "seamark:topmark:shape": "sphere",
        "seamark:type": "buoy_safe_water"
      },
      "geometry": {
        "type": "Point",
        "coordinates": [
          2.1250555,
          51.8870678
        ]
      },
      "id": "node/6612136948"
    },
    {
      "type": "Feature",
      "properties": {
        "@id": "node/6699065966",
        "seamark:buoy_safe_water:colour": "red;white",
        "seamark:buoy_safe_water:colour_pattern": "vertical",
        "seamark:buoy_safe_water:shape": "pillar",
        "seamark:light:character": "Iso",
        "seamark:light:colour": "white",
        "seamark:light:period": "2",
        "seamark:topmark:colour": "red",
        "seamark:topmark:shape": "sphere",
        "seamark:type": "buoy_safe_water"
      },
      "geometry": {
        "type": "Point",
        "coordinates": [
          11.0356833,
          55.3466167
        ]
      },
      "id": "node/6699065966"
    },
    {
      "type": "Feature",
      "properties": {
        "@id": "node/6699065967",
        "seamark:buoy_safe_water:colour": "red;white",
        "seamark:buoy_safe_water:colour_pattern": "vertical",
        "seamark:buoy_safe_water:shape": "pillar",
        "seamark:light:character": "Iso",
        "seamark:light:colour": "white",
        "seamark:light:period": "2",
        "seamark:topmark:colour": "red",
        "seamark:topmark:shape": "sphere",
        "seamark:type": "buoy_safe_water"
      },
      "geometry": {
        "type": "Point",
        "coordinates": [
          11.0358333,
          55.3373333
        ]
      },
      "id": "node/6699065967"
    },
    {
      "type": "Feature",
      "properties": {
        "@id": "node/7074406807",
        "seamark:buoy_safe_water:colour": "red;white",
        "seamark:buoy_safe_water:colour_pattern": "vertical",
        "seamark:buoy_safe_water:shape": "pillar",
        "seamark:light:character": "LFl",
        "seamark:light:colour": "white",
        "seamark:light:period": "10",
        "seamark:name": "ATT Maumusson",
        "seamark:topmark:colour": "red",
        "seamark:topmark:shape": "sphere",
        "seamark:type": "buoy_safe_water",
        "source": "GAN 19 24"
      },
      "geometry": {
        "type": "Point",
        "coordinates": [
          -1.283,
          45.7315
        ]
      },
      "id": "node/7074406807"
    },
    {
      "type": "Feature",
      "properties": {
        "@id": "node/7093477793",
        "seamark:buoy_safe_water:colour": "red;white",
        "seamark:buoy_safe_water:colour_pattern": "vertical",
        "seamark:buoy_safe_water:shape": "pillar",
        "seamark:light:character": "LFl",
        "seamark:light:colour": "white",
        "seamark:light:height": "5",
        "seamark:light:period": "10",
        "seamark:light:range": "5",
        "seamark:name": "PGC",
        "seamark:topmark:colour": "red",
        "seamark:topmark:shape": "sphere",
        "seamark:type": "buoy_safe_water",
        "source": "GAN 19 43 263;19 41-P-04"
      },
      "geometry": {
        "type": "Point",
        "coordinates": [
          -61.741,
          16.3921667
        ]
      },
      "id": "node/7093477793"
    },
    {
      "type": "Feature",
      "properties": {
        "@id": "node/7117390132",
        "seamark:buoy_safe_water:colour": "red;white",
        "seamark:buoy_safe_water:colour_pattern": "vertical",
        "seamark:buoy_safe_water:shape": "spar",
        "seamark:name": "Macou",
        "seamark:topmark:colour": "red",
        "seamark:topmark:shape": "sphere",
        "seamark:type": "buoy_safe_water",
        "source": "GAN 19 02-T-14"
      },
      "geometry": {
        "type": "Point",
        "coordinates": [
          -61.5386743,
          16.349018
        ]
      },
      "id": "node/7117390132"
    },
    {
      "type": "Feature",
      "properties": {
        "@id": "node/7117465078",
        "seamark:buoy_safe_water:colour": "red;white",
        "seamark:buoy_safe_water:colour_pattern": "vertical",
        "seamark:buoy_safe_water:shape": "pillar",
        "seamark:light:character": "LFl",
        "seamark:light:colour": "white",
        "seamark:light:period": "10",
        "seamark:name": "PCA",
        "seamark:topmark:colour": "red",
        "seamark:topmark:shape": "sphere",
        "seamark:type": "buoy_safe_water"
      },
      "geometry": {
        "type": "Point",
        "coordinates": [
          -61.5280817,
          16.3762105
        ]
      },
      "id": "node/7117465078"
    },
    {
      "type": "Feature",
      "properties": {
        "@id": "node/7367875875",
        "seamark:buoy_safe_water:colour": "red;white",
        "seamark:buoy_safe_water:colour_pattern": "vertical",
        "seamark:buoy_safe_water:shape": "pillar",
        "seamark:fog_signal:category": "whistle",
        "seamark:light:character": "LFl",
        "seamark:light:colour": "white",
        "seamark:light:period": "10",
        "seamark:light:reference": "X 17448",
        "seamark:name": "DC",
        "seamark:topmark:colour": "red",
        "seamark:topmark:shape": "sphere",
        "seamark:type": "buoy_safe_water",
        "source": "US NGA Pub. 110. 2024-05-18."
      },
      "geometry": {
        "type": "Point",
        "coordinates": [
          -52.1594472,
          4.9556556
        ]
      },
      "id": "node/7367875875"
    },
    {
      "type": "Feature",
      "properties": {
        "@id": "node/7370298560",
        "seamark:light:character": "Q",
        "seamark:light:colour": "green",
        "seamark:light:period": "1",
        "seamark:name": "MT31",
        "seamark:type": "buoy_safe_water"
      },
      "geometry": {
        "type": "Point",
        "coordinates": [
          -73.4503929,
          45.6405731
        ]
      },
      "id": "node/7370298560"
    },
    {
      "type": "Feature",
      "properties": {
        "@id": "node/7370298561",
        "seamark:light:character": "Q",
        "seamark:light:colour": "red",
        "seamark:light:period": "1",
        "seamark:name": "MT40",
        "seamark:type": "buoy_safe_water"
      },
      "geometry": {
        "type": "Point",
        "coordinates": [
          -73.4601028,
          45.6193066
        ]
      },
      "id": "node/7370298561"
    },
    {
      "type": "Feature",
      "properties": {
        "@id": "node/7370298562",
        "seamark:light:character": "Fl",
        "seamark:light:colour": "red",
        "seamark:light:period": "4",
        "seamark:name": "MT66",
        "seamark:type": "buoy_safe_water"
      },
      "geometry": {
        "type": "Point",
        "coordinates": [
          -73.4894841,
          45.5756316
        ]
      },
      "id": "node/7370298562"
    },
    {
      "type": "Feature",
      "properties": {
        "@id": "node/7370298563",
        "seamark:light:character": "Fl",
        "seamark:light:colour": "red",
        "seamark:light:period": "4",
        "seamark:name": "MT68",
        "seamark:type": "buoy_safe_water"
      },
      "geometry": {
        "type": "Point",
        "coordinates": [
          -73.4933137,
          45.5749492
        ]
      },
      "id": "node/7370298563"
    },
    {
      "type": "Feature",
      "properties": {
        "@id": "node/7370298564",
        "seamark:light:character": "Fl",
        "seamark:light:colour": "green",
        "seamark:light:period": "4",
        "seamark:name": "MT69",
        "seamark:type": "buoy_safe_water"
      },
      "geometry": {
        "type": "Point",
        "coordinates": [
          -73.5010726,
          45.5706139
        ]
      },
      "id": "node/7370298564"
    },
    {
      "type": "Feature",
      "properties": {
        "@id": "node/7370298565",
        "seamark:light:character": "Fl",
        "seamark:light:colour": "green",
        "seamark:light:period": "4",
        "seamark:name": "MT79",
        "seamark:type": "buoy_safe_water"
      },
      "geometry": {
        "type": "Point",
        "coordinates": [
          -73.5227635,
          45.5438829
        ]
      },
      "id": "node/7370298565"
    },
    {
      "type": "Feature",
      "properties": {
        "@id": "node/7370298566",
        "seamark:light:character": "Fl",
        "seamark:light:colour": "green",
        "seamark:light:period": "4",
        "seamark:name": "MT85",
        "seamark:type": "buoy_safe_water"
      },
      "geometry": {
        "type": "Point",
        "coordinates": [
          -73.5226006,
          45.5383992
        ]
      },
      "id": "node/7370298566"
    },
    {
      "type": "Feature",
      "properties": {
        "@id": "node/7370298567",
        "seamark:light:character": "Fl",
        "seamark:light:colour": "green",
        "seamark:light:period": "4",
        "seamark:name": "MT81",
        "seamark:type": "buoy_safe_water"
      },
      "geometry": {
        "type": "Point",
        "coordinates": [
          -73.5239036,
          45.5408405
        ]
      },
      "id": "node/7370298567"
    },
    {
      "type": "Feature",
      "properties": {
        "@id": "node/7370454756",
        "seamark:light:character": "Q",
        "seamark:light:colour": "green",
        "seamark:light:period": "1",
        "seamark:name": "MT163",
        "seamark:type": "buoy_safe_water"
      },
      "geometry": {
        "type": "Point",
        "coordinates": [
          -73.5003873,
          45.6102534
        ]
      },
      "id": "node/7370454756"
    },
    {
      "type": "Feature",
      "properties": {
        "@id": "node/7370454757",
        "seamark:light:character": "Fl",
        "seamark:light:colour": "green",
        "seamark:light:period": "1",
        "seamark:name": "MT165",
        "seamark:type": "buoy_safe_water"
      },
      "geometry": {
        "type": "Point",
        "coordinates": [
          -73.5019477,
          45.6053217
        ]
      },
      "id": "node/7370454757"
    },
    {
      "type": "Feature",
      "properties": {
        "@id": "node/7370454758",
        "seamark:light:character": "Fl",
        "seamark:light:colour": "red",
        "seamark:light:period": "4",
        "seamark:name": "MT166",
        "seamark:type": "buoy_safe_water"
      },
      "geometry": {
        "type": "Point",
        "coordinates": [
          -73.5065611,
          45.6071124
        ]
      },
      "id": "node/7370454758"
    },
    {
      "type": "Feature",
      "properties": {
        "@id": "node/7370454759",
        "seamark:light:character": "Q",
        "seamark:light:colour": "green",
        "seamark:light:period": "1",
        "seamark:name": "MT167",
        "seamark:type": "buoy_safe_water"
      },
      "geometry": {
        "type": "Point",
        "coordinates": [
          -73.5026083,
          45.5986255
        ]
      },
      "id": "node/7370454759"
    },
    {
      "type": "Feature",
      "properties": {
        "@id": "node/7370454760",
        "seamark:light:character": "Q",
        "seamark:light:colour": "green",
        "seamark:light:period": "1",
        "seamark:name": "MT171",
        "seamark:type": "buoy_safe_water"
      },
      "geometry": {
        "type": "Point",
        "coordinates": [
          -73.4994182,
          45.5862295
        ]
      },
      "id": "node/7370454760"
    },
    {
      "type": "Feature",
      "properties": {
        "@id": "node/7370454761",
        "seamark:light:character": "Fl",
        "seamark:light:colour": "green",
        "seamark:light:period": "4",
        "seamark:name": "MT1",
        "seamark:type": "buoy_safe_water"
      },
      "geometry": {
        "type": "Point",
        "coordinates": [
          -73.4478694,
          45.6895896
        ]
      },
      "id": "node/7370454761"
    },
    {
      "type": "Feature",
      "properties": {
        "@id": "node/7373890487",
        "seamark:light:character": "Fl",
        "seamark:light:colour": "red",
        "seamark:light:period": "4",
        "seamark:name": "MT156",
        "seamark:type": "buoy_safe_water"
      },
      "geometry": {
        "type": "Point",
        "coordinates": [
          -73.4883979,
          45.6336364
        ]
      },
      "id": "node/7373890487"
    },
    {
      "type": "Feature",
      "properties": {
        "@id": "node/7373890488",
        "seamark:light:character": "Fl",
        "seamark:light:colour": "yellow",
        "seamark:light:period": "4",
        "seamark:name": "PATG",
        "seamark:type": "buoy_safe_water"
      },
      "geometry": {
        "type": "Point",
        "coordinates": [
          -73.4834277,
          45.6311156
        ]
      },
      "id": "node/7373890488"
    },
    {
      "type": "Feature",
      "properties": {
        "@id": "node/7373890489",
        "seamark:light:character": "Fl",
        "seamark:light:colour": "green",
        "seamark:light:period": "4",
        "seamark:name": "MT157",
        "seamark:type": "buoy_safe_water"
      },
      "geometry": {
        "type": "Point",
        "coordinates": [
          -73.4873024,
          45.6299669
        ]
      },
      "id": "node/7373890489"
    },
    {
      "type": "Feature",
      "properties": {
        "@id": "node/7373890490",
        "seamark:light:character": "Fl",
        "seamark:light:colour": "green",
        "seamark:light:period": "4",
        "seamark:name": "MT161",
        "seamark:type": "buoy_safe_water"
      },
      "geometry": {
        "type": "Point",
        "coordinates": [
          -73.4956855,
          45.617298
        ]
      },
      "id": "node/7373890490"
    },
    {
      "type": "Feature",
      "properties": {
        "@id": "node/7373890491",
        "seamark:light:character": "Fl",
        "seamark:light:colour": "yellow",
        "seamark:light:period": "4",
        "seamark:name": "MEB",
        "seamark:type": "buoy_safe_water"
      },
      "geometry": {
        "type": "Point",
        "coordinates": [
          -73.497422,
          45.6108702
        ]
      },
      "id": "node/7373890491"
    },
    {
      "type": "Feature",
      "properties": {
        "@id": "node/7375688825",
        "seamark:light:character": "Fl",
        "seamark:light:colour": "green",
        "seamark:light:period": "4",
        "seamark:name": "M143",
        "seamark:type": "buoy_safe_water"
      },
      "geometry": {
        "type": "Point",
        "coordinates": [
          -73.4605944,
          45.6649787
        ]
      },
      "id": "node/7375688825"
    },
    {
      "type": "Feature",
      "properties": {
        "@id": "node/7375688826",
        "seamark:light:character": "Fl",
        "seamark:light:colour": "red",
        "seamark:light:period": "4",
        "seamark:name": "M144",
        "seamark:type": "buoy_safe_water"
      },
      "geometry": {
        "type": "Point",
        "coordinates": [
          -73.4634105,
          45.6660124
        ]
      },
      "id": "node/7375688826"
    },
    {
      "type": "Feature",
      "properties": {
        "@id": "node/7375688827",
        "seamark:light:character": "Fl",
        "seamark:light:colour": "green",
        "seamark:light:period": "4",
        "seamark:name": "M151",
        "seamark:type": "buoy_safe_water"
      },
      "geometry": {
        "type": "Point",
        "coordinates": [
          -73.4762743,
          45.646949
        ]
      },
      "id": "node/7375688827"
    },
    {
      "type": "Feature",
      "properties": {
        "@id": "node/7375688828",
        "seamark:light:character": "Fl",
        "seamark:light:colour": "yellow",
        "seamark:light:period": "4",
        "seamark:name": "PATB",
        "seamark:type": "buoy_safe_water"
      },
      "geometry": {
        "type": "Point",
        "coordinates": [
          -73.474779,
          45.6442456
        ]
      },
      "id": "node/7375688828"
    },
    {
      "type": "Feature",
      "properties": {
        "@id": "node/7375688829",
        "seamark:light:character": "Fl",
        "seamark:light:colour": "yellow",
        "seamark:light:period": "4",
        "seamark:name": "PATD",
        "seamark:type": "buoy_safe_water"
      },
      "geometry": {
        "type": "Point",
        "coordinates": [
          -73.4789377,
          45.637683
        ]
      },
      "id": "node/7375688829"
    },
    {
      "type": "Feature",
      "properties": {
        "@id": "node/7377416571",
        "seamark:light:character": "Q",
        "seamark:light:colour": "green",
        "seamark:light:period": "1",
        "seamark:name": "M133",
        "seamark:type": "buoy_safe_water"
      },
      "geometry": {
        "type": "Point",
        "coordinates": [
          -73.4518461,
          45.6878157
        ]
      },
      "id": "node/7377416571"
    },
    {
      "type": "Feature",
      "properties": {
        "@id": "node/7377416572",
        "seamark:light:character": "Fl",
        "seamark:light:colour": "red",
        "seamark:light:period": "1",
        "seamark:name": "M138",
        "seamark:type": "buoy_safe_water"
      },
      "geometry": {
        "type": "Point",
        "coordinates": [
          -73.4559212,
          45.6813064
        ]
      },
      "id": "node/7377416572"
    },
    {
      "type": "Feature",
      "properties": {
        "@id": "node/7377416573",
        "seamark:light:character": "Fl",
        "seamark:light:colour": "green",
        "seamark:light:period": "4",
        "seamark:name": "M139",
        "seamark:type": "buoy_safe_water"
      },
      "geometry": {
        "type": "Point",
        "coordinates": [
          -73.4533151,
          45.6778658
        ]
      },
      "id": "node/7377416573"
    },
    {
      "type": "Feature",
      "properties": {
        "@id": "node/7377416574",
        "seamark:light:character": "Q",
        "seamark:light:colour": "red",
        "seamark:light:period": "1",
        "seamark:name": "M140",
        "seamark:type": "buoy_safe_water"
      },
      "geometry": {
        "type": "Point",
        "coordinates": [
          -73.4573496,
          45.6765508
        ]
      },
      "id": "node/7377416574"
    },
    {
      "type": "Feature",
      "properties": {
        "@id": "node/7385992622",
        "seamark:light:character": "Q",
        "seamark:light:colour": "green",
        "seamark:light:period": "1",
        "seamark:name": "M119",
        "seamark:type": "buoy_safe_water"
      },
      "geometry": {
        "type": "Point",
        "coordinates": [
          -73.4327388,
          45.7157911
        ]
      },
      "id": "node/7385992622"
    },
    {
      "type": "Feature",
      "properties": {
        "@id": "node/7385992623",
        "seamark:light:character": "Fl",
        "seamark:light:colour": "red",
        "seamark:light:period": "4",
        "seamark:name": "M118",
        "seamark:type": "buoy_safe_water"
      },
      "geometry": {
        "type": "Point",
        "coordinates": [
          -73.4339821,
          45.7194931
        ]
      },
      "id": "node/7385992623"
    },
    {
      "type": "Feature",
      "properties": {
        "@id": "node/7385992624",
        "seamark:light:character": "Fl",
        "seamark:light:colour": "red",
        "seamark:light:period": "4",
        "seamark:name": "M122",
        "seamark:type": "buoy_safe_water"
      },
      "geometry": {
        "type": "Point",
        "coordinates": [
          -73.4398565,
          45.709136
        ]
      },
      "id": "node/7385992624"
    },
    {
      "type": "Feature",
      "properties": {
        "@id": "node/7385992625",
        "seamark:light:character": "Q",
        "seamark:light:colour": "green",
        "seamark:light:period": "4",
        "seamark:name": "M123",
        "seamark:type": "buoy_safe_water"
      },
      "geometry": {
        "type": "Point",
        "coordinates": [
          -73.4386446,
          45.7053855
        ]
      },
      "id": "node/7385992625"
    },
    {
      "type": "Feature",
      "properties": {
        "@id": "node/7385992626",
        "seamark:light:character": "Fl",
        "seamark:light:colour": "red",
        "seamark:light:period": "4",
        "seamark:name": "M124",
        "seamark:type": "buoy_safe_water"
      },
      "geometry": {
        "type": "Point",
        "coordinates": [
          -73.4436726,
          45.7039948
        ]
      },
      "id": "node/7385992626"
    },
    {
      "type": "Feature",
      "properties": {
        "@id": "node/7385992627",
        "seamark:light:character": "Q",
        "seamark:light:colour": "green",
        "seamark:light:period": "4",
        "seamark:name": "M129",
        "seamark:type": "buoy_safe_water"
      },
      "geometry": {
        "type": "Point",
        "coordinates": [
          -73.4471291,
          45.6962567
        ]
      },
      "id": "node/7385992627"
    },
    {
      "type": "Feature",
      "properties": {
        "@id": "node/7385992628",
        "seamark:light:character": "Fl",
        "seamark:light:colour": "red",
        "seamark:light:period": "1",
        "seamark:name": "M132",
        "seamark:type": "buoy_safe_water"
      },
      "geometry": {
        "type": "Point",
        "coordinates": [
          -73.4515076,
          45.6956093
        ]
      },
      "id": "node/7385992628"
    },
    {
      "type": "Feature",
      "properties": {
        "@id": "node/7385992629",
        "seamark:light:character": "Fl",
        "seamark:light:colour": "red",
        "seamark:light:period": "4",
        "seamark:name": "M132",
        "seamark:type": "buoy_safe_water"
      },
      "geometry": {
        "type": "Point",
        "coordinates": [
          -73.4546724,
          45.6899022
        ]
      },
      "id": "node/7385992629"
    },
    {
      "type": "Feature",
      "properties": {
        "@id": "node/7393746392",
        "seamark:buoy_safe_water:colour": "red;white",
        "seamark:buoy_safe_water:colour_pattern": "vertical",
        "seamark:buoy_safe_water:shape": "pillar",
        "seamark:light:character": "Iso",
        "seamark:light:colour": "white",
        "seamark:light:period": "4",
        "seamark:light:reference": "X 17432",
        "seamark:name": "CA",
        "seamark:radar_reflector": "yes",
        "seamark:topmark:colour": "red",
        "seamark:topmark:shape": "sphere",
        "seamark:type": "buoy_safe_water",
        "source": "US NGA Pub. 110. 2024-05-18."
      },
      "geometry": {
        "type": "Point",
        "coordinates": [
          -52.306526,
          5.046837
        ]
      },
      "id": "node/7393746392"
    },
    {
      "type": "Feature",
      "properties": {
        "@id": "node/7531433331",
        "seamark:buoy_safe_water:colour": "red;white",
        "seamark:buoy_safe_water:colour_pattern": "vertical",
        "seamark:buoy_safe_water:shape": "spar",
        "seamark:name": "Sipoonselkä 2",
        "seamark:type": "buoy_safe_water"
      },
      "geometry": {
        "type": "Point",
        "coordinates": [
          25.3092568,
          60.1949114
        ]
      },
      "id": "node/7531433331"
    },
    {
      "type": "Feature",
      "properties": {
        "@id": "node/7572773845",
        "seamark:buoy_safe_water:colour": "red;white",
        "seamark:buoy_safe_water:colour_pattern": "vertical",
        "seamark:buoy_safe_water:shape": "pillar",
        "seamark:light:character": "LFl",
        "seamark:light:colour": "white",
        "seamark:light:group": "1",
        "seamark:light:period": "6",
        "seamark:light:range": "3",
        "seamark:type": "buoy_safe_water"
      },
      "geometry": {
        "type": "Point",
        "coordinates": [
          29.6962833,
          59.9827
        ]
      },
      "id": "node/7572773845"
    },
    {
      "type": "Feature",
      "properties": {
        "@id": "node/7575302514",
        "seamark:buoy_safe_water:colour": "red;white",
        "seamark:buoy_safe_water:colour_pattern": "vertical",
        "seamark:buoy_safe_water:shape": "pillar",
        "seamark:light:character": "LFl",
        "seamark:light:colour": "white",
        "seamark:light:group": "1",
        "seamark:light:period": "6",
        "seamark:light:range": "3",
        "seamark:name": "Sankt-Peterburgskaya Wharf",
        "seamark:type": "buoy_safe_water"
      },
      "geometry": {
        "type": "Point",
        "coordinates": [
          29.8117167,
          59.9796833
        ]
      },
      "id": "node/7575302514"
    },
    {
      "type": "Feature",
      "properties": {
        "@id": "node/7578606045",
        "seamark:buoy_safe_water:colour": "red;white",
        "seamark:buoy_safe_water:colour_pattern": "vertical",
        "seamark:buoy_safe_water:shape": "pillar",
        "seamark:light:character": "LFl",
        "seamark:light:colour": "white",
        "seamark:light:group": "1",
        "seamark:light:period": "6",
        "seamark:light:range": "2",
        "seamark:topmark:colour": "red",
        "seamark:topmark:shape": "sphere",
        "seamark:type": "buoy_safe_water"
      },
      "geometry": {
        "type": "Point",
        "coordinates": [
          30.0329833,
          59.9255667
        ]
      },
      "id": "node/7578606045"
    },
    {
      "type": "Feature",
      "properties": {
        "@id": "node/7578606052",
        "seamark:buoy_safe_water:colour": "red;white",
        "seamark:buoy_safe_water:colour_pattern": "vertical",
        "seamark:buoy_safe_water:shape": "pillar",
        "seamark:light:character": "LFl",
        "seamark:light:colour": "white",
        "seamark:light:group": "1",
        "seamark:light:period": "6",
        "seamark:light:range": "5",
        "seamark:name": "Sidorovskiy Canal",
        "seamark:type": "buoy_safe_water"
      },
      "geometry": {
        "type": "Point",
        "coordinates": [
          29.7917333,
          59.93555
        ]
      },
      "id": "node/7578606052"
    },
    {
      "type": "Feature",
      "properties": {
        "@id": "node/7591336371",
        "seamark:buoy_safe_water:colour": "red;white",
        "seamark:buoy_safe_water:colour_pattern": "vertical",
        "seamark:buoy_safe_water:shape": "spar",
        "seamark:information": "The buoy will be withdrawn during the winter season.",
        "seamark:lnam": "00B442F6EF2BDA01",
        "seamark:name": "Nordertill",
        "seamark:source": "BfS 200/25 WSA Elbe-Nordsee",
        "seamark:topmark:colour": "red",
        "seamark:topmark:shape": "sphere",
        "seamark:type": "buoy_safe_water"
      },
      "geometry": {
        "type": "Point",
        "coordinates": [
          8.3615833,
          53.91255
        ]
      },
      "id": "node/7591336371"
    },
    {
      "type": "Feature",
      "properties": {
        "@id": "node/7596572285",
        "seamark:buoy_safe_water:colour": "red;white",
        "seamark:buoy_safe_water:colour_pattern": "vertical",
        "seamark:buoy_safe_water:shape": "spar",
        "seamark:information": "No replacement will be made if the buoy becomes adrift if there is a risk of ice.",
        "seamark:lnam": "00B442F6EF29DA01",
        "seamark:name": "Ostertill/Weser-Elbe",
        "seamark:source": "BfS 200/25 WSA Elbe-Nordsee *",
        "seamark:topmark:colour": "red",
        "seamark:topmark:shape": "sphere",
        "seamark:type": "buoy_safe_water"
      },
      "geometry": {
        "type": "Point",
        "coordinates": [
          8.4315,
          53.8858333
        ]
      },
      "id": "node/7596572285"
    },
    {
      "type": "Feature",
      "properties": {
        "@id": "node/7607380693",
        "seamark:buoy_safe_water:colour": "red;white",
        "seamark:buoy_safe_water:colour_pattern": "vertical",
        "seamark:buoy_safe_water:shape": "pillar",
        "seamark:light:character": "LFl",
        "seamark:light:colour": "white",
        "seamark:light:period": "6",
        "seamark:light:range": "3",
        "seamark:name": "3",
        "seamark:radar_reflector": "yes",
        "seamark:type": "buoy_safe_water"
      },
      "geometry": {
        "type": "Point",
        "coordinates": [
          29.9244667,
          59.9733833
        ]
      },
      "id": "node/7607380693"
    },
    {
      "type": "Feature",
      "properties": {
        "@id": "node/7607380694",
        "seamark:buoy_safe_water:colour": "red;white",
        "seamark:buoy_safe_water:colour_pattern": "vertical",
        "seamark:buoy_safe_water:shape": "pillar",
        "seamark:light:character": "LFl",
        "seamark:light:colour": "white",
        "seamark:light:period": "6",
        "seamark:light:range": "3",
        "seamark:name": "2",
        "seamark:radar_reflector": "yes",
        "seamark:type": "buoy_safe_water"
      },
      "geometry": {
        "type": "Point",
        "coordinates": [
          29.9895833,
          59.9697333
        ]
      },
      "id": "node/7607380694"
    },
    {
      "type": "Feature",
      "properties": {
        "@id": "node/7607380695",
        "seamark:buoy_safe_water:colour": "red;white",
        "seamark:buoy_safe_water:colour_pattern": "vertical",
        "seamark:buoy_safe_water:shape": "pillar",
        "seamark:light:character": "LFl",
        "seamark:light:colour": "white",
        "seamark:light:period": "6",
        "seamark:light:range": "3",
        "seamark:name": "1",
        "seamark:radar_reflector": "yes",
        "seamark:type": "buoy_safe_water"
      },
      "geometry": {
        "type": "Point",
        "coordinates": [
          30.0558,
          59.9661333
        ]
      },
      "id": "node/7607380695"
    },
    {
      "type": "Feature",
      "properties": {
        "@id": "node/7690368865",
        "seamark:buoy_safe_water:colour": "red;white",
        "seamark:buoy_safe_water:colour_pattern": "vertical",
        "seamark:buoy_safe_water:shape": "pillar",
        "seamark:light:character": "Mo",
        "seamark:light:colour": "white",
        "seamark:light:group": "A",
        "seamark:light:period": "6",
        "seamark:name": "520",
        "seamark:topmark:colour": "red",
        "seamark:topmark:shape": "sphere",
        "seamark:type": "buoy_safe_water",
        "source": "China MSA Notice No. 815/2020"
      },
      "geometry": {
        "type": "Point",
        "coordinates": [
          121.6450278,
          31.4980556
        ]
      },
      "id": "node/7690368865"
    },
    {
      "type": "Feature",
      "properties": {
        "@id": "node/7690368866",
        "seamark:buoy_safe_water:colour": "red;white",
        "seamark:buoy_safe_water:colour_pattern": "vertical",
        "seamark:buoy_safe_water:shape": "pillar",
        "seamark:light:character": "Iso",
        "seamark:light:colour": "white",
        "seamark:light:period": "4",
        "seamark:name": "519",
        "seamark:topmark:colour": "red",
        "seamark:topmark:shape": "sphere",
        "seamark:type": "buoy_safe_water",
        "source": "China MSA Notice No. 815/2020"
      },
      "geometry": {
        "type": "Point",
        "coordinates": [
          121.6796111,
          31.4830278
        ]
      },
      "id": "node/7690368866"
    },
    {
      "type": "Feature",
      "properties": {
        "@id": "node/7711081433",
        "seamark:light:character": "Fl",
        "seamark:light:colour": "green",
        "seamark:light:period": "4",
        "seamark:name": "EA23",
        "seamark:type": "buoy_safe_water"
      },
      "geometry": {
        "type": "Point",
        "coordinates": [
          -73.2721111,
          45.1211944
        ]
      },
      "id": "node/7711081433"
    },
    {
      "type": "Feature",
      "properties": {
        "@id": "node/7711081434",
        "seamark:light:character": "Fl",
        "seamark:light:colour": "red",
        "seamark:light:period": "4",
        "seamark:name": "EA22",
        "seamark:type": "buoy_safe_water"
      },
      "geometry": {
        "type": "Point",
        "coordinates": [
          -73.2680278,
          45.1253611
        ]
      },
      "id": "node/7711081434"
    },
    {
      "type": "Feature",
      "properties": {
        "@id": "node/7711081435",
        "seamark:light:character": "Fl",
        "seamark:light:colour": "green",
        "seamark:light:period": "4",
        "seamark:name": "EA19",
        "seamark:type": "buoy_safe_water"
      },
      "geometry": {
        "type": "Point",
        "coordinates": [
          -73.2673889,
          45.1275278
        ]
      },
      "id": "node/7711081435"
    },
    {
      "type": "Feature",
      "properties": {
        "@id": "node/7711081436",
        "seamark:light:character": "Fl",
        "seamark:light:colour": "green",
        "seamark:light:period": "4",
        "seamark:name": "EA17",
        "seamark:type": "buoy_safe_water"
      },
      "geometry": {
        "type": "Point",
        "coordinates": [
          -73.26525,
          45.1325556
        ]
      },
      "id": "node/7711081436"
    },
    {
      "type": "Feature",
      "properties": {
        "@id": "node/7711081437",
        "seamark:light:character": "Fl",
        "seamark:light:colour": "green",
        "seamark:light:period": "4",
        "seamark:name": "Noix",
        "seamark:type": "buoy_safe_water"
      },
      "geometry": {
        "type": "Point",
        "coordinates": [
          -73.2565278,
          45.1500278
        ]
      },
      "id": "node/7711081437"
    },
    {
      "type": "Feature",
      "properties": {
        "@id": "node/7711081438",
        "seamark:light:character": "Fl",
        "seamark:light:colour": "red",
        "seamark:light:period": "4",
        "seamark:name": "E448",
        "seamark:type": "buoy_safe_water"
      },
      "geometry": {
        "type": "Point",
        "coordinates": [
          -73.25525,
          45.1731111
        ]
      },
      "id": "node/7711081438"
    },
    {
      "type": "Feature",
      "properties": {
        "@id": "node/7711081439",
        "seamark:light:character": "Fl",
        "seamark:light:colour": "green",
        "seamark:light:period": "4",
        "seamark:name": "E445",
        "seamark:type": "buoy_safe_water"
      },
      "geometry": {
        "type": "Point",
        "coordinates": [
          -73.2544444,
          45.1760833
        ]
      },
      "id": "node/7711081439"
    },
    {
      "type": "Feature",
      "properties": {
        "@id": "node/7711081440",
        "seamark:light:character": "Fl",
        "seamark:light:colour": "red",
        "seamark:light:period": "4",
        "seamark:name": "E440",
        "seamark:type": "buoy_safe_water"
      },
      "geometry": {
        "type": "Point",
        "coordinates": [
          -73.2546389,
          45.1858333
        ]
      },
      "id": "node/7711081440"
    },
    {
      "type": "Feature",
      "properties": {
        "@id": "node/7711081441",
        "seamark:light:character": "Fl",
        "seamark:light:colour": "green",
        "seamark:light:period": "4",
        "seamark:name": "E429",
        "seamark:type": "buoy_safe_water"
      },
      "geometry": {
        "type": "Point",
        "coordinates": [
          -73.2520278,
          45.2113056
        ]
      },
      "id": "node/7711081441"
    },
    {
      "type": "Feature",
      "properties": {
        "@id": "node/7711081442",
        "seamark:light:character": "Fl",
        "seamark:light:colour": "green",
        "seamark:light:period": "4",
        "seamark:name": "E443",
        "seamark:type": "buoy_safe_water"
      },
      "geometry": {
        "type": "Point",
        "coordinates": [
          -73.2544444,
          45.1811944
        ]
      },
      "id": "node/7711081442"
    },
    {
      "type": "Feature",
      "properties": {
        "@id": "node/7711081443",
        "seamark:light:character": "Fl",
        "seamark:light:colour": "green",
        "seamark:light:period": "4",
        "seamark:name": "E433",
        "seamark:type": "buoy_safe_water"
      },
      "geometry": {
        "type": "Point",
        "coordinates": [
          -73.2530556,
          45.1986389
        ]
      },
      "id": "node/7711081443"
    },
    {
      "type": "Feature",
      "properties": {
        "@id": "node/7713986353",
        "seamark:light:character": "Fl",
        "seamark:light:colour": "white",
        "seamark:light:period": "15",
        "seamark:name": "Fort",
        "seamark:type": "buoy_safe_water"
      },
      "geometry": {
        "type": "Point",
        "coordinates": [
          -73.2741667,
          45.1145278
        ]
      },
      "id": "node/7713986353"
    },
    {
      "type": "Feature",
      "properties": {
        "@id": "node/7714203691",
        "seamark:light:character": "Fl",
        "seamark:light:colour": "green;red",
        "seamark:light:period": "4",
        "seamark:name": "CN",
        "seamark:type": "buoy_safe_water"
      },
      "geometry": {
        "type": "Point",
        "coordinates": [
          -73.3312835,
          45.0614482
        ]
      },
      "id": "node/7714203691"
    },
    {
      "type": "Feature",
      "properties": {
        "@id": "node/7714203692",
        "seamark:light:character": "Fl",
        "seamark:light:colour": "green;red",
        "seamark:light:period": "4",
        "seamark:name": "CN",
        "seamark:type": "buoy_safe_water"
      },
      "geometry": {
        "type": "Point",
        "coordinates": [
          -73.3314167,
          45.0614444
        ]
      },
      "id": "node/7714203692"
    },
    {
      "type": "Feature",
      "properties": {
        "@id": "node/7714203693",
        "seamark:light:character": "Fl",
        "seamark:light:colour": "white",
        "seamark:light:period": "4",
        "seamark:name": "Marina E514",
        "seamark:type": "buoy_safe_water"
      },
      "geometry": {
        "type": "Point",
        "coordinates": [
          -73.28925,
          45.1041944
        ]
      },
      "id": "node/7714203693"
    },
    {
      "type": "Feature",
      "properties": {
        "@id": "node/7722953028",
        "seamark:buoy_safe_water:colour": "red;white",
        "seamark:buoy_safe_water:colour_pattern": "vertical",
        "seamark:buoy_safe_water:shape": "pillar",
        "seamark:light:character": "LFl",
        "seamark:light:colour": "white",
        "seamark:light:period": "10",
        "seamark:name": "Yuehai Fairway Separation Zone No.3",
        "seamark:topmark:colour": "red",
        "seamark:topmark:shape": "sphere",
        "seamark:type": "buoy_safe_water",
        "source": "China MSA Notice No. 703/2020"
      },
      "geometry": {
        "type": "Point",
        "coordinates": [
          110.1278889,
          20.0504722
        ]
      },
      "id": "node/7722953028"
    },
    {
      "type": "Feature",
      "properties": {
        "@id": "node/7722953029",
        "seamark:buoy_safe_water:colour": "red;white",
        "seamark:buoy_safe_water:colour_pattern": "vertical",
        "seamark:buoy_safe_water:shape": "pillar",
        "seamark:light:character": "LFl",
        "seamark:light:colour": "white",
        "seamark:light:period": "10",
        "seamark:name": "Yuehai Fairway Separation Zone No.2",
        "seamark:topmark:colour": "red",
        "seamark:topmark:shape": "sphere",
        "seamark:type": "buoy_safe_water",
        "source": "China MSA Notice No. 703/2020"
      },
      "geometry": {
        "type": "Point",
        "coordinates": [
          110.12475,
          20.0918056
        ]
      },
      "id": "node/7722953029"
    },
    {
      "type": "Feature",
      "properties": {
        "@id": "node/7722953030",
        "seamark:buoy_safe_water:colour": "red;white",
        "seamark:buoy_safe_water:colour_pattern": "vertical",
        "seamark:buoy_safe_water:shape": "pillar",
        "seamark:light:character": "LFl",
        "seamark:light:colour": "white",
        "seamark:light:period": "10",
        "seamark:name": "Yuehai Fairway Separation Zone No.1",
        "seamark:topmark:colour": "red",
        "seamark:topmark:shape": "sphere",
        "seamark:type": "buoy_safe_water",
        "source": "China MSA Notice No. 703/2020"
      },
      "geometry": {
        "type": "Point",
        "coordinates": [
          110.1224444,
          20.1222222
        ]
      },
      "id": "node/7722953030"
    },
    {
      "type": "Feature",
      "properties": {
        "@id": "node/7724570898",
        "seamark:buoy_safe_water:colour": "red;white",
        "seamark:buoy_safe_water:colour_pattern": "vertical",
        "seamark:buoy_safe_water:shape": "pillar",
        "seamark:name": "Madog Fairway",
        "seamark:type": "buoy_safe_water"
      },
      "geometry": {
        "type": "Point",
        "coordinates": [
          -4.1863333,
          52.8828333
        ]
      },
      "id": "node/7724570898"
    },
    {
      "type": "Feature",
      "properties": {
        "@id": "node/7724570899",
        "seamark:buoy_safe_water:colour": "red;white",
        "seamark:buoy_safe_water:colour_pattern": "vertical",
        "seamark:buoy_safe_water:shape": "pillar",
        "seamark:name": "Pwllheli Fairway",
        "seamark:type": "buoy_safe_water"
      },
      "geometry": {
        "type": "Point",
        "coordinates": [
          -4.3833333,
          52.8833333
        ]
      },
      "id": "node/7724570899"
    },
    {
      "type": "Feature",
      "properties": {
        "@id": "node/7732961372",
        "seamark:buoy_safe_water:colour": "red;white",
        "seamark:buoy_safe_water:colour_pattern": "vertical",
        "seamark:buoy_safe_water:shape": "pillar",
        "seamark:light:character": "LFl",
        "seamark:light:colour": "white",
        "seamark:light:period": "10",
        "seamark:name": "Xiaoqingdao",
        "seamark:topmark:colour": "red",
        "seamark:topmark:shape": "sphere",
        "seamark:type": "buoy_safe_water",
        "source": "China MSA Notice No. 99/2020"
      },
      "geometry": {
        "type": "Point",
        "coordinates": [
          120.3161111,
          36.0480833
        ]
      },
      "id": "node/7732961372"
    },
    {
      "type": "Feature",
      "properties": {
        "@id": "node/7735751090",
        "seamark:buoy_safe_water:colour": "red;white",
        "seamark:buoy_safe_water:colour_pattern": "vertical",
        "seamark:buoy_safe_water:shape": "pillar",
        "seamark:light:character": "Iso",
        "seamark:light:colour": "white",
        "seamark:light:period": "4",
        "seamark:name": "Tieshan Gang No.0",
        "seamark:radio_station:category": "ais",
        "seamark:topmark:colour": "red",
        "seamark:topmark:shape": "sphere",
        "seamark:type": "buoy_safe_water",
        "source": "China MSA Notice No. 1313/2019"
      },
      "geometry": {
        "type": "Point",
        "coordinates": [
          109.5735,
          21.3350833
        ]
      },
      "id": "node/7735751090"
    },
    {
      "type": "Feature",
      "properties": {
        "@id": "node/7741422413",
        "seamark:buoy_safe_water:colour": "red;white",
        "seamark:buoy_safe_water:colour_pattern": "vertical",
        "seamark:buoy_safe_water:shape": "pillar",
        "seamark:light:character": "LFl",
        "seamark:light:colour": "white",
        "seamark:light:period": "10",
        "seamark:name": "Lvsi Gang No.4",
        "seamark:topmark:colour": "red",
        "seamark:topmark:shape": "sphere",
        "seamark:type": "buoy_safe_water",
        "source": "China MSA Notice No. 421/2020"
      },
      "geometry": {
        "type": "Point",
        "coordinates": [
          122.0740556,
          31.9248611
        ]
      },
      "id": "node/7741422413"
    },
    {
      "type": "Feature",
      "properties": {
        "@id": "node/7741422414",
        "seamark:buoy_safe_water:colour": "red;white",
        "seamark:buoy_safe_water:colour_pattern": "vertical",
        "seamark:buoy_safe_water:shape": "pillar",
        "seamark:light:character": "Iso",
        "seamark:light:colour": "white",
        "seamark:light:period": "4",
        "seamark:name": "Lvsi Gang No.3",
        "seamark:topmark:colour": "red",
        "seamark:topmark:shape": "sphere",
        "seamark:type": "buoy_safe_water",
        "source": "China MSA Notice No. 421/2020"
      },
      "geometry": {
        "type": "Point",
        "coordinates": [
          122.1081389,
          31.9019167
        ]
      },
      "id": "node/7741422414"
    },
    {
      "type": "Feature",
      "properties": {
        "@id": "node/7747028351",
        "seamark:buoy_safe_water:colour": "red;white",
        "seamark:buoy_safe_water:colour_pattern": "vertical",
        "seamark:buoy_safe_water:shape": "pillar",
        "seamark:light:character": "Mo",
        "seamark:light:colour": "white",
        "seamark:light:group": "A",
        "seamark:light:period": "6",
        "seamark:name": "S10",
        "seamark:radio_station:category": "ais",
        "seamark:radio_station:mmsi": "999412251",
        "seamark:topmark:colour": "red",
        "seamark:topmark:shape": "sphere",
        "seamark:type": "buoy_safe_water",
        "source": "China MSA Notice No. 823/2025"
      },
      "geometry": {
        "type": "Point",
        "coordinates": [
          122.2125,
          31.0374444
        ]
      },
      "id": "node/7747028351"
    },
    {
      "type": "Feature",
      "properties": {
        "@id": "node/7747028352",
        "seamark:buoy_safe_water:colour": "red;white",
        "seamark:buoy_safe_water:colour_pattern": "vertical",
        "seamark:buoy_safe_water:shape": "pillar",
        "seamark:light:character": "Iso",
        "seamark:light:colour": "white",
        "seamark:light:period": "4",
        "seamark:name": "S9",
        "seamark:topmark:colour": "red",
        "seamark:topmark:shape": "sphere",
        "seamark:type": "buoy_safe_water",
        "source": "China MSA Notice No. 823/2025"
      },
      "geometry": {
        "type": "Point",
        "coordinates": [
          122.2399722,
          31.0356667
        ]
      },
      "id": "node/7747028352"
    },
    {
      "type": "Feature",
      "properties": {
        "@id": "node/7747028353",
        "seamark:buoy_safe_water:colour": "red;white",
        "seamark:buoy_safe_water:colour_pattern": "vertical",
        "seamark:buoy_safe_water:shape": "pillar",
        "seamark:light:character": "LFl",
        "seamark:light:colour": "white",
        "seamark:light:period": "10",
        "seamark:name": "S8",
        "seamark:topmark:colour": "red",
        "seamark:topmark:shape": "sphere",
        "seamark:type": "buoy_safe_water",
        "source": "China MSA Notice No. 823/2025"
      },
      "geometry": {
        "type": "Point",
        "coordinates": [
          122.2673611,
          31.034
        ]
      },
      "id": "node/7747028353"
    },
    {
      "type": "Feature",
      "properties": {
        "@id": "node/7747028354",
        "seamark:buoy_safe_water:colour": "red;white",
        "seamark:buoy_safe_water:colour_pattern": "vertical",
        "seamark:buoy_safe_water:shape": "pillar",
        "seamark:light:character": "Mo",
        "seamark:light:colour": "white",
        "seamark:light:group": "A",
        "seamark:light:period": "6",
        "seamark:name": "S7",
        "seamark:topmark:colour": "red",
        "seamark:topmark:shape": "sphere",
        "seamark:type": "buoy_safe_water",
        "source": "China MSA Notice No. 823/2025"
      },
      "geometry": {
        "type": "Point",
        "coordinates": [
          122.29475,
          31.0323333
        ]
      },
      "id": "node/7747028354"
    },
    {
      "type": "Feature",
      "properties": {
        "@id": "node/7747028355",
        "seamark:buoy_safe_water:colour": "red;white",
        "seamark:buoy_safe_water:colour_pattern": "vertical",
        "seamark:buoy_safe_water:shape": "pillar",
        "seamark:light:character": "Iso",
        "seamark:light:colour": "white",
        "seamark:light:period": "4",
        "seamark:name": "S6",
        "seamark:topmark:colour": "red",
        "seamark:topmark:shape": "sphere",
        "seamark:type": "buoy_safe_water",
        "source": "China MSA Notice No. 823/2025"
      },
      "geometry": {
        "type": "Point",
        "coordinates": [
          122.3221389,
          31.0306667
        ]
      },
      "id": "node/7747028355"
    },
    {
      "type": "Feature",
      "properties": {
        "@id": "node/7747028356",
        "seamark:buoy_safe_water:colour": "red;white",
        "seamark:buoy_safe_water:colour_pattern": "vertical",
        "seamark:buoy_safe_water:shape": "pillar",
        "seamark:light:character": "LFl",
        "seamark:light:colour": "white",
        "seamark:light:period": "10",
        "seamark:name": "S5",
        "seamark:topmark:colour": "red",
        "seamark:topmark:shape": "sphere",
        "seamark:type": "buoy_safe_water",
        "source": "China MSA Notice No. 823/2025"
      },
      "geometry": {
        "type": "Point",
        "coordinates": [
          122.3495278,
          31.0289722
        ]
      },
      "id": "node/7747028356"
    },
    {
      "type": "Feature",
      "properties": {
        "@id": "node/7747028357",
        "seamark:buoy_safe_water:colour": "red;white",
        "seamark:buoy_safe_water:colour_pattern": "vertical",
        "seamark:buoy_safe_water:shape": "pillar",
        "seamark:light:character": "Mo",
        "seamark:light:colour": "white",
        "seamark:light:group": "A",
        "seamark:light:period": "6",
        "seamark:name": "S4",
        "seamark:topmark:colour": "red",
        "seamark:topmark:shape": "sphere",
        "seamark:type": "buoy_safe_water",
        "source": "China MSA Notice No. 823/2025"
      },
      "geometry": {
        "type": "Point",
        "coordinates": [
          122.3786111,
          31.0231111
        ]
      },
      "id": "node/7747028357"
    },
    {
      "type": "Feature",
      "properties": {
        "@id": "node/7747028358",
        "seamark:buoy_safe_water:colour": "red;white",
        "seamark:buoy_safe_water:colour_pattern": "vertical",
        "seamark:buoy_safe_water:shape": "pillar",
        "seamark:light:character": "Iso",
        "seamark:light:colour": "white",
        "seamark:light:period": "4",
        "seamark:name": "S3",
        "seamark:topmark:colour": "red",
        "seamark:topmark:shape": "sphere",
        "seamark:type": "buoy_safe_water",
        "source": "China MSA Notice No. 823/2025"
      },
      "geometry": {
        "type": "Point",
        "coordinates": [
          122.4077222,
          31.0173056
        ]
      },
      "id": "node/7747028358"
    },
    {
      "type": "Feature",
      "properties": {
        "@id": "node/7747028359",
        "seamark:buoy_safe_water:colour": "red;white",
        "seamark:buoy_safe_water:colour_pattern": "vertical",
        "seamark:buoy_safe_water:shape": "pillar",
        "seamark:light:character": "LFl",
        "seamark:light:colour": "white",
        "seamark:light:period": "10",
        "seamark:name": "S2",
        "seamark:topmark:colour": "red",
        "seamark:topmark:shape": "sphere",
        "seamark:type": "buoy_safe_water",
        "source": "China MSA Notice No. 823/2025"
      },
      "geometry": {
        "type": "Point",
        "coordinates": [
          122.4368056,
          31.0114167
        ]
      },
      "id": "node/7747028359"
    },
    {
      "type": "Feature",
      "properties": {
        "@id": "node/7747028360",
        "seamark:buoy_safe_water:colour": "red;white",
        "seamark:buoy_safe_water:colour_pattern": "vertical",
        "seamark:buoy_safe_water:shape": "pillar",
        "seamark:light:character": "Mo",
        "seamark:light:colour": "white",
        "seamark:light:group": "A",
        "seamark:light:period": "6",
        "seamark:name": "S1",
        "seamark:radio_station:category": "ais",
        "seamark:radio_station:mmsi": "999412286",
        "seamark:topmark:colour": "red",
        "seamark:topmark:shape": "sphere",
        "seamark:type": "buoy_safe_water",
        "source": "China MSA Notice No. 823/2025"
      },
      "geometry": {
        "type": "Point",
        "coordinates": [
          122.4658889,
          31.0055833
        ]
      },
      "id": "node/7747028360"
    },
    {
      "type": "Feature",
      "properties": {
        "@id": "node/7750256995",
        "seamark:buoy_safe_water:colour": "red;white",
        "seamark:buoy_safe_water:colour_pattern": "vertical",
        "seamark:buoy_safe_water:shape": "pillar",
        "seamark:fog_signal": "yes",
        "seamark:light:character": "Mo",
        "seamark:light:colour": "white",
        "seamark:light:period": "10",
        "seamark:type": "buoy_safe_water"
      },
      "geometry": {
        "type": "Point",
        "coordinates": [
          -79.4971667,
          8.8624
        ]
      },
      "id": "node/7750256995"
    },
    {
      "type": "Feature",
      "properties": {
        "@id": "node/7751968293",
        "buoy:colour": "red-white",
        "man_made": "buoy",
        "seamark:buoy_safe_water:colour": "red;white",
        "seamark:buoy_safe_water:colour_pattern": "vertical",
        "seamark:light:character": "Fl",
        "seamark:light:colour": "white",
        "seamark:light:period": "12",
        "seamark:topmark:colour": "red",
        "seamark:topmark:shape": "sphere",
        "seamark:type": "buoy_safe_water"
      },
      "geometry": {
        "type": "Point",
        "coordinates": [
          -67.998516,
          10.5002789
        ]
      },
      "id": "node/7751968293"
    },
    {
      "type": "Feature",
      "properties": {
        "@id": "node/7934332518",
        "seamark:buoy_safe_water:colour": "red;white",
        "seamark:buoy_safe_water:colour_pattern": "vertical",
        "seamark:buoy_safe_water:shape": "pillar",
        "seamark:topmark:colour": "red",
        "seamark:topmark:shape": "sphere",
        "seamark:type": "buoy_safe_water"
      },
      "geometry": {
        "type": "Point",
        "coordinates": [
          30.788528,
          46.364806
        ]
      },
      "id": "node/7934332518"
    },
    {
      "type": "Feature",
      "properties": {
        "@id": "node/8071628789",
        "seamark:buoy_safe_water:colour": "red;white",
        "seamark:buoy_safe_water:colour_pattern": "vertical",
        "seamark:buoy_safe_water:shape": "spar",
        "seamark:light:character": "LFl",
        "seamark:light:colour": "white",
        "seamark:light:period": "10",
        "seamark:name": "EL B",
        "seamark:source": "https://data.overheid.nl/dataset/2c5f6817-d902-4123-9b1d-103a0a484979 2023-06-30",
        "seamark:source:id": "1492310",
        "seamark:type": "buoy_safe_water"
      },
      "geometry": {
        "type": "Point",
        "coordinates": [
          5.5188367,
          52.7613191
        ]
      },
      "id": "node/8071628789"
    },
    {
      "type": "Feature",
      "properties": {
        "@id": "node/8071628790",
        "seamark:buoy_safe_water:colour": "red;white",
        "seamark:buoy_safe_water:colour_pattern": "vertical",
        "seamark:buoy_safe_water:shape": "spar",
        "seamark:light:character": "Iso",
        "seamark:light:colour": "white",
        "seamark:light:period": "8",
        "seamark:name": "EL A",
        "seamark:source": "https://data.overheid.nl/dataset/2c5f6817-d902-4123-9b1d-103a0a484979 2023-06-30",
        "seamark:source:id": "1492286",
        "seamark:type": "buoy_safe_water"
      },
      "geometry": {
        "type": "Point",
        "coordinates": [
          5.4448722,
          52.7518111
        ]
      },
      "id": "node/8071628790"
    },
    {
      "type": "Feature",
      "properties": {
        "@id": "node/8176666967",
        "seamark:buoy_safe_water:colour": "red;white",
        "seamark:buoy_safe_water:colour_pattern": "vertical",
        "seamark:buoy_safe_water:shape": "pillar",
        "seamark:light:character": "Iso",
        "seamark:light:colour": "white",
        "seamark:light:period": "4",
        "seamark:name": "Qingzhou No.2",
        "seamark:radio_station:category": "ais",
        "seamark:radio_station:mmsi": "994131634",
        "seamark:topmark:colour": "red",
        "seamark:topmark:shape": "sphere",
        "seamark:type": "buoy_safe_water",
        "source": "China MSA Notice No. 746/2012"
      },
      "geometry": {
        "type": "Point",
        "coordinates": [
          113.675,
          22.1825
        ]
      },
      "id": "node/8176666967"
    },
    {
      "type": "Feature",
      "properties": {
        "@id": "node/8288855521",
        "seamark:buoy_safe_water:colour": "red;white",
        "seamark:buoy_safe_water:colour_pattern": "vertical",
        "seamark:buoy_safe_water:shape": "pillar",
        "seamark:light:character": "Iso",
        "seamark:light:colour": "white",
        "seamark:light:group": "1",
        "seamark:light:period": "4",
        "seamark:name": "BELFAST FAIRWAY",
        "seamark:radar_transponder:category": "racon",
        "seamark:radar_transponder:group": "G",
        "seamark:radio_station:category": "ais",
        "seamark:source": "https://map.openseamap.org/ (ais)",
        "seamark:topmark:colour": "red",
        "seamark:topmark:shape": "sphere",
        "seamark:type": "buoy_safe_water"
      },
      "geometry": {
        "type": "Point",
        "coordinates": [
          -5.705,
          54.705278
        ]
      },
      "id": "node/8288855521"
    },
    {
      "type": "Feature",
      "properties": {
        "@id": "node/8484217214",
        "seamark:buoy_safe_water:colour": "red;white",
        "seamark:buoy_safe_water:colour_pattern": "vertical",
        "seamark:buoy_safe_water:shape": "pillar",
        "seamark:light:character": "Mo",
        "seamark:light:colour": "white",
        "seamark:light:group": "A",
        "seamark:light:period": "6",
        "seamark:name": "Gaoshaling No.300",
        "seamark:radar_transponder:category": "racon",
        "seamark:radar_transponder:group": "G",
        "seamark:topmark:colour": "red",
        "seamark:topmark:shape": "sphere",
        "seamark:type": "buoy_safe_water",
        "source": "China MSA Notice No. 232/2021"
      },
      "geometry": {
        "type": "Point",
        "coordinates": [
          118.0413333,
          38.7866667
        ]
      },
      "id": "node/8484217214"
    },
    {
      "type": "Feature",
      "properties": {
        "@id": "node/8660700139",
        "seamark:buoy_safe_water:colour": "red;white",
        "seamark:buoy_safe_water:colour_pattern": "vertical",
        "seamark:buoy_safe_water:shape": "pillar",
        "seamark:light:character": "LFl",
        "seamark:light:colour": "white",
        "seamark:light:period": "10",
        "seamark:topmark:colour": "red",
        "seamark:topmark:shape": "sphere",
        "seamark:type": "buoy_safe_water"
      },
      "geometry": {
        "type": "Point",
        "coordinates": [
          12.68365,
          55.7387167
        ]
      },
      "id": "node/8660700139"
    },
    {
      "type": "Feature",
      "properties": {
        "@id": "node/8662729762",
        "seamark:buoy_safe_water:colour": "red;white",
        "seamark:buoy_safe_water:colour_pattern": "vertical",
        "seamark:buoy_safe_water:shape": "pillar",
        "seamark:light:character": "Iso",
        "seamark:light:colour": "white",
        "seamark:light:period": "4",
        "seamark:topmark:colour": "red",
        "seamark:topmark:shape": "sphere",
        "seamark:type": "buoy_safe_water"
      },
      "geometry": {
        "type": "Point",
        "coordinates": [
          11.0366667,
          55.3141833
        ]
      },
      "id": "node/8662729762"
    },
    {
      "type": "Feature",
      "properties": {
        "@id": "node/8662837076",
        "seamark:buoy_safe_water:colour": "red;white",
        "seamark:buoy_safe_water:colour_pattern": "vertical",
        "seamark:buoy_safe_water:shape": "pillar",
        "seamark:light:character": "Iso",
        "seamark:light:colour": "white",
        "seamark:light:period": "4",
        "seamark:topmark:colour": "red",
        "seamark:topmark:shape": "sphere",
        "seamark:type": "buoy_safe_water"
      },
      "geometry": {
        "type": "Point",
        "coordinates": [
          11.0353333,
          55.3683333
        ]
      },
      "id": "node/8662837076"
    },
    {
      "type": "Feature",
      "properties": {
        "@id": "node/8662837077",
        "seamark:buoy_safe_water:colour": "red;white",
        "seamark:buoy_safe_water:colour_pattern": "vertical",
        "seamark:buoy_safe_water:shape": "pillar",
        "seamark:light:character": "LFl",
        "seamark:light:colour": "white",
        "seamark:light:period": "10",
        "seamark:topmark:colour": "red",
        "seamark:topmark:shape": "sphere",
        "seamark:type": "buoy_safe_water"
      },
      "geometry": {
        "type": "Point",
        "coordinates": [
          11.0355,
          55.3625
        ]
      },
      "id": "node/8662837077"
    },
    {
      "type": "Feature",
      "properties": {
        "@id": "node/8662837078",
        "seamark:buoy_safe_water:colour": "red;white",
        "seamark:buoy_safe_water:colour_pattern": "vertical",
        "seamark:buoy_safe_water:shape": "pillar",
        "seamark:light:character": "LFl",
        "seamark:light:colour": "white",
        "seamark:light:period": "10",
        "seamark:topmark:colour": "red",
        "seamark:topmark:shape": "sphere",
        "seamark:type": "buoy_safe_water"
      },
      "geometry": {
        "type": "Point",
        "coordinates": [
          11.0365001,
          55.3204987
        ]
      },
      "id": "node/8662837078"
    },
    {
      "type": "Feature",
      "properties": {
        "@id": "node/8663082678",
        "seamark:buoy_safe_water:colour": "red;white",
        "seamark:buoy_safe_water:colour_pattern": "vertical",
        "seamark:buoy_safe_water:shape": "pillar",
        "seamark:light:character": "LFl",
        "seamark:light:colour": "white",
        "seamark:light:period": "10",
        "seamark:topmark:colour": "red",
        "seamark:topmark:shape": "sphere",
        "seamark:type": "buoy_safe_water"
      },
      "geometry": {
        "type": "Point",
        "coordinates": [
          11.0363833,
          55.0782833
        ]
      },
      "id": "node/8663082678"
    },
    {
      "type": "Feature",
      "properties": {
        "@id": "node/8663082683",
        "seamark:buoy_safe_water:colour": "red;white",
        "seamark:buoy_safe_water:colour_pattern": "vertical",
        "seamark:buoy_safe_water:shape": "pillar",
        "seamark:light:character": "LFl",
        "seamark:light:colour": "white",
        "seamark:light:period": "10",
        "seamark:topmark:colour": "red",
        "seamark:topmark:shape": "sphere",
        "seamark:type": "buoy_safe_water"
      },
      "geometry": {
        "type": "Point",
        "coordinates": [
          11.0516333,
          55.1654333
        ]
      },
      "id": "node/8663082683"
    },
    {
      "type": "Feature",
      "properties": {
        "@id": "node/8663158420",
        "seamark:buoy_safe_water:colour": "red;white",
        "seamark:buoy_safe_water:colour_pattern": "vertical",
        "seamark:buoy_safe_water:shape": "pillar",
        "seamark:light:character": "LFl",
        "seamark:light:colour": "white",
        "seamark:light:period": "10",
        "seamark:topmark:colour": "red",
        "seamark:topmark:shape": "sphere",
        "seamark:type": "buoy_safe_water"
      },
      "geometry": {
        "type": "Point",
        "coordinates": [
          10.7763833,
          55.6459833
        ]
      },
      "id": "node/8663158420"
    },
    {
      "type": "Feature",
      "properties": {
        "@id": "node/8663158423",
        "seamark:buoy_safe_water:colour": "red;white",
        "seamark:buoy_safe_water:colour_pattern": "vertical",
        "seamark:buoy_safe_water:shape": "pillar",
        "seamark:light:character": "LFl",
        "seamark:light:colour": "white",
        "seamark:light:period": "10",
        "seamark:topmark:colour": "red",
        "seamark:topmark:shape": "sphere",
        "seamark:type": "buoy_safe_water"
      },
      "geometry": {
        "type": "Point",
        "coordinates": [
          10.8707333,
          55.5105667
        ]
      },
      "id": "node/8663158423"
    },
    {
      "type": "Feature",
      "properties": {
        "@id": "node/8663228294",
        "seamark:buoy_safe_water:colour": "red;white",
        "seamark:buoy_safe_water:colour_pattern": "vertical",
        "seamark:buoy_safe_water:shape": "pillar",
        "seamark:light:character": "Iso",
        "seamark:light:colour": "white",
        "seamark:light:period": "4",
        "seamark:topmark:colour": "red",
        "seamark:topmark:shape": "sphere",
        "seamark:type": "buoy_safe_water"
      },
      "geometry": {
        "type": "Point",
        "coordinates": [
          10.8781333,
          54.7009167
        ]
      },
      "id": "node/8663228294"
    },
    {
      "type": "Feature",
      "properties": {
        "@id": "node/8664261134",
        "seamark:buoy_safe_water:colour": "red;white",
        "seamark:buoy_safe_water:colour_pattern": "vertical",
        "seamark:buoy_safe_water:shape": "pillar",
        "seamark:period_end": "15.11",
        "seamark:period_start": "1.4",
        "seamark:topmark:colour": "red",
        "seamark:topmark:shape": "sphere",
        "seamark:type": "buoy_safe_water"
      },
      "geometry": {
        "type": "Point",
        "coordinates": [
          10.0325333,
          55.5725833
        ]
      },
      "id": "node/8664261134"
    },
    {
      "type": "Feature",
      "properties": {
        "@id": "node/8664393800",
        "seamark:buoy_safe_water:colour": "red;white",
        "seamark:buoy_safe_water:colour_pattern": "vertical",
        "seamark:buoy_safe_water:shape": "pillar",
        "seamark:topmark:colour": "red",
        "seamark:topmark:shape": "sphere",
        "seamark:type": "buoy_safe_water"
      },
      "geometry": {
        "type": "Point",
        "coordinates": [
          10.2248667,
          55.7634167
        ]
      },
      "id": "node/8664393800"
    },
    {
      "type": "Feature",
      "properties": {
        "@id": "node/8664393804",
        "seamark:buoy_safe_water:colour": "red;white",
        "seamark:buoy_safe_water:colour_pattern": "vertical",
        "seamark:buoy_safe_water:shape": "pillar",
        "seamark:topmark:colour": "red",
        "seamark:topmark:shape": "sphere",
        "seamark:type": "buoy_safe_water"
      },
      "geometry": {
        "type": "Point",
        "coordinates": [
          10.2441167,
          55.8034333
        ]
      },
      "id": "node/8664393804"
    },
    {
      "type": "Feature",
      "properties": {
        "@id": "node/8664393807",
        "seamark:buoy_safe_water:colour": "red;white",
        "seamark:buoy_safe_water:colour_pattern": "vertical",
        "seamark:buoy_safe_water:shape": "pillar",
        "seamark:topmark:colour": "red",
        "seamark:topmark:shape": "sphere",
        "seamark:type": "buoy_safe_water"
      },
      "geometry": {
        "type": "Point",
        "coordinates": [
          10.2948167,
          55.84865
        ]
      },
      "id": "node/8664393807"
    },
    {
      "type": "Feature",
      "properties": {
        "@id": "node/8666183276",
        "seamark:buoy_safe_water:colour": "red;white",
        "seamark:buoy_safe_water:colour_pattern": "vertical",
        "seamark:buoy_safe_water:shape": "pillar",
        "seamark:light:character": "Iso",
        "seamark:light:colour": "white",
        "seamark:light:period": "4",
        "seamark:topmark:colour": "red",
        "seamark:topmark:shape": "sphere",
        "seamark:type": "buoy_safe_water"
      },
      "geometry": {
        "type": "Point",
        "coordinates": [
          11.0209833,
          54.99105
        ]
      },
      "id": "node/8666183276"
    },
    {
      "type": "Feature",
      "properties": {
        "@id": "node/8666183284",
        "seamark:buoy_safe_water:colour": "red;white",
        "seamark:buoy_safe_water:colour_pattern": "vertical",
        "seamark:buoy_safe_water:shape": "pillar",
        "seamark:light:character": "LFl",
        "seamark:light:colour": "white",
        "seamark:light:period": "10",
        "seamark:topmark:colour": "red",
        "seamark:topmark:shape": "sphere",
        "seamark:type": "buoy_safe_water"
      },
      "geometry": {
        "type": "Point",
        "coordinates": [
          10.8987667,
          54.91605
        ]
      },
      "id": "node/8666183284"
    },
    {
      "type": "Feature",
      "properties": {
        "@id": "node/8667706786",
        "seamark:buoy_safe_water:colour": "red;white",
        "seamark:buoy_safe_water:colour_pattern": "vertical",
        "seamark:buoy_safe_water:shape": "pillar",
        "seamark:light:character": "LFl",
        "seamark:light:colour": "white",
        "seamark:light:period": "10",
        "seamark:topmark:colour": "red",
        "seamark:topmark:shape": "sphere",
        "seamark:type": "buoy_safe_water"
      },
      "geometry": {
        "type": "Point",
        "coordinates": [
          10.8654167,
          54.8327
        ]
      },
      "id": "node/8667706786"
    },
    {
      "type": "Feature",
      "properties": {
        "@id": "node/8668955989",
        "seamark:buoy_safe_water:colour": "red;white",
        "seamark:buoy_safe_water:colour_pattern": "vertical",
        "seamark:buoy_safe_water:shape": "spar",
        "seamark:light:character": "LFl",
        "seamark:light:colour": "white",
        "seamark:light:period": "10",
        "seamark:topmark:colour": "red",
        "seamark:topmark:shape": "sphere",
        "seamark:type": "buoy_safe_water"
      },
      "geometry": {
        "type": "Point",
        "coordinates": [
          12.4845833,
          55.5497
        ]
      },
      "id": "node/8668955989"
    },
    {
      "type": "Feature",
      "properties": {
        "@id": "node/8669179107",
        "seamark:buoy_safe_water:colour": "red;white",
        "seamark:buoy_safe_water:colour_pattern": "vertical",
        "seamark:buoy_safe_water:shape": "pillar",
        "seamark:topmark:colour": "red",
        "seamark:topmark:shape": "sphere",
        "seamark:type": "buoy_safe_water"
      },
      "geometry": {
        "type": "Point",
        "coordinates": [
          12.6263167,
          55.6837333
        ]
      },
      "id": "node/8669179107"
    },
    {
      "type": "Feature",
      "properties": {
        "@id": "node/8669218880",
        "seamark:buoy_safe_water:colour": "red;white",
        "seamark:buoy_safe_water:colour_pattern": "vertical",
        "seamark:buoy_safe_water:shape": "pillar",
        "seamark:light:character": "Iso",
        "seamark:light:colour": "white",
        "seamark:light:period": "2",
        "seamark:topmark:colour": "red",
        "seamark:topmark:shape": "sphere",
        "seamark:type": "buoy_safe_water"
      },
      "geometry": {
        "type": "Point",
        "coordinates": [
          12.693,
          55.6431667
        ]
      },
      "id": "node/8669218880"
    },
    {
      "type": "Feature",
      "properties": {
        "@id": "node/8733937187",
        "seamark:buoy_safe_water:colour": "red;white",
        "seamark:buoy_safe_water:colour_pattern": "vertical",
        "seamark:buoy_safe_water:shape": "pillar",
        "seamark:fog_signal:category": "whistle",
        "seamark:information": "Seasonal aid: Replaced by nun when endangered by ice",
        "seamark:light:character": "Mo",
        "seamark:light:colour": "white",
        "seamark:light:exhibition": "night",
        "seamark:light:group": "A",
        "seamark:light:period": "8",
        "seamark:light:sequence": "00.4+(00.6)+02.0+(05.0)",
        "seamark:name": "Chesapeake Channel Lighted Whistle Buoy CR",
        "seamark:type": "buoy_safe_water"
      },
      "geometry": {
        "type": "Point",
        "coordinates": [
          -76.4147205,
          38.6488638
        ]
      },
      "id": "node/8733937187"
    },
    {
      "type": "Feature",
      "properties": {
        "@id": "node/8734776384",
        "seamark:buoy_safe_water:colour": "red;white",
        "seamark:buoy_safe_water:colour_pattern": "vertical",
        "seamark:buoy_safe_water:shape": "pillar",
        "seamark:light:character": "Mo",
        "seamark:light:colour": "white",
        "seamark:light:exhibition": "night",
        "seamark:light:group": "(A)",
        "seamark:light:period": "8",
        "seamark:light:sequence": "00.4+(00.6)+02.0+(05.0)",
        "seamark:name": "Chesapeake Channel Mid-Channel Lighted Buoy CP",
        "seamark:source": "US,US,reprt,5thCGD,LNM 45/23",
        "seamark:topmark:colour": "red",
        "seamark:topmark:shape": "sphere",
        "seamark:type": "buoy_safe_water"
      },
      "geometry": {
        "type": "Point",
        "coordinates": [
          -76.3760165,
          38.4694974
        ]
      },
      "id": "node/8734776384"
    },
    {
      "type": "Feature",
      "properties": {
        "@id": "node/8791794035",
        "seamark:buoy_safe_water:colour": "red;white",
        "seamark:buoy_safe_water:colour_pattern": "vertical",
        "seamark:buoy_safe_water:shape": "pillar",
        "seamark:light:character": "Iso",
        "seamark:light:colour": "white",
        "seamark:light:group": "1",
        "seamark:light:period": "4",
        "seamark:topmark:colour": "red",
        "seamark:topmark:shape": "sphere",
        "seamark:type": "buoy_safe_water",
        "source": "EfS uge 22 - 2021"
      },
      "geometry": {
        "type": "Point",
        "coordinates": [
          10.4416667,
          57.1449833
        ]
      },
      "id": "node/8791794035"
    },
    {
      "type": "Feature",
      "properties": {
        "@id": "node/8913447187",
        "name": "November",
        "seamark:buoy_safe_water:colour": "red;white",
        "seamark:name": "November",
        "seamark:type": "buoy_safe_water"
      },
      "geometry": {
        "type": "Point",
        "coordinates": [
          2.2174714,
          41.3342134
        ]
      },
      "id": "node/8913447187"
    },
    {
      "type": "Feature",
      "properties": {
        "@id": "node/8920798727",
        "seamark:buoy_safe_water:colour": "white",
        "seamark:name": "Danger Rock",
        "seamark:topmark:colour": "white",
        "seamark:type": "buoy_safe_water"
      },
      "geometry": {
        "type": "Point",
        "coordinates": [
          -122.9776806,
          48.6295834
        ]
      },
      "id": "node/8920798727"
    },
    {
      "type": "Feature",
      "properties": {
        "@id": "node/9014403798",
        "seamark:buoy_safe_water:colour": "red;white",
        "seamark:buoy_safe_water:colour_pattern": "vertical",
        "seamark:buoy_safe_water:shape": "pillar",
        "seamark:light:character": "Mo",
        "seamark:light:colour": "white",
        "seamark:light:group": "A",
        "seamark:light:period": "10",
        "seamark:light:range": "5",
        "seamark:light:sequence": "01.0+(01.0)+03.0+(05.0)",
        "seamark:name": "4400 IRBE STRAIT safe water light buoy No '6'",
        "seamark:type": "buoy_safe_water"
      },
      "geometry": {
        "type": "Point",
        "coordinates": [
          21.665,
          57.665
        ]
      },
      "id": "node/9014403798"
    },
    {
      "type": "Feature",
      "properties": {
        "@id": "node/9019897626",
        "ref:vayla": "48629",
        "seamark:buoy_safe_water:colour": "red;white",
        "seamark:buoy_safe_water:colour_pattern": "vertical",
        "seamark:buoy_safe_water:shape": "spar",
        "seamark:topmark:colour": "red",
        "seamark:topmark:shape": "sphere",
        "seamark:type": "buoy_safe_water"
      },
      "geometry": {
        "type": "Point",
        "coordinates": [
          24.1625785,
          61.1488411
        ]
      },
      "id": "node/9019897626"
    },
    {
      "type": "Feature",
      "properties": {
        "@id": "node/9019897628",
        "ref:vayla": "48630",
        "seamark:buoy_safe_water:colour": "red;white",
        "seamark:buoy_safe_water:colour_pattern": "vertical",
        "seamark:buoy_safe_water:shape": "spar",
        "seamark:topmark:colour": "red",
        "seamark:topmark:shape": "sphere",
        "seamark:type": "buoy_safe_water"
      },
      "geometry": {
        "type": "Point",
        "coordinates": [
          24.1194504,
          61.160436
        ]
      },
      "id": "node/9019897628"
    },
    {
      "type": "Feature",
      "properties": {
        "@id": "node/9019925030",
        "seamark:buoy_safe_water:colour": "red;white",
        "seamark:buoy_safe_water:colour_pattern": "vertical",
        "seamark:buoy_safe_water:shape": "spar",
        "seamark:type": "buoy_safe_water"
      },
      "geometry": {
        "type": "Point",
        "coordinates": [
          23.9412528,
          61.1942462
        ]
      },
      "id": "node/9019925030"
    },
    {
      "type": "Feature",
      "properties": {
        "@id": "node/9020055884",
        "ref:vayla": "59260",
        "seamark:buoy_safe_water:colour": "red;white",
        "seamark:buoy_safe_water:colour_pattern": "vertical",
        "seamark:buoy_safe_water:shape": "spar",
        "seamark:topmark:colour": "red",
        "seamark:topmark:shape": "sphere",
        "seamark:type": "buoy_safe_water"
      },
      "geometry": {
        "type": "Point",
        "coordinates": [
          24.3632124,
          61.540254
        ]
      },
      "id": "node/9020055884"
    },
    {
      "type": "Feature",
      "properties": {
        "@id": "node/9028763357",
        "ref:vayla": "59414",
        "seamark:buoy_safe_water:colour": "red;white",
        "seamark:buoy_safe_water:colour_pattern": "vertical",
        "seamark:buoy_safe_water:shape": "spar",
        "seamark:topmark:colour": "red",
        "seamark:topmark:shape": "sphere",
        "seamark:type": "buoy_safe_water"
      },
      "geometry": {
        "type": "Point",
        "coordinates": [
          24.5666688,
          61.6589109
        ]
      },
      "id": "node/9028763357"
    },
    {
      "type": "Feature",
      "properties": {
        "@id": "node/9028886544",
        "seamark:buoy_safe_water:colour": "red;white",
        "seamark:buoy_safe_water:colour_pattern": "vertical",
        "seamark:buoy_safe_water:shape": "spar",
        "seamark:type": "buoy_safe_water"
      },
      "geometry": {
        "type": "Point",
        "coordinates": [
          23.5202636,
          61.3697348
        ]
      },
      "id": "node/9028886544"
    },
    {
      "type": "Feature",
      "properties": {
        "@id": "node/9028886568",
        "seamark:buoy_safe_water:colour": "red;white",
        "seamark:buoy_safe_water:colour_pattern": "vertical",
        "seamark:buoy_safe_water:shape": "spar",
        "seamark:type": "buoy_safe_water"
      },
      "geometry": {
        "type": "Point",
        "coordinates": [
          23.6568223,
          61.3216931
        ]
      },
      "id": "node/9028886568"
    },
    {
      "type": "Feature",
      "properties": {
        "@id": "node/9028886578",
        "seamark:buoy_safe_water:colour": "red;white",
        "seamark:buoy_safe_water:colour_pattern": "vertical",
        "seamark:buoy_safe_water:shape": "spar",
        "seamark:type": "buoy_safe_water"
      },
      "geometry": {
        "type": "Point",
        "coordinates": [
          23.7139611,
          61.3233837
        ]
      },
      "id": "node/9028886578"
    },
    {
      "type": "Feature",
      "properties": {
        "@id": "node/9093881269",
        "seamark:buoy_safe_water:colour": "red;white",
        "seamark:buoy_safe_water:colour_pattern": "vertical",
        "seamark:buoy_safe_water:shape": "pillar",
        "seamark:light:character": "Mo",
        "seamark:light:colour": "white",
        "seamark:light:group": "A",
        "seamark:light:period": "7",
        "seamark:light:range": "7",
        "seamark:light:reference": "00125",
        "seamark:light:sequence": "0.5+0.5+1.5+4.5",
        "seamark:name": "Approach - Boya de recalada Pasaia",
        "seamark:topmark:colour": "red",
        "seamark:topmark:shape": "sphere",
        "seamark:type": "buoy_safe_water"
      },
      "geometry": {
        "type": "Point",
        "coordinates": [
          -1.9381333,
          43.35525
        ]
      },
      "id": "node/9093881269"
    },
    {
      "type": "Feature",
      "properties": {
        "@id": "node/9097446668",
        "seamark:buoy_safe_water:colour": "red;white",
        "seamark:buoy_safe_water:colour_pattern": "vertical",
        "seamark:buoy_safe_water:shape": "spar",
        "seamark:topmark:colour": "red",
        "seamark:topmark:shape": "sphere",
        "seamark:type": "buoy_safe_water"
      },
      "geometry": {
        "type": "Point",
        "coordinates": [
          10.3120874,
          56.9817466
        ]
      },
      "id": "node/9097446668"
    },
    {
      "type": "Feature",
      "properties": {
        "@id": "node/9115348123",
        "seamark:buoy_safe_water:colour": "red;white",
        "seamark:buoy_safe_water:colour_pattern": "vertical",
        "seamark:buoy_safe_water:shape": "pillar",
        "seamark:light:character": "Oc",
        "seamark:light:colour": "white",
        "seamark:light:group": "1",
        "seamark:light:period": "5",
        "seamark:name": "Crosby",
        "seamark:topmark:colour": "red",
        "seamark:topmark:shape": "sphere",
        "seamark:type": "buoy_safe_water"
      },
      "geometry": {
        "type": "Point",
        "coordinates": [
          -3.10485,
          53.5121833
        ]
      },
      "id": "node/9115348123"
    },
    {
      "type": "Feature",
      "properties": {
        "@id": "node/9119218451",
        "seamark:buoy_safe_water:colour": "red;white",
        "seamark:buoy_safe_water:colour_pattern": "vertical",
        "seamark:buoy_safe_water:shape": "spherical",
        "seamark:light:character": "Iso",
        "seamark:light:colour": "white",
        "seamark:light:group": "1",
        "seamark:light:period": "4",
        "seamark:type": "buoy_safe_water"
      },
      "geometry": {
        "type": "Point",
        "coordinates": [
          -5.0635,
          54.9961667
        ]
      },
      "id": "node/9119218451"
    },
    {
      "type": "Feature",
      "properties": {
        "@id": "node/9139841918",
        "seamark:buoy_safe_water:colour": "red;white",
        "seamark:buoy_safe_water:colour_pattern": "vertical",
        "seamark:buoy_safe_water:shape": "pillar",
        "seamark:topmark:colour": "red",
        "seamark:topmark:shape": "sphere",
        "seamark:type": "buoy_safe_water",
        "source:position": "Geoportal Orto"
      },
      "geometry": {
        "type": "Point",
        "coordinates": [
          19.4962867,
          54.3459019
        ]
      },
      "id": "node/9139841918"
    },
    {
      "type": "Feature",
      "properties": {
        "@id": "node/9139873998",
        "seamark:buoy_safe_water:colour": "red;white",
        "seamark:buoy_safe_water:colour_pattern": "vertical",
        "seamark:buoy_safe_water:shape": "pillar",
        "seamark:type": "buoy_safe_water",
        "source:position": "Geoportal Orto"
      },
      "geometry": {
        "type": "Point",
        "coordinates": [
          19.6219864,
          54.3953453
        ]
      },
      "id": "node/9139873998"
    },
    {
      "type": "Feature",
      "properties": {
        "@id": "node/9164313172",
        "seamark:buoy_safe_water:colour": "red;white",
        "seamark:buoy_safe_water:colour_pattern": "vertical",
        "seamark:buoy_safe_water:shape": "pillar",
        "seamark:light:character": "Iso",
        "seamark:light:colour": "white",
        "seamark:light:period": "4",
        "seamark:name": "E1",
        "seamark:topmark:colour": "red",
        "seamark:topmark:shape": "sphere",
        "seamark:type": "buoy_safe_water"
      },
      "geometry": {
        "type": "Point",
        "coordinates": [
          7.5487447,
          54.1801569
        ]
      },
      "id": "node/9164313172"
    },
    {
      "type": "Feature",
      "properties": {
        "@id": "node/9164671357",
        "seamark:buoy_safe_water:colour": "red;white",
        "seamark:buoy_safe_water:colour_pattern": "vertical",
        "seamark:buoy_safe_water:shape": "pillar",
        "seamark:light:character": "Iso",
        "seamark:light:colour": "white",
        "seamark:light:period": "10",
        "seamark:topmark:colour": "red",
        "seamark:topmark:shape": "sphere",
        "seamark:type": "buoy_safe_water"
      },
      "geometry": {
        "type": "Point",
        "coordinates": [
          11.0136222,
          54.6493809
        ]
      },
      "id": "node/9164671357"
    },
    {
      "type": "Feature",
      "properties": {
        "@id": "node/9166850298",
        "seamark:buoy_safe_water:colour": "red;white",
        "seamark:buoy_safe_water:colour_pattern": "vertical",
        "seamark:buoy_safe_water:shape": "spar",
        "seamark:topmark:colour": "red",
        "seamark:topmark:shape": "sphere",
        "seamark:type": "buoy_safe_water"
      },
      "geometry": {
        "type": "Point",
        "coordinates": [
          10.4220504,
          54.9066566
        ]
      },
      "id": "node/9166850298"
    },
    {
      "type": "Feature",
      "properties": {
        "@id": "node/9167081470",
        "seamark:buoy_safe_water:colour": "red;white",
        "seamark:buoy_safe_water:colour_pattern": "vertical",
        "seamark:buoy_safe_water:shape": "pillar",
        "seamark:period_end": "--1015",
        "seamark:period_start": "--0415",
        "seamark:topmark:colour": "red",
        "seamark:topmark:shape": "sphere",
        "seamark:type": "buoy_safe_water"
      },
      "geometry": {
        "type": "Point",
        "coordinates": [
          10.694926,
          55.0567797
        ]
      },
      "id": "node/9167081470"
    },
    {
      "type": "Feature",
      "properties": {
        "@id": "node/9168113177",
        "seamark:buoy_safe_water:colour": "red;white",
        "seamark:buoy_safe_water:colour_pattern": "vertical",
        "seamark:buoy_safe_water:shape": "pillar",
        "seamark:topmark:colour": "red",
        "seamark:topmark:shape": "sphere",
        "seamark:type": "buoy_safe_water"
      },
      "geometry": {
        "type": "Point",
        "coordinates": [
          11.2308705,
          55.2575096
        ]
      },
      "id": "node/9168113177"
    },
    {
      "type": "Feature",
      "properties": {
        "@id": "node/9170052890",
        "ref:vayla": "51937",
        "seamark:buoy_safe_water:colour": "red;white",
        "seamark:buoy_safe_water:colour_pattern": "vertical",
        "seamark:buoy_safe_water:shape": "spar",
        "seamark:topmark:colour": "red",
        "seamark:topmark:shape": "sphere",
        "seamark:type": "buoy_safe_water"
      },
      "geometry": {
        "type": "Point",
        "coordinates": [
          23.1463552,
          61.4355676
        ]
      },
      "id": "node/9170052890"
    },
    {
      "type": "Feature",
      "properties": {
        "@id": "node/9170052893",
        "ref:vayla": "51897",
        "seamark:buoy_safe_water:colour": "red;white",
        "seamark:buoy_safe_water:colour_pattern": "vertical",
        "seamark:buoy_safe_water:shape": "spar",
        "seamark:topmark:colour": "red",
        "seamark:topmark:shape": "sphere",
        "seamark:type": "buoy_safe_water"
      },
      "geometry": {
        "type": "Point",
        "coordinates": [
          23.0731869,
          61.4033488
        ]
      },
      "id": "node/9170052893"
    },
    {
      "type": "Feature",
      "properties": {
        "@id": "node/9170070766",
        "ref:vayla": "51944",
        "seamark:buoy_safe_water:colour": "red;white",
        "seamark:buoy_safe_water:colour_pattern": "vertical",
        "seamark:buoy_safe_water:shape": "spar",
        "seamark:topmark:colour": "red",
        "seamark:topmark:shape": "sphere",
        "seamark:type": "buoy_safe_water"
      },
      "geometry": {
        "type": "Point",
        "coordinates": [
          23.1899739,
          61.4440689
        ]
      },
      "id": "node/9170070766"
    },
    {
      "type": "Feature",
      "properties": {
        "@id": "node/9170070780",
        "ref:vayla": "51941",
        "seamark:buoy_safe_water:colour": "red;white",
        "seamark:buoy_safe_water:colour_pattern": "vertical",
        "seamark:buoy_safe_water:shape": "spar",
        "seamark:topmark:colour": "red",
        "seamark:topmark:shape": "sphere",
        "seamark:type": "buoy_safe_water"
      },
      "geometry": {
        "type": "Point",
        "coordinates": [
          23.2107381,
          61.433607
        ]
      },
      "id": "node/9170070780"
    },
    {
      "type": "Feature",
      "properties": {
        "@id": "node/9170070785",
        "ref:vayla": "51953",
        "seamark:buoy_safe_water:colour": "red;white",
        "seamark:buoy_safe_water:colour_pattern": "vertical",
        "seamark:buoy_safe_water:shape": "spar",
        "seamark:topmark:colour": "red",
        "seamark:topmark:shape": "sphere",
        "seamark:type": "buoy_safe_water"
      },
      "geometry": {
        "type": "Point",
        "coordinates": [
          23.3309529,
          61.4720186
        ]
      },
      "id": "node/9170070785"
    },
    {
      "type": "Feature",
      "properties": {
        "@id": "node/9170070791",
        "ref:vayla": "51948",
        "seamark:buoy_safe_water:colour": "red;white",
        "seamark:buoy_safe_water:colour_pattern": "vertical",
        "seamark:buoy_safe_water:shape": "spar",
        "seamark:topmark:colour": "red",
        "seamark:topmark:shape": "sphere",
        "seamark:type": "buoy_safe_water"
      },
      "geometry": {
        "type": "Point",
        "coordinates": [
          23.2728309,
          61.4672146
        ]
      },
      "id": "node/9170070791"
    },
    {
      "type": "Feature",
      "properties": {
        "@id": "node/9170070799",
        "ref:vayla": "51864",
        "seamark:buoy_safe_water:colour": "red;white",
        "seamark:buoy_safe_water:colour_pattern": "vertical",
        "seamark:buoy_safe_water:shape": "spar",
        "seamark:topmark:colour": "red",
        "seamark:topmark:shape": "sphere",
        "seamark:type": "buoy_safe_water"
      },
      "geometry": {
        "type": "Point",
        "coordinates": [
          22.9407035,
          61.3479506
        ]
      },
      "id": "node/9170070799"
    },
    {
      "type": "Feature",
      "properties": {
        "@id": "node/9170070800",
        "ref:vayla": "51898",
        "seamark:buoy_safe_water:colour": "red;white",
        "seamark:buoy_safe_water:colour_pattern": "vertical",
        "seamark:buoy_safe_water:shape": "spar",
        "seamark:topmark:colour": "red",
        "seamark:topmark:shape": "sphere",
        "seamark:type": "buoy_safe_water"
      },
      "geometry": {
        "type": "Point",
        "coordinates": [
          23.0806434,
          61.4053958
        ]
      },
      "id": "node/9170070800"
    },
    {
      "type": "Feature",
      "properties": {
        "@id": "node/9170070801",
        "ref:vayla": "51873",
        "seamark:buoy_safe_water:colour": "red;white",
        "seamark:buoy_safe_water:colour_pattern": "vertical",
        "seamark:buoy_safe_water:shape": "spar",
        "seamark:topmark:colour": "red",
        "seamark:topmark:shape": "sphere",
        "seamark:type": "buoy_safe_water"
      },
      "geometry": {
        "type": "Point",
        "coordinates": [
          23.017569,
          61.3835738
        ]
      },
      "id": "node/9170070801"
    },
    {
      "type": "Feature",
      "properties": {
        "@id": "node/9170070811",
        "ref:vayla": "51917",
        "seamark:buoy_safe_water:colour": "red;white",
        "seamark:buoy_safe_water:colour_pattern": "vertical",
        "seamark:buoy_safe_water:shape": "spar",
        "seamark:topmark:colour": "red",
        "seamark:topmark:shape": "sphere",
        "seamark:type": "buoy_safe_water"
      },
      "geometry": {
        "type": "Point",
        "coordinates": [
          23.11703,
          61.4039973
        ]
      },
      "id": "node/9170070811"
    },
    {
      "type": "Feature",
      "properties": {
        "@id": "node/9170070812",
        "ref:vayla": "51876",
        "seamark:buoy_safe_water:colour": "red;white",
        "seamark:buoy_safe_water:colour_pattern": "vertical",
        "seamark:buoy_safe_water:shape": "spar",
        "seamark:topmark:colour": "red",
        "seamark:topmark:shape": "sphere",
        "seamark:type": "buoy_safe_water"
      },
      "geometry": {
        "type": "Point",
        "coordinates": [
          23.033841,
          61.4042874
        ]
      },
      "id": "node/9170070812"
    },
    {
      "type": "Feature",
      "properties": {
        "@id": "node/9170070817",
        "ref:vayla": "51951",
        "seamark:buoy_safe_water:colour": "red;white",
        "seamark:buoy_safe_water:colour_pattern": "vertical",
        "seamark:buoy_safe_water:shape": "spar",
        "seamark:topmark:colour": "red",
        "seamark:topmark:shape": "sphere",
        "seamark:type": "buoy_safe_water"
      },
      "geometry": {
        "type": "Point",
        "coordinates": [
          23.3489791,
          61.4667649
        ]
      },
      "id": "node/9170070817"
    },
    {
      "type": "Feature",
      "properties": {
        "@id": "node/9170070846",
        "ref:vayla": "51890",
        "seamark:buoy_safe_water:colour": "red;white",
        "seamark:buoy_safe_water:colour_pattern": "vertical",
        "seamark:buoy_safe_water:shape": "spar",
        "seamark:topmark:colour": "red",
        "seamark:topmark:shape": "sphere",
        "seamark:type": "buoy_safe_water"
      },
      "geometry": {
        "type": "Point",
        "coordinates": [
          23.049913,
          61.4100675
        ]
      },
      "id": "node/9170070846"
    },
    {
      "type": "Feature",
      "properties": {
        "@id": "node/9170070853",
        "ref:vayla": "51877",
        "seamark:buoy_safe_water:colour": "red;white",
        "seamark:buoy_safe_water:colour_pattern": "vertical",
        "seamark:buoy_safe_water:shape": "spar",
        "seamark:topmark:colour": "red",
        "seamark:topmark:shape": "sphere",
        "seamark:type": "buoy_safe_water"
      },
      "geometry": {
        "type": "Point",
        "coordinates": [
          23.0413873,
          61.4122905
        ]
      },
      "id": "node/9170070853"
    },
    {
      "type": "Feature",
      "properties": {
        "@id": "node/9170070855",
        "ref:vayla": "51938",
        "seamark:buoy_safe_water:colour": "red;white",
        "seamark:buoy_safe_water:colour_pattern": "vertical",
        "seamark:buoy_safe_water:shape": "spar",
        "seamark:topmark:colour": "red",
        "seamark:topmark:shape": "sphere",
        "seamark:type": "buoy_safe_water"
      },
      "geometry": {
        "type": "Point",
        "coordinates": [
          23.1636215,
          61.4369303
        ]
      },
      "id": "node/9170070855"
    },
    {
      "type": "Feature",
      "properties": {
        "@id": "node/9170070871",
        "ref:vayla": "51947",
        "seamark:buoy_safe_water:colour": "red;white",
        "seamark:buoy_safe_water:colour_pattern": "vertical",
        "seamark:buoy_safe_water:shape": "spar",
        "seamark:topmark:colour": "red",
        "seamark:topmark:shape": "sphere",
        "seamark:type": "buoy_safe_water"
      },
      "geometry": {
        "type": "Point",
        "coordinates": [
          23.2424557,
          61.4654371
        ]
      },
      "id": "node/9170070871"
    },
    {
      "type": "Feature",
      "properties": {
        "@id": "node/9196143557",
        "seamark:buoy_safe_water:colour": "red;white",
        "seamark:buoy_safe_water:colour_pattern": "vertical",
        "seamark:buoy_safe_water:shape": "pillar",
        "seamark:light:character": "LFl",
        "seamark:light:colour": "white",
        "seamark:light:group": "1",
        "seamark:light:period": "6",
        "seamark:light:range": "3",
        "seamark:name": "9",
        "seamark:radar_reflector": "yes",
        "seamark:type": "buoy_safe_water"
      },
      "geometry": {
        "type": "Point",
        "coordinates": [
          28.6131667,
          60.04415
        ]
      },
      "id": "node/9196143557"
    },
    {
      "type": "Feature",
      "properties": {
        "@id": "node/9196143570",
        "seamark:buoy_safe_water:colour": "red;white",
        "seamark:buoy_safe_water:colour_pattern": "vertical",
        "seamark:buoy_safe_water:shape": "spherical",
        "seamark:light:character": "LFl",
        "seamark:light:colour": "white",
        "seamark:light:group": "1",
        "seamark:light:period": "6",
        "seamark:light:range": "3",
        "seamark:name": "1",
        "seamark:radar_reflector": "yes",
        "seamark:type": "buoy_safe_water"
      },
      "geometry": {
        "type": "Point",
        "coordinates": [
          27.0495167,
          59.9751333
        ]
      },
      "id": "node/9196143570"
    },
    {
      "type": "Feature",
      "properties": {
        "@id": "node/9196394222",
        "seamark:buoy_safe_water:colour": "red;white",
        "seamark:buoy_safe_water:colour_pattern": "vertical",
        "seamark:buoy_safe_water:shape": "pillar",
        "seamark:light:character": "LFl",
        "seamark:light:colour": "white",
        "seamark:topmark:colour": "red",
        "seamark:topmark:shape": "sphere",
        "seamark:type": "buoy_safe_water"
      },
      "geometry": {
        "type": "Point",
        "coordinates": [
          33.0501133,
          34.659692
        ]
      },
      "id": "node/9196394222"
    },
    {
      "type": "Feature",
      "properties": {
        "@id": "node/9201507916",
        "ref:vayla": "30634",
        "seamark:buoy_safe_water:colour": "red;white",
        "seamark:buoy_safe_water:colour_pattern": "vertical",
        "seamark:buoy_safe_water:shape": "spar",
        "seamark:topmark:colour": "red",
        "seamark:topmark:shape": "sphere",
        "seamark:type": "buoy_safe_water"
      },
      "geometry": {
        "type": "Point",
        "coordinates": [
          26.0247855,
          61.7700069
        ]
      },
      "id": "node/9201507916"
    },
    {
      "type": "Feature",
      "properties": {
        "@id": "node/9201526031",
        "ref:vayla": "30617",
        "seamark:buoy_safe_water:colour": "red;white",
        "seamark:buoy_safe_water:colour_pattern": "vertical",
        "seamark:buoy_safe_water:shape": "spar",
        "seamark:topmark:colour": "red",
        "seamark:topmark:shape": "sphere",
        "seamark:type": "buoy_safe_water"
      },
      "geometry": {
        "type": "Point",
        "coordinates": [
          26.0811621,
          61.69491
        ]
      },
      "id": "node/9201526031"
    },
    {
      "type": "Feature",
      "properties": {
        "@id": "node/9201526035",
        "ref:vayla": "30612",
        "seamark:buoy_safe_water:colour": "red;white",
        "seamark:buoy_safe_water:colour_pattern": "vertical",
        "seamark:buoy_safe_water:shape": "spar",
        "seamark:topmark:colour": "red",
        "seamark:topmark:shape": "sphere",
        "seamark:type": "buoy_safe_water"
      },
      "geometry": {
        "type": "Point",
        "coordinates": [
          26.0989759,
          61.6553426
        ]
      },
      "id": "node/9201526035"
    },
    {
      "type": "Feature",
      "properties": {
        "@id": "node/9201526053",
        "ref:vayla": "30641",
        "seamark:buoy_safe_water:colour": "red;white",
        "seamark:buoy_safe_water:colour_pattern": "vertical",
        "seamark:buoy_safe_water:shape": "spar",
        "seamark:topmark:colour": "red",
        "seamark:topmark:shape": "sphere",
        "seamark:type": "buoy_safe_water"
      },
      "geometry": {
        "type": "Point",
        "coordinates": [
          26.0703526,
          61.5726091
        ]
      },
      "id": "node/9201526053"
    },
    {
      "type": "Feature",
      "properties": {
        "@id": "node/9201526065",
        "ref:vayla": "30639",
        "seamark:buoy_safe_water:colour": "red;white",
        "seamark:buoy_safe_water:colour_pattern": "vertical",
        "seamark:buoy_safe_water:shape": "spar",
        "seamark:topmark:colour": "red",
        "seamark:topmark:shape": "sphere",
        "seamark:type": "buoy_safe_water"
      },
      "geometry": {
        "type": "Point",
        "coordinates": [
          26.0883147,
          61.7445756
        ]
      },
      "id": "node/9201526065"
    },
    {
      "type": "Feature",
      "properties": {
        "@id": "node/9201526099",
        "ref:vayla": "30638",
        "seamark:buoy_safe_water:colour": "red;white",
        "seamark:buoy_safe_water:colour_pattern": "vertical",
        "seamark:buoy_safe_water:shape": "spar",
        "seamark:topmark:colour": "red",
        "seamark:topmark:shape": "sphere",
        "seamark:type": "buoy_safe_water"
      },
      "geometry": {
        "type": "Point",
        "coordinates": [
          26.0628056,
          61.7549184
        ]
      },
      "id": "node/9201526099"
    },
    {
      "type": "Feature",
      "properties": {
        "@id": "node/9201526146",
        "ref:vayla": "30633",
        "seamark:buoy_safe_water:colour": "red;white",
        "seamark:buoy_safe_water:colour_pattern": "vertical",
        "seamark:buoy_safe_water:shape": "spar",
        "seamark:topmark:colour": "red",
        "seamark:topmark:shape": "sphere",
        "seamark:type": "buoy_safe_water"
      },
      "geometry": {
        "type": "Point",
        "coordinates": [
          26.0364754,
          61.7649241
        ]
      },
      "id": "node/9201526146"
    },
    {
      "type": "Feature",
      "properties": {
        "@id": "node/9201526166",
        "ref:vayla": "30640",
        "seamark:buoy_safe_water:colour": "red;white",
        "seamark:buoy_safe_water:colour_pattern": "vertical",
        "seamark:buoy_safe_water:shape": "spar",
        "seamark:topmark:colour": "red",
        "seamark:topmark:shape": "sphere",
        "seamark:type": "buoy_safe_water"
      },
      "geometry": {
        "type": "Point",
        "coordinates": [
          26.061813,
          61.5809452
        ]
      },
      "id": "node/9201526166"
    },
    {
      "type": "Feature",
      "properties": {
        "@id": "node/9202958755",
        "ref:vayla": "69594",
        "seamark:buoy_safe_water:colour": "red;white",
        "seamark:buoy_safe_water:colour_pattern": "vertical",
        "seamark:buoy_safe_water:shape": "spar",
        "seamark:topmark:colour": "red",
        "seamark:topmark:shape": "sphere",
        "seamark:type": "buoy_safe_water"
      },
      "geometry": {
        "type": "Point",
        "coordinates": [
          26.4632046,
          61.6357474
        ]
      },
      "id": "node/9202958755"
    },
    {
      "type": "Feature",
      "properties": {
        "@id": "node/9202958756",
        "ref:vayla": "69557",
        "seamark:buoy_safe_water:colour": "red;white",
        "seamark:buoy_safe_water:colour_pattern": "vertical",
        "seamark:buoy_safe_water:shape": "spar",
        "seamark:topmark:colour": "red",
        "seamark:topmark:shape": "sphere",
        "seamark:type": "buoy_safe_water"
      },
      "geometry": {
        "type": "Point",
        "coordinates": [
          26.2633059,
          61.8124516
        ]
      },
      "id": "node/9202958756"
    },
    {
      "type": "Feature",
      "properties": {
        "@id": "node/9202958757",
        "ref:vayla": "69596",
        "seamark:buoy_safe_water:colour": "red;white",
        "seamark:buoy_safe_water:colour_pattern": "vertical",
        "seamark:buoy_safe_water:shape": "spar",
        "seamark:topmark:colour": "red",
        "seamark:topmark:shape": "sphere",
        "seamark:type": "buoy_safe_water"
      },
      "geometry": {
        "type": "Point",
        "coordinates": [
          26.4772885,
          61.6238674
        ]
      },
      "id": "node/9202958757"
    },
    {
      "type": "Feature",
      "properties": {
        "@id": "node/9202958758",
        "ref:vayla": "69607",
        "seamark:buoy_safe_water:colour": "red;white",
        "seamark:buoy_safe_water:colour_pattern": "vertical",
        "seamark:buoy_safe_water:shape": "spar",
        "seamark:topmark:colour": "red",
        "seamark:topmark:shape": "sphere",
        "seamark:type": "buoy_safe_water"
      },
      "geometry": {
        "type": "Point",
        "coordinates": [
          26.5258842,
          61.6458783
        ]
      },
      "id": "node/9202958758"
    },
    {
      "type": "Feature",
      "properties": {
        "@id": "node/9202958759",
        "ref:vayla": "69592",
        "seamark:buoy_safe_water:colour": "red;white",
        "seamark:buoy_safe_water:colour_pattern": "vertical",
        "seamark:buoy_safe_water:shape": "spar",
        "seamark:topmark:colour": "red",
        "seamark:topmark:shape": "sphere",
        "seamark:type": "buoy_safe_water"
      },
      "geometry": {
        "type": "Point",
        "coordinates": [
          26.4313951,
          61.6457468
        ]
      },
      "id": "node/9202958759"
    },
    {
      "type": "Feature",
      "properties": {
        "@id": "node/9202958772",
        "ref:vayla": "33180",
        "seamark:buoy_safe_water:colour": "red;white",
        "seamark:buoy_safe_water:colour_pattern": "vertical",
        "seamark:buoy_safe_water:shape": "spar",
        "seamark:topmark:colour": "red",
        "seamark:topmark:shape": "sphere",
        "seamark:type": "buoy_safe_water"
      },
      "geometry": {
        "type": "Point",
        "coordinates": [
          26.8054701,
          61.4272347
        ]
      },
      "id": "node/9202958772"
    },
    {
      "type": "Feature",
      "properties": {
        "@id": "node/9202987824",
        "ref:vayla": "32683",
        "seamark:buoy_safe_water:colour": "red;white",
        "seamark:buoy_safe_water:colour_pattern": "vertical",
        "seamark:buoy_safe_water:shape": "spar",
        "seamark:topmark:colour": "red",
        "seamark:topmark:shape": "sphere",
        "seamark:type": "buoy_safe_water"
      },
      "geometry": {
        "type": "Point",
        "coordinates": [
          27.1389427,
          61.9584475
        ]
      },
      "id": "node/9202987824"
    },
    {
      "type": "Feature",
      "properties": {
        "@id": "node/9202987831",
        "ref:vayla": "32698",
        "seamark:buoy_safe_water:colour": "red;white",
        "seamark:buoy_safe_water:colour_pattern": "vertical",
        "seamark:buoy_safe_water:shape": "spar",
        "seamark:topmark:colour": "red",
        "seamark:topmark:shape": "sphere",
        "seamark:type": "buoy_safe_water"
      },
      "geometry": {
        "type": "Point",
        "coordinates": [
          27.0656082,
          61.9401536
        ]
      },
      "id": "node/9202987831"
    },
    {
      "type": "Feature",
      "properties": {
        "@id": "node/9202987870",
        "ref:vayla": "32681",
        "seamark:buoy_safe_water:colour": "red;white",
        "seamark:buoy_safe_water:colour_pattern": "vertical",
        "seamark:buoy_safe_water:shape": "spar",
        "seamark:topmark:colour": "red",
        "seamark:topmark:shape": "sphere",
        "seamark:type": "buoy_safe_water"
      },
      "geometry": {
        "type": "Point",
        "coordinates": [
          27.1460531,
          61.9699508
        ]
      },
      "id": "node/9202987870"
    },
    {
      "type": "Feature",
      "properties": {
        "@id": "node/9202987909",
        "ref:vayla": "32679",
        "seamark:buoy_safe_water:colour": "red;white",
        "seamark:buoy_safe_water:colour_pattern": "vertical",
        "seamark:buoy_safe_water:shape": "spar",
        "seamark:topmark:colour": "red",
        "seamark:topmark:shape": "sphere",
        "seamark:type": "buoy_safe_water"
      },
      "geometry": {
        "type": "Point",
        "coordinates": [
          27.1527956,
          61.9808412
        ]
      },
      "id": "node/9202987909"
    },
    {
      "type": "Feature",
      "properties": {
        "@id": "node/9202987942",
        "ref:vayla": "32672",
        "seamark:buoy_safe_water:colour": "red;white",
        "seamark:buoy_safe_water:colour_pattern": "vertical",
        "seamark:buoy_safe_water:shape": "spar",
        "seamark:topmark:colour": "red",
        "seamark:topmark:shape": "sphere",
        "seamark:type": "buoy_safe_water"
      },
      "geometry": {
        "type": "Point",
        "coordinates": [
          27.1762939,
          62.0114434
        ]
      },
      "id": "node/9202987942"
    },
    {
      "type": "Feature",
      "properties": {
        "@id": "node/9202987949",
        "ref:vayla": "32770",
        "seamark:buoy_safe_water:colour": "red;white",
        "seamark:buoy_safe_water:colour_pattern": "vertical",
        "seamark:buoy_safe_water:shape": "spar",
        "seamark:topmark:colour": "red",
        "seamark:topmark:shape": "sphere",
        "seamark:type": "buoy_safe_water"
      },
      "geometry": {
        "type": "Point",
        "coordinates": [
          26.9838209,
          62.0848656
        ]
      },
      "id": "node/9202987949"
    },
    {
      "type": "Feature",
      "properties": {
        "@id": "node/9202998675",
        "ref:vayla": "33179",
        "seamark:buoy_safe_water:colour": "red;white",
        "seamark:buoy_safe_water:colour_pattern": "vertical",
        "seamark:buoy_safe_water:shape": "spar",
        "seamark:topmark:colour": "red",
        "seamark:topmark:shape": "sphere",
        "seamark:type": "buoy_safe_water"
      },
      "geometry": {
        "type": "Point",
        "coordinates": [
          26.7833579,
          61.4286784
        ]
      },
      "id": "node/9202998675"
    },
    {
      "type": "Feature",
      "properties": {
        "@id": "node/9202998727",
        "ref:vayla": "33152",
        "seamark:buoy_safe_water:colour": "red;white",
        "seamark:buoy_safe_water:colour_pattern": "vertical",
        "seamark:buoy_safe_water:shape": "spar",
        "seamark:topmark:colour": "red",
        "seamark:topmark:shape": "sphere",
        "seamark:type": "buoy_safe_water"
      },
      "geometry": {
        "type": "Point",
        "coordinates": [
          26.6829469,
          61.4272187
        ]
      },
      "id": "node/9202998727"
    },
    {
      "type": "Feature",
      "properties": {
        "@id": "node/9202998799",
        "ref:vayla": "33178",
        "seamark:buoy_safe_water:colour": "red;white",
        "seamark:buoy_safe_water:colour_pattern": "vertical",
        "seamark:buoy_safe_water:shape": "spar",
        "seamark:topmark:colour": "red",
        "seamark:topmark:shape": "sphere",
        "seamark:type": "buoy_safe_water"
      },
      "geometry": {
        "type": "Point",
        "coordinates": [
          26.752227,
          61.4309566
        ]
      },
      "id": "node/9202998799"
    },
    {
      "type": "Feature",
      "properties": {
        "@id": "node/9203014423",
        "ref:vayla": "60963",
        "seamark:buoy_safe_water:colour": "red;white",
        "seamark:buoy_safe_water:colour_pattern": "vertical",
        "seamark:buoy_safe_water:shape": "spar",
        "seamark:topmark:colour": "red",
        "seamark:topmark:shape": "sphere",
        "seamark:type": "buoy_safe_water"
      },
      "geometry": {
        "type": "Point",
        "coordinates": [
          27.4309405,
          61.2721538
        ]
      },
      "id": "node/9203014423"
    },
    {
      "type": "Feature",
      "properties": {
        "@id": "node/9203014425",
        "ref:vayla": "60954",
        "seamark:buoy_safe_water:colour": "red;white",
        "seamark:buoy_safe_water:colour_pattern": "vertical",
        "seamark:buoy_safe_water:shape": "spar",
        "seamark:topmark:colour": "red",
        "seamark:topmark:shape": "sphere",
        "seamark:type": "buoy_safe_water"
      },
      "geometry": {
        "type": "Point",
        "coordinates": [
          27.5221332,
          61.2446476
        ]
      },
      "id": "node/9203014425"
    },
    {
      "type": "Feature",
      "properties": {
        "@id": "node/9203014451",
        "ref:vayla": "60966",
        "seamark:buoy_safe_water:colour": "red;white",
        "seamark:buoy_safe_water:colour_pattern": "vertical",
        "seamark:buoy_safe_water:shape": "spar",
        "seamark:topmark:colour": "red",
        "seamark:topmark:shape": "sphere",
        "seamark:type": "buoy_safe_water"
      },
      "geometry": {
        "type": "Point",
        "coordinates": [
          27.4627952,
          61.2954833
        ]
      },
      "id": "node/9203014451"
    },
    {
      "type": "Feature",
      "properties": {
        "@id": "node/9203025667",
        "ref:vayla": "85841",
        "seamark:buoy_safe_water:colour": "red;white",
        "seamark:buoy_safe_water:colour_pattern": "vertical",
        "seamark:buoy_safe_water:shape": "spar",
        "seamark:topmark:colour": "red",
        "seamark:topmark:shape": "sphere",
        "seamark:type": "buoy_safe_water"
      },
      "geometry": {
        "type": "Point",
        "coordinates": [
          27.7427061,
          61.0057749
        ]
      },
      "id": "node/9203025667"
    },
    {
      "type": "Feature",
      "properties": {
        "@id": "node/9203025676",
        "ref:vayla": "85828",
        "seamark:buoy_safe_water:colour": "red;white",
        "seamark:buoy_safe_water:colour_pattern": "vertical",
        "seamark:buoy_safe_water:shape": "spar",
        "seamark:topmark:colour": "red",
        "seamark:topmark:shape": "sphere",
        "seamark:type": "buoy_safe_water"
      },
      "geometry": {
        "type": "Point",
        "coordinates": [
          27.8144068,
          60.9706785
        ]
      },
      "id": "node/9203025676"
    },
    {
      "type": "Feature",
      "properties": {
        "@id": "node/9203025680",
        "ref:vayla": "85849",
        "seamark:buoy_safe_water:colour": "red;white",
        "seamark:buoy_safe_water:colour_pattern": "vertical",
        "seamark:buoy_safe_water:shape": "spar",
        "seamark:topmark:colour": "red",
        "seamark:topmark:shape": "sphere",
        "seamark:type": "buoy_safe_water"
      },
      "geometry": {
        "type": "Point",
        "coordinates": [
          27.7668742,
          61.0458091
        ]
      },
      "id": "node/9203025680"
    },
    {
      "type": "Feature",
      "properties": {
        "@id": "node/9203025706",
        "ref:vayla": "85805",
        "seamark:buoy_safe_water:colour": "red;white",
        "seamark:buoy_safe_water:colour_pattern": "vertical",
        "seamark:buoy_safe_water:shape": "spar",
        "seamark:topmark:colour": "red",
        "seamark:topmark:shape": "sphere",
        "seamark:type": "buoy_safe_water"
      },
      "geometry": {
        "type": "Point",
        "coordinates": [
          27.6651433,
          60.9500267
        ]
      },
      "id": "node/9203025706"
    },
    {
      "type": "Feature",
      "properties": {
        "@id": "node/9203028861",
        "ref:vayla": "85824",
        "seamark:buoy_safe_water:colour": "red;white",
        "seamark:buoy_safe_water:colour_pattern": "vertical",
        "seamark:buoy_safe_water:shape": "spar",
        "seamark:topmark:colour": "red",
        "seamark:topmark:shape": "sphere",
        "seamark:type": "buoy_safe_water"
      },
      "geometry": {
        "type": "Point",
        "coordinates": [
          27.7592917,
          60.9782776
        ]
      },
      "id": "node/9203028861"
    },
    {
      "type": "Feature",
      "properties": {
        "@id": "node/9203028879",
        "ref:vayla": "85808",
        "seamark:buoy_safe_water:colour": "red;white",
        "seamark:buoy_safe_water:colour_pattern": "vertical",
        "seamark:buoy_safe_water:shape": "spar",
        "seamark:topmark:colour": "red",
        "seamark:topmark:shape": "sphere",
        "seamark:type": "buoy_safe_water"
      },
      "geometry": {
        "type": "Point",
        "coordinates": [
          27.752689,
          60.9563962
        ]
      },
      "id": "node/9203028879"
    },
    {
      "type": "Feature",
      "properties": {
        "@id": "node/9203028935",
        "ref:vayla": "85822",
        "seamark:buoy_safe_water:colour": "red;white",
        "seamark:buoy_safe_water:colour_pattern": "vertical",
        "seamark:buoy_safe_water:shape": "spar",
        "seamark:topmark:colour": "red",
        "seamark:topmark:shape": "sphere",
        "seamark:type": "buoy_safe_water"
      },
      "geometry": {
        "type": "Point",
        "coordinates": [
          27.7484163,
          60.9971823
        ]
      },
      "id": "node/9203028935"
    },
    {
      "type": "Feature",
      "properties": {
        "@id": "node/9203079928",
        "ref:vayla": "51602",
        "seamark:buoy_safe_water:colour": "red;white",
        "seamark:buoy_safe_water:colour_pattern": "vertical",
        "seamark:buoy_safe_water:shape": "spar",
        "seamark:topmark:colour": "red",
        "seamark:topmark:shape": "sphere",
        "seamark:type": "buoy_safe_water"
      },
      "geometry": {
        "type": "Point",
        "coordinates": [
          26.7117078,
          61.8258212
        ]
      },
      "id": "node/9203079928"
    },
    {
      "type": "Feature",
      "properties": {
        "@id": "node/9203080212",
        "ref:vayla": "51733",
        "seamark:buoy_safe_water:colour": "red;white",
        "seamark:buoy_safe_water:colour_pattern": "vertical",
        "seamark:buoy_safe_water:shape": "spar",
        "seamark:topmark:colour": "red",
        "seamark:topmark:shape": "sphere",
        "seamark:type": "buoy_safe_water"
      },
      "geometry": {
        "type": "Point",
        "coordinates": [
          26.5918593,
          61.8585523
        ]
      },
      "id": "node/9203080212"
    },
    {
      "type": "Feature",
      "properties": {
        "@id": "node/9203080301",
        "ref:vayla": "51603",
        "seamark:buoy_safe_water:colour": "red;white",
        "seamark:buoy_safe_water:colour_pattern": "vertical",
        "seamark:buoy_safe_water:shape": "spar",
        "seamark:topmark:colour": "red",
        "seamark:topmark:shape": "sphere",
        "seamark:type": "buoy_safe_water"
      },
      "geometry": {
        "type": "Point",
        "coordinates": [
          26.6932153,
          61.8225929
        ]
      },
      "id": "node/9203080301"
    },
    {
      "type": "Feature",
      "properties": {
        "@id": "node/9205706575",
        "ref:vayla": "71528",
        "seamark:buoy_safe_water:colour": "red;white",
        "seamark:buoy_safe_water:colour_pattern": "vertical",
        "seamark:buoy_safe_water:shape": "spar",
        "seamark:topmark:colour": "red",
        "seamark:topmark:shape": "sphere",
        "seamark:type": "buoy_safe_water"
      },
      "geometry": {
        "type": "Point",
        "coordinates": [
          26.3026541,
          60.931873
        ]
      },
      "id": "node/9205706575"
    },
    {
      "type": "Feature",
      "properties": {
        "@id": "node/9205706636",
        "ref:vayla": "71529",
        "seamark:buoy_safe_water:colour": "red;white",
        "seamark:buoy_safe_water:colour_pattern": "vertical",
        "seamark:buoy_safe_water:shape": "spar",
        "seamark:topmark:colour": "red",
        "seamark:topmark:shape": "sphere",
        "seamark:type": "buoy_safe_water"
      },
      "geometry": {
        "type": "Point",
        "coordinates": [
          26.3116721,
          60.9358808
        ]
      },
      "id": "node/9205706636"
    },
    {
      "type": "Feature",
      "properties": {
        "@id": "node/9205706670",
        "ref:vayla": "71527",
        "seamark:buoy_safe_water:colour": "red;white",
        "seamark:buoy_safe_water:colour_pattern": "vertical",
        "seamark:buoy_safe_water:shape": "spar",
        "seamark:topmark:colour": "red",
        "seamark:topmark:shape": "sphere",
        "seamark:type": "buoy_safe_water"
      },
      "geometry": {
        "type": "Point",
        "coordinates": [
          26.2895174,
          60.9260318
        ]
      },
      "id": "node/9205706670"
    },
    {
      "type": "Feature",
      "properties": {
        "@id": "node/9206771672",
        "ref:vayla": "51422",
        "seamark:buoy_safe_water:colour": "red;white",
        "seamark:buoy_safe_water:colour_pattern": "vertical",
        "seamark:buoy_safe_water:shape": "spar",
        "seamark:topmark:colour": "red",
        "seamark:topmark:shape": "sphere",
        "seamark:type": "buoy_safe_water"
      },
      "geometry": {
        "type": "Point",
        "coordinates": [
          23.5696191,
          63.16756
        ]
      },
      "id": "node/9206771672"
    },
    {
      "type": "Feature",
      "properties": {
        "@id": "node/9206777689",
        "ref:vayla": "57645",
        "seamark:buoy_safe_water:colour": "red;white",
        "seamark:buoy_safe_water:colour_pattern": "vertical",
        "seamark:buoy_safe_water:shape": "spar",
        "seamark:topmark:colour": "red",
        "seamark:topmark:shape": "sphere",
        "seamark:type": "buoy_safe_water"
      },
      "geometry": {
        "type": "Point",
        "coordinates": [
          25.8832859,
          63.5854828
        ]
      },
      "id": "node/9206777689"
    },
    {
      "type": "Feature",
      "properties": {
        "@id": "node/9206777690",
        "ref:vayla": "57639",
        "seamark:buoy_safe_water:colour": "red;white",
        "seamark:buoy_safe_water:colour_pattern": "vertical",
        "seamark:buoy_safe_water:shape": "spar",
        "seamark:topmark:colour": "red",
        "seamark:topmark:shape": "sphere",
        "seamark:type": "buoy_safe_water"
      },
      "geometry": {
        "type": "Point",
        "coordinates": [
          25.9838602,
          63.5983849
        ]
      },
      "id": "node/9206777690"
    },
    {
      "type": "Feature",
      "properties": {
        "@id": "node/9206777692",
        "ref:vayla": "57638",
        "seamark:buoy_safe_water:colour": "red;white",
        "seamark:buoy_safe_water:colour_pattern": "vertical",
        "seamark:buoy_safe_water:shape": "spar",
        "seamark:topmark:colour": "red",
        "seamark:topmark:shape": "sphere",
        "seamark:type": "buoy_safe_water"
      },
      "geometry": {
        "type": "Point",
        "coordinates": [
          25.9366185,
          63.554907
        ]
      },
      "id": "node/9206777692"
    },
    {
      "type": "Feature",
      "properties": {
        "@id": "node/9206777693",
        "ref:vayla": "57646",
        "seamark:buoy_safe_water:colour": "red;white",
        "seamark:buoy_safe_water:colour_pattern": "vertical",
        "seamark:buoy_safe_water:shape": "spar",
        "seamark:topmark:colour": "red",
        "seamark:topmark:shape": "sphere",
        "seamark:type": "buoy_safe_water"
      },
      "geometry": {
        "type": "Point",
        "coordinates": [
          25.9064029,
          63.5979388
        ]
      },
      "id": "node/9206777693"
    },
    {
      "type": "Feature",
      "properties": {
        "@id": "node/9206777694",
        "ref:vayla": "57647",
        "seamark:buoy_safe_water:colour": "red;white",
        "seamark:buoy_safe_water:colour_pattern": "vertical",
        "seamark:buoy_safe_water:shape": "spar",
        "seamark:topmark:colour": "red",
        "seamark:topmark:shape": "sphere",
        "seamark:type": "buoy_safe_water"
      },
      "geometry": {
        "type": "Point",
        "coordinates": [
          25.9051949,
          63.6104857
        ]
      },
      "id": "node/9206777694"
    },
    {
      "type": "Feature",
      "properties": {
        "@id": "node/9206777695",
        "ref:vayla": "57642",
        "seamark:buoy_safe_water:colour": "red;white",
        "seamark:buoy_safe_water:colour_pattern": "vertical",
        "seamark:buoy_safe_water:shape": "spar",
        "seamark:topmark:colour": "red",
        "seamark:topmark:shape": "sphere",
        "seamark:type": "buoy_safe_water"
      },
      "geometry": {
        "type": "Point",
        "coordinates": [
          25.9793125,
          63.5385281
        ]
      },
      "id": "node/9206777695"
    },
    {
      "type": "Feature",
      "properties": {
        "@id": "node/9206777699",
        "ref:vayla": "57643",
        "seamark:buoy_safe_water:colour": "red;white",
        "seamark:buoy_safe_water:colour_pattern": "vertical",
        "seamark:buoy_safe_water:shape": "spar",
        "seamark:topmark:colour": "red",
        "seamark:topmark:shape": "sphere",
        "seamark:type": "buoy_safe_water"
      },
      "geometry": {
        "type": "Point",
        "coordinates": [
          26.000633,
          63.5303371
        ]
      },
      "id": "node/9206777699"
    },
    {
      "type": "Feature",
      "properties": {
        "@id": "node/9206777700",
        "ref:vayla": "57644",
        "seamark:buoy_safe_water:colour": "red;white",
        "seamark:buoy_safe_water:colour_pattern": "vertical",
        "seamark:buoy_safe_water:shape": "spar",
        "seamark:topmark:colour": "red",
        "seamark:topmark:shape": "sphere",
        "seamark:type": "buoy_safe_water"
      },
      "geometry": {
        "type": "Point",
        "coordinates": [
          25.8917405,
          63.5736452
        ]
      },
      "id": "node/9206777700"
    },
    {
      "type": "Feature",
      "properties": {
        "@id": "node/9206777701",
        "ref:vayla": "57641",
        "seamark:buoy_safe_water:colour": "red;white",
        "seamark:buoy_safe_water:colour_pattern": "vertical",
        "seamark:buoy_safe_water:shape": "spar",
        "seamark:topmark:colour": "red",
        "seamark:topmark:shape": "sphere",
        "seamark:type": "buoy_safe_water"
      },
      "geometry": {
        "type": "Point",
        "coordinates": [
          25.9579733,
          63.5467186
        ]
      },
      "id": "node/9206777701"
    },
    {
      "type": "Feature",
      "properties": {
        "@id": "node/9206777702",
        "ref:vayla": "57648",
        "seamark:buoy_safe_water:colour": "red;white",
        "seamark:buoy_safe_water:colour_pattern": "vertical",
        "seamark:buoy_safe_water:shape": "spar",
        "seamark:topmark:colour": "red",
        "seamark:topmark:shape": "sphere",
        "seamark:type": "buoy_safe_water"
      },
      "geometry": {
        "type": "Point",
        "coordinates": [
          25.9039863,
          63.6230327
        ]
      },
      "id": "node/9206777702"
    },
    {
      "type": "Feature",
      "properties": {
        "@id": "node/9206777706",
        "ref:vayla": "57640",
        "seamark:buoy_safe_water:colour": "red;white",
        "seamark:buoy_safe_water:colour_pattern": "vertical",
        "seamark:buoy_safe_water:shape": "spar",
        "seamark:topmark:colour": "red",
        "seamark:topmark:shape": "sphere",
        "seamark:type": "buoy_safe_water"
      },
      "geometry": {
        "type": "Point",
        "coordinates": [
          25.9866625,
          63.6107974
        ]
      },
      "id": "node/9206777706"
    },
    {
      "type": "Feature",
      "properties": {
        "@id": "node/9206777711",
        "ref:vayla": "57649",
        "seamark:buoy_safe_water:colour": "red;white",
        "seamark:buoy_safe_water:colour_pattern": "vertical",
        "seamark:buoy_safe_water:shape": "spar",
        "seamark:topmark:colour": "red",
        "seamark:topmark:shape": "sphere",
        "seamark:type": "buoy_safe_water"
      },
      "geometry": {
        "type": "Point",
        "coordinates": [
          25.9027763,
          63.6355805
        ]
      },
      "id": "node/9206777711"
    },
    {
      "type": "Feature",
      "properties": {
        "@id": "node/9206777714",
        "ref:vayla": "57650",
        "seamark:buoy_safe_water:colour": "red;white",
        "seamark:buoy_safe_water:colour_pattern": "vertical",
        "seamark:buoy_safe_water:shape": "spar",
        "seamark:topmark:colour": "red",
        "seamark:topmark:shape": "sphere",
        "seamark:type": "buoy_safe_water"
      },
      "geometry": {
        "type": "Point",
        "coordinates": [
          25.9015644,
          63.6481273
        ]
      },
      "id": "node/9206777714"
    },
    {
      "type": "Feature",
      "properties": {
        "@id": "node/9206817432",
        "ref:vayla": "60407",
        "seamark:buoy_safe_water:colour": "red;white",
        "seamark:buoy_safe_water:colour_pattern": "vertical",
        "seamark:buoy_safe_water:shape": "spar",
        "seamark:topmark:colour": "red",
        "seamark:topmark:shape": "sphere",
        "seamark:type": "buoy_safe_water"
      },
      "geometry": {
        "type": "Point",
        "coordinates": [
          25.8956912,
          63.2557899
        ]
      },
      "id": "node/9206817432"
    },
    {
      "type": "Feature",
      "properties": {
        "@id": "node/9206817441",
        "ref:vayla": "60408",
        "seamark:buoy_safe_water:colour": "red;white",
        "seamark:buoy_safe_water:colour_pattern": "vertical",
        "seamark:buoy_safe_water:shape": "spar",
        "seamark:topmark:colour": "red",
        "seamark:topmark:shape": "sphere",
        "seamark:type": "buoy_safe_water"
      },
      "geometry": {
        "type": "Point",
        "coordinates": [
          25.8807952,
          63.2638759
        ]
      },
      "id": "node/9206817441"
    },
    {
      "type": "Feature",
      "properties": {
        "@id": "node/9206817443",
        "ref:vayla": "60411",
        "seamark:buoy_safe_water:colour": "red;white",
        "seamark:buoy_safe_water:colour_pattern": "vertical",
        "seamark:buoy_safe_water:shape": "spar",
        "seamark:topmark:colour": "red",
        "seamark:topmark:shape": "sphere",
        "seamark:type": "buoy_safe_water"
      },
      "geometry": {
        "type": "Point",
        "coordinates": [
          25.8226279,
          63.2948065
        ]
      },
      "id": "node/9206817443"
    },
    {
      "type": "Feature",
      "properties": {
        "@id": "node/9206817475",
        "ref:vayla": "60446",
        "seamark:buoy_safe_water:colour": "red;white",
        "seamark:buoy_safe_water:colour_pattern": "vertical",
        "seamark:buoy_safe_water:shape": "spar",
        "seamark:topmark:colour": "red",
        "seamark:topmark:shape": "sphere",
        "seamark:type": "buoy_safe_water"
      },
      "geometry": {
        "type": "Point",
        "coordinates": [
          25.7203185,
          63.3031564
        ]
      },
      "id": "node/9206817475"
    },
    {
      "type": "Feature",
      "properties": {
        "@id": "node/9206817491",
        "ref:vayla": "60444",
        "seamark:buoy_safe_water:colour": "red;white",
        "seamark:buoy_safe_water:colour_pattern": "vertical",
        "seamark:buoy_safe_water:shape": "spar",
        "seamark:topmark:colour": "red",
        "seamark:topmark:shape": "sphere",
        "seamark:type": "buoy_safe_water"
      },
      "geometry": {
        "type": "Point",
        "coordinates": [
          25.7790098,
          63.293195
        ]
      },
      "id": "node/9206817491"
    },
    {
      "type": "Feature",
      "properties": {
        "@id": "node/9206817495",
        "ref:vayla": "60430",
        "seamark:buoy_safe_water:colour": "red;white",
        "seamark:buoy_safe_water:colour_pattern": "vertical",
        "seamark:buoy_safe_water:shape": "spar",
        "seamark:topmark:colour": "red",
        "seamark:topmark:shape": "sphere",
        "seamark:type": "buoy_safe_water"
      },
      "geometry": {
        "type": "Point",
        "coordinates": [
          25.8035037,
          63.2893376
        ]
      },
      "id": "node/9206817495"
    },
    {
      "type": "Feature",
      "properties": {
        "@id": "node/9208015982",
        "ref:vayla": "46056",
        "seamark:buoy_safe_water:colour": "red;white",
        "seamark:buoy_safe_water:colour_pattern": "vertical",
        "seamark:buoy_safe_water:shape": "spar",
        "seamark:topmark:colour": "red",
        "seamark:topmark:shape": "sphere",
        "seamark:type": "buoy_safe_water"
      },
      "geometry": {
        "type": "Point",
        "coordinates": [
          27.607401,
          62.4813395
        ]
      },
      "id": "node/9208015982"
    },
    {
      "type": "Feature",
      "properties": {
        "@id": "node/9208016013",
        "ref:vayla": "46012",
        "seamark:buoy_safe_water:colour": "red;white",
        "seamark:buoy_safe_water:colour_pattern": "vertical",
        "seamark:buoy_safe_water:shape": "spar",
        "seamark:topmark:colour": "red",
        "seamark:topmark:shape": "sphere",
        "seamark:type": "buoy_safe_water"
      },
      "geometry": {
        "type": "Point",
        "coordinates": [
          27.3979832,
          62.5434012
        ]
      },
      "id": "node/9208016013"
    },
    {
      "type": "Feature",
      "properties": {
        "@id": "node/9208052820",
        "ref:vayla": "50405",
        "seamark:buoy_safe_water:colour": "red;white",
        "seamark:buoy_safe_water:colour_pattern": "vertical",
        "seamark:buoy_safe_water:shape": "spar",
        "seamark:topmark:colour": "red",
        "seamark:topmark:shape": "sphere",
        "seamark:type": "buoy_safe_water"
      },
      "geometry": {
        "type": "Point",
        "coordinates": [
          26.0972481,
          62.3536969
        ]
      },
      "id": "node/9208052820"
    },
    {
      "type": "Feature",
      "properties": {
        "@id": "node/9208052823",
        "ref:vayla": "50401",
        "seamark:buoy_safe_water:colour": "red;white",
        "seamark:buoy_safe_water:colour_pattern": "vertical",
        "seamark:buoy_safe_water:shape": "spar",
        "seamark:topmark:colour": "red",
        "seamark:topmark:shape": "sphere",
        "seamark:type": "buoy_safe_water"
      },
      "geometry": {
        "type": "Point",
        "coordinates": [
          26.1492953,
          62.315059
        ]
      },
      "id": "node/9208052823"
    },
    {
      "type": "Feature",
      "properties": {
        "@id": "node/9208052824",
        "ref:vayla": "50403",
        "seamark:buoy_safe_water:colour": "red;white",
        "seamark:buoy_safe_water:colour_pattern": "vertical",
        "seamark:buoy_safe_water:shape": "spar",
        "seamark:topmark:colour": "red",
        "seamark:topmark:shape": "sphere",
        "seamark:type": "buoy_safe_water"
      },
      "geometry": {
        "type": "Point",
        "coordinates": [
          26.1206154,
          62.3330953
        ]
      },
      "id": "node/9208052824"
    },
    {
      "type": "Feature",
      "properties": {
        "@id": "node/9208052828",
        "ref:vayla": "50396",
        "seamark:buoy_safe_water:colour": "red;white",
        "seamark:buoy_safe_water:colour_pattern": "vertical",
        "seamark:buoy_safe_water:shape": "spar",
        "seamark:topmark:colour": "red",
        "seamark:topmark:shape": "sphere",
        "seamark:type": "buoy_safe_water"
      },
      "geometry": {
        "type": "Point",
        "coordinates": [
          26.1840026,
          62.2865385
        ]
      },
      "id": "node/9208052828"
    },
    {
      "type": "Feature",
      "properties": {
        "@id": "node/9208053401",
        "ref:vayla": "46051",
        "seamark:buoy_safe_water:colour": "red;white",
        "seamark:buoy_safe_water:colour_pattern": "vertical",
        "seamark:buoy_safe_water:shape": "spar",
        "seamark:topmark:colour": "red",
        "seamark:topmark:shape": "sphere",
        "seamark:type": "buoy_safe_water"
      },
      "geometry": {
        "type": "Point",
        "coordinates": [
          27.5682849,
          62.4944514
        ]
      },
      "id": "node/9208053401"
    },
    {
      "type": "Feature",
      "properties": {
        "@id": "node/9208053404",
        "ref:vayla": "46015",
        "seamark:buoy_safe_water:colour": "red;white",
        "seamark:buoy_safe_water:colour_pattern": "vertical",
        "seamark:buoy_safe_water:shape": "spar",
        "seamark:topmark:colour": "red",
        "seamark:topmark:shape": "sphere",
        "seamark:type": "buoy_safe_water"
      },
      "geometry": {
        "type": "Point",
        "coordinates": [
          27.4344635,
          62.5305161
        ]
      },
      "id": "node/9208053404"
    },
    {
      "type": "Feature",
      "properties": {
        "@id": "node/9208053411",
        "ref:vayla": "46052",
        "seamark:buoy_safe_water:colour": "red;white",
        "seamark:buoy_safe_water:colour_pattern": "vertical",
        "seamark:buoy_safe_water:shape": "spar",
        "seamark:topmark:colour": "red",
        "seamark:topmark:shape": "sphere",
        "seamark:type": "buoy_safe_water"
      },
      "geometry": {
        "type": "Point",
        "coordinates": [
          27.5432972,
          62.5008406
        ]
      },
      "id": "node/9208053411"
    },
    {
      "type": "Feature",
      "properties": {
        "@id": "node/9208063877",
        "ref:vayla": "39670",
        "seamark:buoy_safe_water:colour": "red;white",
        "seamark:buoy_safe_water:colour_pattern": "vertical",
        "seamark:buoy_safe_water:shape": "spar",
        "seamark:topmark:colour": "red",
        "seamark:topmark:shape": "sphere",
        "seamark:type": "buoy_safe_water"
      },
      "geometry": {
        "type": "Point",
        "coordinates": [
          29.1941553,
          64.1068446
        ]
      },
      "id": "node/9208063877"
    },
    {
      "type": "Feature",
      "properties": {
        "@id": "node/9209010423",
        "ref:vayla": "80981",
        "seamark:buoy_safe_water:colour": "red;white",
        "seamark:buoy_safe_water:colour_pattern": "vertical",
        "seamark:buoy_safe_water:shape": "spar",
        "seamark:topmark:colour": "red",
        "seamark:topmark:shape": "sphere",
        "seamark:type": "buoy_safe_water"
      },
      "geometry": {
        "type": "Point",
        "coordinates": [
          27.1735971,
          66.048511
        ]
      },
      "id": "node/9209010423"
    },
    {
      "type": "Feature",
      "properties": {
        "@id": "node/9209015455",
        "ref:vayla": "80980",
        "seamark:buoy_safe_water:colour": "red;white",
        "seamark:buoy_safe_water:colour_pattern": "vertical",
        "seamark:buoy_safe_water:shape": "spar",
        "seamark:topmark:colour": "red",
        "seamark:topmark:shape": "sphere",
        "seamark:type": "buoy_safe_water"
      },
      "geometry": {
        "type": "Point",
        "coordinates": [
          27.1737742,
          66.0478512
        ]
      },
      "id": "node/9209015455"
    },
    {
      "type": "Feature",
      "properties": {
        "@id": "node/9209051854",
        "ref:vayla": "31179",
        "seamark:buoy_safe_water:colour": "red;white",
        "seamark:buoy_safe_water:colour_pattern": "vertical",
        "seamark:buoy_safe_water:shape": "spar",
        "seamark:topmark:colour": "red",
        "seamark:topmark:shape": "sphere",
        "seamark:type": "buoy_safe_water"
      },
      "geometry": {
        "type": "Point",
        "coordinates": [
          27.470918,
          66.7092992
        ]
      },
      "id": "node/9209051854"
    },
    {
      "type": "Feature",
      "properties": {
        "@id": "node/9209120061",
        "ref:vayla": "33720",
        "seamark:buoy_safe_water:colour": "red;white",
        "seamark:buoy_safe_water:colour_pattern": "vertical",
        "seamark:buoy_safe_water:shape": "spar",
        "seamark:topmark:colour": "red",
        "seamark:topmark:shape": "sphere",
        "seamark:type": "buoy_safe_water"
      },
      "geometry": {
        "type": "Point",
        "coordinates": [
          27.3040552,
          68.0485363
        ]
      },
      "id": "node/9209120061"
    },
    {
      "type": "Feature",
      "properties": {
        "@id": "node/9209120071",
        "ref:vayla": "33732",
        "seamark:buoy_safe_water:colour": "red;white",
        "seamark:buoy_safe_water:colour_pattern": "vertical",
        "seamark:buoy_safe_water:shape": "spar",
        "seamark:topmark:colour": "red",
        "seamark:topmark:shape": "sphere",
        "seamark:type": "buoy_safe_water"
      },
      "geometry": {
        "type": "Point",
        "coordinates": [
          27.3370723,
          68.0421911
        ]
      },
      "id": "node/9209120071"
    },
    {
      "type": "Feature",
      "properties": {
        "@id": "node/9209120074",
        "ref:vayla": "33737",
        "seamark:buoy_safe_water:colour": "red;white",
        "seamark:buoy_safe_water:colour_pattern": "vertical",
        "seamark:buoy_safe_water:shape": "spar",
        "seamark:topmark:colour": "red",
        "seamark:topmark:shape": "sphere",
        "seamark:type": "buoy_safe_water"
      },
      "geometry": {
        "type": "Point",
        "coordinates": [
          27.352006,
          68.0265648
        ]
      },
      "id": "node/9209120074"
    },
    {
      "type": "Feature",
      "properties": {
        "@id": "node/9209120083",
        "ref:vayla": "33665",
        "seamark:buoy_safe_water:colour": "red;white",
        "seamark:buoy_safe_water:colour_pattern": "vertical",
        "seamark:buoy_safe_water:shape": "spar",
        "seamark:topmark:colour": "red",
        "seamark:topmark:shape": "sphere",
        "seamark:type": "buoy_safe_water"
      },
      "geometry": {
        "type": "Point",
        "coordinates": [
          27.2194627,
          68.0637876
        ]
      },
      "id": "node/9209120083"
    },
    {
      "type": "Feature",
      "properties": {
        "@id": "node/9209120105",
        "ref:vayla": "33740",
        "seamark:buoy_safe_water:colour": "red;white",
        "seamark:buoy_safe_water:colour_pattern": "vertical",
        "seamark:buoy_safe_water:shape": "spar",
        "seamark:topmark:colour": "red",
        "seamark:topmark:shape": "sphere",
        "seamark:type": "buoy_safe_water"
      },
      "geometry": {
        "type": "Point",
        "coordinates": [
          27.3632526,
          68.0199036
        ]
      },
      "id": "node/9209120105"
    },
    {
      "type": "Feature",
      "properties": {
        "@id": "node/9209120106",
        "ref:vayla": "33717",
        "seamark:buoy_safe_water:colour": "red;white",
        "seamark:buoy_safe_water:colour_pattern": "vertical",
        "seamark:buoy_safe_water:shape": "spar",
        "seamark:topmark:colour": "red",
        "seamark:topmark:shape": "sphere",
        "seamark:type": "buoy_safe_water"
      },
      "geometry": {
        "type": "Point",
        "coordinates": [
          27.2789658,
          68.0538552
        ]
      },
      "id": "node/9209120106"
    },
    {
      "type": "Feature",
      "properties": {
        "@id": "node/9209120110",
        "ref:vayla": "75107",
        "seamark:buoy_safe_water:colour": "red;white",
        "seamark:buoy_safe_water:colour_pattern": "vertical",
        "seamark:buoy_safe_water:shape": "spar",
        "seamark:topmark:colour": "red",
        "seamark:topmark:shape": "sphere",
        "seamark:type": "buoy_safe_water"
      },
      "geometry": {
        "type": "Point",
        "coordinates": [
          27.2007901,
          68.0736809
        ]
      },
      "id": "node/9209120110"
    },
    {
      "type": "Feature",
      "properties": {
        "@id": "node/9209120115",
        "ref:vayla": "33719",
        "seamark:buoy_safe_water:colour": "red;white",
        "seamark:buoy_safe_water:colour_pattern": "vertical",
        "seamark:buoy_safe_water:shape": "spar",
        "seamark:topmark:colour": "red",
        "seamark:topmark:shape": "sphere",
        "seamark:type": "buoy_safe_water"
      },
      "geometry": {
        "type": "Point",
        "coordinates": [
          27.2977082,
          68.0494605
        ]
      },
      "id": "node/9209120115"
    },
    {
      "type": "Feature",
      "properties": {
        "@id": "node/9209120923",
        "ref:vayla": "33752",
        "seamark:buoy_safe_water:colour": "red;white",
        "seamark:buoy_safe_water:colour_pattern": "vertical",
        "seamark:buoy_safe_water:shape": "spar",
        "seamark:topmark:colour": "red",
        "seamark:topmark:shape": "sphere",
        "seamark:type": "buoy_safe_water"
      },
      "geometry": {
        "type": "Point",
        "coordinates": [
          27.385187,
          68.0043746
        ]
      },
      "id": "node/9209120923"
    },
    {
      "type": "Feature",
      "properties": {
        "@id": "node/9209120946",
        "ref:vayla": "33759",
        "seamark:buoy_safe_water:colour": "red;white",
        "seamark:buoy_safe_water:colour_pattern": "vertical",
        "seamark:buoy_safe_water:shape": "spar",
        "seamark:topmark:colour": "red",
        "seamark:topmark:shape": "sphere",
        "seamark:type": "buoy_safe_water"
      },
      "geometry": {
        "type": "Point",
        "coordinates": [
          27.4062472,
          67.9966813
        ]
      },
      "id": "node/9209120946"
    },
    {
      "type": "Feature",
      "properties": {
        "@id": "node/9209120959",
        "ref:vayla": "33734",
        "seamark:buoy_safe_water:colour": "red;white",
        "seamark:buoy_safe_water:colour_pattern": "vertical",
        "seamark:buoy_safe_water:shape": "spar",
        "seamark:topmark:colour": "red",
        "seamark:topmark:shape": "sphere",
        "seamark:type": "buoy_safe_water"
      },
      "geometry": {
        "type": "Point",
        "coordinates": [
          27.341837,
          68.0335048
        ]
      },
      "id": "node/9209120959"
    },
    {
      "type": "Feature",
      "properties": {
        "@id": "node/9209120966",
        "ref:vayla": "33664",
        "seamark:buoy_safe_water:colour": "red;white",
        "seamark:buoy_safe_water:colour_pattern": "vertical",
        "seamark:buoy_safe_water:shape": "spar",
        "seamark:topmark:colour": "red",
        "seamark:topmark:shape": "sphere",
        "seamark:type": "buoy_safe_water"
      },
      "geometry": {
        "type": "Point",
        "coordinates": [
          27.1888179,
          68.0772888
        ]
      },
      "id": "node/9209120966"
    },
    {
      "type": "Feature",
      "properties": {
        "@id": "node/9209120972",
        "ref:vayla": "33491",
        "seamark:buoy_safe_water:colour": "red;white",
        "seamark:buoy_safe_water:colour_pattern": "vertical",
        "seamark:buoy_safe_water:shape": "spar",
        "seamark:topmark:colour": "red",
        "seamark:topmark:shape": "sphere",
        "seamark:type": "buoy_safe_water"
      },
      "geometry": {
        "type": "Point",
        "coordinates": [
          27.1727311,
          68.082226
        ]
      },
      "id": "node/9209120972"
    },
    {
      "type": "Feature",
      "properties": {
        "@id": "node/9209120985",
        "ref:vayla": "33677",
        "seamark:buoy_safe_water:colour": "red;white",
        "seamark:buoy_safe_water:colour_pattern": "vertical",
        "seamark:buoy_safe_water:shape": "spar",
        "seamark:topmark:colour": "red",
        "seamark:topmark:shape": "sphere",
        "seamark:type": "buoy_safe_water"
      },
      "geometry": {
        "type": "Point",
        "coordinates": [
          27.2450767,
          68.0586835
        ]
      },
      "id": "node/9209120985"
    },
    {
      "type": "Feature",
      "properties": {
        "@id": "node/9209120992",
        "ref:vayla": "33674",
        "seamark:buoy_safe_water:colour": "red;white",
        "seamark:buoy_safe_water:colour_pattern": "vertical",
        "seamark:buoy_safe_water:shape": "spar",
        "seamark:topmark:colour": "red",
        "seamark:topmark:shape": "sphere",
        "seamark:type": "buoy_safe_water"
      },
      "geometry": {
        "type": "Point",
        "coordinates": [
          27.2243999,
          68.060948
        ]
      },
      "id": "node/9209120992"
    },
    {
      "type": "Feature",
      "properties": {
        "@id": "node/9209120999",
        "ref:vayla": "80970",
        "seamark:buoy_safe_water:colour": "red;white",
        "seamark:buoy_safe_water:colour_pattern": "vertical",
        "seamark:buoy_safe_water:shape": "spar",
        "seamark:topmark:colour": "red",
        "seamark:topmark:shape": "sphere",
        "seamark:type": "buoy_safe_water"
      },
      "geometry": {
        "type": "Point",
        "coordinates": [
          27.2511837,
          68.0588785
        ]
      },
      "id": "node/9209120999"
    },
    {
      "type": "Feature",
      "properties": {
        "@id": "node/9209121081",
        "ref:vayla": "33731",
        "seamark:buoy_safe_water:colour": "red;white",
        "seamark:buoy_safe_water:colour_pattern": "vertical",
        "seamark:buoy_safe_water:shape": "spar",
        "seamark:topmark:colour": "red",
        "seamark:topmark:shape": "sphere",
        "seamark:type": "buoy_safe_water"
      },
      "geometry": {
        "type": "Point",
        "coordinates": [
          27.3257785,
          68.0445719
        ]
      },
      "id": "node/9209121081"
    },
    {
      "type": "Feature",
      "properties": {
        "@id": "node/9209121091",
        "ref:vayla": "33676",
        "seamark:buoy_safe_water:colour": "red;white",
        "seamark:buoy_safe_water:colour_pattern": "vertical",
        "seamark:buoy_safe_water:shape": "spar",
        "seamark:topmark:colour": "red",
        "seamark:topmark:shape": "sphere",
        "seamark:type": "buoy_safe_water"
      },
      "geometry": {
        "type": "Point",
        "coordinates": [
          27.2358732,
          68.0589926
        ]
      },
      "id": "node/9209121091"
    },
    {
      "type": "Feature",
      "properties": {
        "@id": "node/9209121105",
        "ref:vayla": "33735",
        "seamark:buoy_safe_water:colour": "red;white",
        "seamark:buoy_safe_water:colour_pattern": "vertical",
        "seamark:buoy_safe_water:shape": "spar",
        "seamark:topmark:colour": "red",
        "seamark:topmark:shape": "sphere",
        "seamark:type": "buoy_safe_water"
      },
      "geometry": {
        "type": "Point",
        "coordinates": [
          27.3447303,
          68.0303572
        ]
      },
      "id": "node/9209121105"
    },
    {
      "type": "Feature",
      "properties": {
        "@id": "node/9209121109",
        "ref:vayla": "33718",
        "seamark:buoy_safe_water:colour": "red;white",
        "seamark:buoy_safe_water:colour_pattern": "vertical",
        "seamark:buoy_safe_water:shape": "spar",
        "seamark:topmark:colour": "red",
        "seamark:topmark:shape": "sphere",
        "seamark:type": "buoy_safe_water"
      },
      "geometry": {
        "type": "Point",
        "coordinates": [
          27.2885,
          68.0516122
        ]
      },
      "id": "node/9209121109"
    },
    {
      "type": "Feature",
      "properties": {
        "@id": "node/9209121110",
        "ref:vayla": "33679",
        "seamark:buoy_safe_water:colour": "red;white",
        "seamark:buoy_safe_water:colour_pattern": "vertical",
        "seamark:buoy_safe_water:shape": "spar",
        "seamark:topmark:colour": "red",
        "seamark:topmark:shape": "sphere",
        "seamark:type": "buoy_safe_water"
      },
      "geometry": {
        "type": "Point",
        "coordinates": [
          27.2532102,
          68.0586896
        ]
      },
      "id": "node/9209121110"
    },
    {
      "type": "Feature",
      "properties": {
        "@id": "node/9209121119",
        "ref:vayla": "33730",
        "seamark:buoy_safe_water:colour": "red;white",
        "seamark:buoy_safe_water:colour_pattern": "vertical",
        "seamark:buoy_safe_water:shape": "spar",
        "seamark:topmark:colour": "red",
        "seamark:topmark:shape": "sphere",
        "seamark:type": "buoy_safe_water"
      },
      "geometry": {
        "type": "Point",
        "coordinates": [
          27.3168099,
          68.0460833
        ]
      },
      "id": "node/9209121119"
    },
    {
      "type": "Feature",
      "properties": {
        "@id": "node/9209121123",
        "ref:vayla": "33681",
        "seamark:buoy_safe_water:colour": "red;white",
        "seamark:buoy_safe_water:colour_pattern": "vertical",
        "seamark:buoy_safe_water:shape": "spar",
        "seamark:topmark:colour": "red",
        "seamark:topmark:shape": "sphere",
        "seamark:type": "buoy_safe_water"
      },
      "geometry": {
        "type": "Point",
        "coordinates": [
          27.2677849,
          68.0553346
        ]
      },
      "id": "node/9209121123"
    },
    {
      "type": "Feature",
      "properties": {
        "@id": "node/9209121128",
        "ref:vayla": "33723",
        "seamark:buoy_safe_water:colour": "red;white",
        "seamark:buoy_safe_water:colour_pattern": "vertical",
        "seamark:buoy_safe_water:shape": "spar",
        "seamark:topmark:colour": "red",
        "seamark:topmark:shape": "sphere",
        "seamark:type": "buoy_safe_water"
      },
      "geometry": {
        "type": "Point",
        "coordinates": [
          27.310131,
          68.047738
        ]
      },
      "id": "node/9209121128"
    },
    {
      "type": "Feature",
      "properties": {
        "@id": "node/9209121129",
        "ref:vayla": "33680",
        "seamark:buoy_safe_water:colour": "red;white",
        "seamark:buoy_safe_water:colour_pattern": "vertical",
        "seamark:buoy_safe_water:shape": "spar",
        "seamark:topmark:colour": "red",
        "seamark:topmark:shape": "sphere",
        "seamark:type": "buoy_safe_water"
      },
      "geometry": {
        "type": "Point",
        "coordinates": [
          27.2601471,
          68.0570849
        ]
      },
      "id": "node/9209121129"
    },
    {
      "type": "Feature",
      "properties": {
        "@id": "node/9209121130",
        "ref:vayla": "33675",
        "seamark:buoy_safe_water:colour": "red;white",
        "seamark:buoy_safe_water:colour_pattern": "vertical",
        "seamark:buoy_safe_water:shape": "spar",
        "seamark:topmark:colour": "red",
        "seamark:topmark:shape": "sphere",
        "seamark:type": "buoy_safe_water"
      },
      "geometry": {
        "type": "Point",
        "coordinates": [
          27.228678,
          68.0598932
        ]
      },
      "id": "node/9209121130"
    },
    {
      "type": "Feature",
      "properties": {
        "@id": "node/9209121156",
        "ref:vayla": "33746",
        "seamark:buoy_safe_water:colour": "red;white",
        "seamark:buoy_safe_water:colour_pattern": "vertical",
        "seamark:buoy_safe_water:shape": "spar",
        "seamark:topmark:colour": "red",
        "seamark:topmark:shape": "sphere",
        "seamark:type": "buoy_safe_water"
      },
      "geometry": {
        "type": "Point",
        "coordinates": [
          27.3780259,
          68.0121048
        ]
      },
      "id": "node/9209121156"
    },
    {
      "type": "Feature",
      "properties": {
        "@id": "node/9209121159",
        "ref:vayla": "33733",
        "seamark:buoy_safe_water:colour": "red;white",
        "seamark:buoy_safe_water:colour_pattern": "vertical",
        "seamark:buoy_safe_water:shape": "spar",
        "seamark:topmark:colour": "red",
        "seamark:topmark:shape": "sphere",
        "seamark:type": "buoy_safe_water"
      },
      "geometry": {
        "type": "Point",
        "coordinates": [
          27.3419899,
          68.0370099
        ]
      },
      "id": "node/9209121159"
    },
    {
      "type": "Feature",
      "properties": {
        "@id": "node/9209146612",
        "ref:vayla": "33655",
        "seamark:buoy_safe_water:colour": "red;white",
        "seamark:buoy_safe_water:colour_pattern": "vertical",
        "seamark:buoy_safe_water:shape": "spar",
        "seamark:topmark:colour": "red",
        "seamark:topmark:shape": "sphere",
        "seamark:type": "buoy_safe_water"
      },
      "geometry": {
        "type": "Point",
        "coordinates": [
          26.9677353,
          68.0890672
        ]
      },
      "id": "node/9209146612"
    },
    {
      "type": "Feature",
      "properties": {
        "@id": "node/9220562137",
        "ref:vayla": "66234",
        "seamark:buoy_safe_water:colour": "red;white",
        "seamark:buoy_safe_water:colour_pattern": "vertical",
        "seamark:buoy_safe_water:shape": "spar",
        "seamark:topmark:colour": "red",
        "seamark:topmark:shape": "sphere",
        "seamark:type": "buoy_safe_water"
      },
      "geometry": {
        "type": "Point",
        "coordinates": [
          26.0572367,
          62.4322513
        ]
      },
      "id": "node/9220562137"
    },
    {
      "type": "Feature",
      "properties": {
        "@id": "node/9222089854",
        "ref:vayla": "47566",
        "seamark:buoy_safe_water:colour": "red;white",
        "seamark:buoy_safe_water:colour_pattern": "vertical",
        "seamark:buoy_safe_water:shape": "spar",
        "seamark:topmark:colour": "red",
        "seamark:topmark:shape": "sphere",
        "seamark:type": "buoy_safe_water"
      },
      "geometry": {
        "type": "Point",
        "coordinates": [
          23.6568204,
          61.321697
        ]
      },
      "id": "node/9222089854"
    },
    {
      "type": "Feature",
      "properties": {
        "@id": "node/9222090122",
        "ref:vayla": "47574",
        "seamark:buoy_safe_water:colour": "red;white",
        "seamark:buoy_safe_water:colour_pattern": "vertical",
        "seamark:buoy_safe_water:shape": "spar",
        "seamark:topmark:colour": "red",
        "seamark:topmark:shape": "sphere",
        "seamark:type": "buoy_safe_water"
      },
      "geometry": {
        "type": "Point",
        "coordinates": [
          23.7139659,
          61.3233806
        ]
      },
      "id": "node/9222090122"
    },
    {
      "type": "Feature",
      "properties": {
        "@id": "node/9222090174",
        "ref:vayla": "40848",
        "seamark:buoy_safe_water:colour": "red;white",
        "seamark:buoy_safe_water:colour_pattern": "vertical",
        "seamark:buoy_safe_water:shape": "spar",
        "seamark:topmark:colour": "red",
        "seamark:topmark:shape": "sphere",
        "seamark:type": "buoy_safe_water"
      },
      "geometry": {
        "type": "Point",
        "coordinates": [
          23.9411871,
          61.1942142
        ]
      },
      "id": "node/9222090174"
    },
    {
      "type": "Feature",
      "properties": {
        "@id": "node/9222090205",
        "name": "Jalkasaari",
        "ref:vayla": "43685",
        "seamark:buoy_safe_water:colour": "red;white",
        "seamark:buoy_safe_water:colour_pattern": "vertical",
        "seamark:buoy_safe_water:shape": "spar",
        "seamark:topmark:colour": "red",
        "seamark:topmark:shape": "sphere",
        "seamark:type": "buoy_safe_water"
      },
      "geometry": {
        "type": "Point",
        "coordinates": [
          23.7396085,
          61.4873474
        ]
      },
      "id": "node/9222090205"
    },
    {
      "type": "Feature",
      "properties": {
        "@id": "node/9222090358",
        "ref:vayla": "47557",
        "seamark:buoy_safe_water:colour": "red;white",
        "seamark:buoy_safe_water:colour_pattern": "vertical",
        "seamark:buoy_safe_water:shape": "spar",
        "seamark:topmark:colour": "red",
        "seamark:topmark:shape": "sphere",
        "seamark:type": "buoy_safe_water"
      },
      "geometry": {
        "type": "Point",
        "coordinates": [
          23.5202342,
          61.3697541
        ]
      },
      "id": "node/9222090358"
    },
    {
      "type": "Feature",
      "properties": {
        "@id": "node/9225999527",
        "ref:vayla": "60652",
        "seamark:buoy_safe_water:colour": "red;white",
        "seamark:buoy_safe_water:colour_pattern": "vertical",
        "seamark:buoy_safe_water:shape": "spar",
        "seamark:topmark:colour": "red",
        "seamark:topmark:shape": "sphere",
        "seamark:type": "buoy_safe_water"
      },
      "geometry": {
        "type": "Point",
        "coordinates": [
          28.9056404,
          62.5827886
        ]
      },
      "id": "node/9225999527"
    },
    {
      "type": "Feature",
      "properties": {
        "@id": "node/9228845153",
        "name": "Fairway",
        "ref:linz:hydrographic_id": "251280;251282;251281",
        "seamark:buoy_safe_water:colour": "red;white",
        "seamark:buoy_safe_water:colour_pattern": "vertical",
        "seamark:buoy_safe_water:shape": "pillar",
        "seamark:light:character": "LFl",
        "seamark:light:colour": "white",
        "seamark:light:group": "1",
        "seamark:light:period": "10",
        "seamark:name": "Fairway",
        "seamark:topmark:colour": "red",
        "seamark:topmark:shape": "sphere",
        "seamark:type": "buoy_safe_water",
        "source": "LINZ;Marsden Point Chart"
      },
      "geometry": {
        "type": "Point",
        "coordinates": [
          174.5525678,
          -35.8874479
        ]
      },
      "id": "node/9228845153"
    },
    {
      "type": "Feature",
      "properties": {
        "@id": "node/9228850358",
        "ref:linz:hydrographic_id": "236036;236038;236037",
        "seamark:buoy_safe_water:colour": "red;white",
        "seamark:buoy_safe_water:colour_pattern": "vertical",
        "seamark:buoy_safe_water:shape": "pillar",
        "seamark:light:character": "Oc",
        "seamark:light:colour": "white",
        "seamark:light:group": "1",
        "seamark:light:period": "10",
        "seamark:topmark:colour": "red",
        "seamark:topmark:shape": "sphere",
        "seamark:type": "buoy_safe_water",
        "source": "LINZ;Tauranga Harbour Katikati Entrance to Mount Maunganui Chart;Chart NZ5411",
        "source:date": "2015-06-01"
      },
      "geometry": {
        "type": "Point",
        "coordinates": [
          176.0215,
          -37.4548334
        ]
      },
      "id": "node/9228850358"
    },
    {
      "type": "Feature",
      "properties": {
        "@id": "node/9307233295",
        "seamark:buoy_safe_water:colour": "red;white",
        "seamark:buoy_safe_water:colour_pattern": "vertical",
        "seamark:buoy_safe_water:shape": "pillar",
        "seamark:light:character": "LFl",
        "seamark:light:colour": "white",
        "seamark:light:period": "10",
        "seamark:topmark:colour": "red",
        "seamark:topmark:shape": "sphere",
        "seamark:type": "buoy_safe_water"
      },
      "geometry": {
        "type": "Point",
        "coordinates": [
          23.2831667,
          57.7785
        ]
      },
      "id": "node/9307233295"
    },
    {
      "type": "Feature",
      "properties": {
        "@id": "node/9315213532",
        "seamark:buoy_safe_water:colour": "red;white",
        "seamark:buoy_safe_water:colour_pattern": "vertical",
        "seamark:buoy_safe_water:shape": "spar",
        "seamark:light:character": "LFl",
        "seamark:light:colour": "white",
        "seamark:light:period": "10",
        "seamark:topmark:colour": "red",
        "seamark:topmark:shape": "sphere",
        "seamark:type": "buoy_safe_water"
      },
      "geometry": {
        "type": "Point",
        "coordinates": [
          -8.8077778,
          42.1975
        ]
      },
      "id": "node/9315213532"
    },
    {
      "type": "Feature",
      "properties": {
        "@id": "node/9334350642",
        "seamark:buoy_safe_water:colour": "red;white",
        "seamark:buoy_safe_water:colour_pattern": "vertical",
        "seamark:buoy_safe_water:shape": "pillar",
        "seamark:light:character": "Mo",
        "seamark:light:colour": "white",
        "seamark:light:group": "A",
        "seamark:light:period": "6",
        "seamark:name": "XT",
        "seamark:type": "buoy_safe_water"
      },
      "geometry": {
        "type": "Point",
        "coordinates": [
          -64.5433333,
          46.3883333
        ]
      },
      "id": "node/9334350642"
    },
    {
      "type": "Feature",
      "properties": {
        "@id": "node/9355449473",
        "seamark:buoy_safe_water:colour": "red;white",
        "seamark:buoy_safe_water:colour_pattern": "vertical",
        "seamark:buoy_safe_water:shape": "pillar",
        "seamark:light:character": "Iso",
        "seamark:light:colour": "white",
        "seamark:light:period": "4",
        "seamark:topmark:colour": "red",
        "seamark:topmark:shape": "sphere",
        "seamark:type": "buoy_safe_water"
      },
      "geometry": {
        "type": "Point",
        "coordinates": [
          -9.325,
          32.1716667
        ]
      },
      "id": "node/9355449473"
    },
    {
      "type": "Feature",
      "properties": {
        "@id": "node/9357757265",
        "seamark:buoy_safe_water:colour": "red;white",
        "seamark:buoy_safe_water:colour_pattern": "vertical",
        "seamark:buoy_safe_water:shape": "spar",
        "seamark:light:character": "Mo",
        "seamark:light:colour": "white",
        "seamark:light:group": "A",
        "seamark:light:period": "6",
        "seamark:name": "JS",
        "seamark:type": "buoy_safe_water"
      },
      "geometry": {
        "type": "Point",
        "coordinates": [
          -63.8566667,
          46.6583333
        ]
      },
      "id": "node/9357757265"
    },
    {
      "type": "Feature",
      "properties": {
        "@id": "node/9363476796",
        "seamark:buoy_safe_water:colour": "red;white",
        "seamark:buoy_safe_water:colour_pattern": "vertical",
        "seamark:buoy_safe_water:shape": "spar",
        "seamark:light:character": "Mo",
        "seamark:light:colour": "white",
        "seamark:light:group": "A",
        "seamark:light:period": "6",
        "seamark:name": "DH",
        "seamark:type": "buoy_safe_water"
      },
      "geometry": {
        "type": "Point",
        "coordinates": [
          -64.14,
          47.455
        ]
      },
      "id": "node/9363476796"
    },
    {
      "type": "Feature",
      "properties": {
        "@id": "node/9363492914",
        "seamark:buoy_safe_water:colour": "red;white",
        "seamark:buoy_safe_water:colour_pattern": "vertical",
        "seamark:buoy_safe_water:shape": "spar",
        "seamark:light:character": "Mo",
        "seamark:light:colour": "white",
        "seamark:light:group": "A",
        "seamark:name": "TJ",
        "seamark:type": "buoy_safe_water"
      },
      "geometry": {
        "type": "Point",
        "coordinates": [
          -64.655,
          47.7116667
        ]
      },
      "id": "node/9363492914"
    },
    {
      "type": "Feature",
      "properties": {
        "@id": "node/9370068706",
        "name": "Isles of Shoals Bell Buoy IS",
        "note": "NOAA/USCG surveyed location. Is visible on Bing, imagery is offset by about 60 feet.",
        "seamark:buoy_safe_water:colour": "red;white",
        "seamark:buoy_safe_water:colour_pattern": "vertical",
        "seamark:buoy_safe_water:ref": "US003450623764356",
        "seamark:buoy_safe_water:shape": "pillar",
        "seamark:fog_signal:category": "bell",
        "seamark:fog_signal:ref": "US003450322664356",
        "seamark:name": "RW \"IS\"",
        "seamark:status": "permanent",
        "seamark:topmark:colour": "red",
        "seamark:topmark:ref": "US003450623864356",
        "seamark:topmark:shape": "sphere",
        "seamark:type": "buoy_safe_water",
        "source": "NOAA Electronic Navigation Chart US5PSMBE",
        "source:position": "USCG List of Lights, vol. 1 (2023, corr. through week 42)"
      },
      "geometry": {
        "type": "Point",
        "coordinates": [
          -70.6210025,
          42.9811706
        ]
      },
      "id": "node/9370068706"
    },
    {
      "type": "Feature",
      "properties": {
        "@id": "node/9370550408",
        "buoy_safe_water:ref": "022600401EAE11C5",
        "fog_signal:ref": "0226004024FF11C5",
        "light:ref": "022638AE72810001",
        "seamark:buoy_safe_water:colour": "red,white",
        "seamark:buoy_safe_water:colour_pattern": "vertical",
        "seamark:buoy_safe_water:shape": "pillar",
        "seamark:fog_signal:category": "bell",
        "seamark:light:character": "Mo",
        "seamark:light:colour": "white",
        "seamark:light:exhibition": "night",
        "seamark:light:group": "A",
        "seamark:light:period": "8",
        "seamark:light:sequence": "00.4+(00.6)+02.0+(05.0)",
        "seamark:name": "Wells Harbor Entrance Lighted Bell Buoy WH",
        "seamark:source": "ENC US5ME01M",
        "seamark:topmark:colour": "red",
        "seamark:topmark:shape": "sphere",
        "seamark:type": "buoy_safe_water",
        "topmark:ref": "022600402BC911C5"
      },
      "geometry": {
        "type": "Point",
        "coordinates": [
          -70.5478407,
          43.3138606
        ]
      },
      "id": "node/9370550408"
    },
    {
      "type": "Feature",
      "properties": {
        "@id": "node/9371106353",
        "buoy_safe_water:ref": "022601CBD2560032",
        "fog_signal:ref": "022601CBD2550032",
        "seamark:buoy_safe_water:colour": "red,white",
        "seamark:buoy_safe_water:colour_pattern": "vertical",
        "seamark:buoy_safe_water:shape": "pillar",
        "seamark:fog_signal:category": "bell",
        "seamark:name": "Saco River Approach Bell Buoy SA",
        "seamark:source": "ENC US5ME02M",
        "seamark:topmark:colour": "red",
        "seamark:topmark:shape": "sphere",
        "seamark:type": "buoy_safe_water",
        "topmark:ref": "022601CBD2570032"
      },
      "geometry": {
        "type": "Point",
        "coordinates": [
          -70.3383718,
          43.4653869
        ]
      },
      "id": "node/9371106353"
    },
    {
      "type": "Feature",
      "properties": {
        "@id": "node/9454286897",
        "seamark:buoy_safe_water:colour": "red;white",
        "seamark:buoy_safe_water:colour_pattern": "vertical",
        "seamark:buoy_safe_water:shape": "pillar",
        "seamark:light:character": "Iso",
        "seamark:light:period": "4",
        "seamark:topmark:colour": "red",
        "seamark:topmark:shape": "sphere",
        "seamark:type": "buoy_safe_water"
      },
      "geometry": {
        "type": "Point",
        "coordinates": [
          33.3263036,
          34.7151736
        ]
      },
      "id": "node/9454286897"
    },
    {
      "type": "Feature",
      "properties": {
        "@id": "node/9454286898",
        "seamark:buoy_safe_water:colour": "red;white",
        "seamark:buoy_safe_water:colour_pattern": "vertical",
        "seamark:buoy_safe_water:shape": "pillar",
        "seamark:light:character": "Iso",
        "seamark:light:period": "4",
        "seamark:topmark:colour": "red",
        "seamark:topmark:shape": "sphere",
        "seamark:type": "buoy_safe_water"
      },
      "geometry": {
        "type": "Point",
        "coordinates": [
          33.3298028,
          34.71449
        ]
      },
      "id": "node/9454286898"
    },
    {
      "type": "Feature",
      "properties": {
        "@id": "node/9477072055",
        "seamark:buoy_safe_water:colour": "red;white",
        "seamark:buoy_safe_water:colour_pattern": "vertical",
        "seamark:buoy_safe_water:shape": "pillar",
        "seamark:light:character": "Iso",
        "seamark:light:colour": "white",
        "seamark:light:period": "4",
        "seamark:name": "CA",
        "seamark:radar_transponder:category": "racon",
        "seamark:topmark:colour": "red",
        "seamark:topmark:shape": "sphere",
        "seamark:type": "buoy_safe_water"
      },
      "geometry": {
        "type": "Point",
        "coordinates": [
          -7.5683333,
          33.6705556
        ]
      },
      "id": "node/9477072055"
    },
    {
      "type": "Feature",
      "properties": {
        "@id": "node/9530043878",
        "seamark:buoy_safe_water:colour": "red;white",
        "seamark:buoy_safe_water:colour_pattern": "vertical",
        "seamark:buoy_safe_water:shape": "pillar",
        "seamark:light:character": "Iso",
        "seamark:light:colour": "white",
        "seamark:light:period": "4",
        "seamark:name": "Shenzhen Airport Oil Pier No.1",
        "seamark:topmark:colour": "red",
        "seamark:topmark:shape": "sphere",
        "seamark:type": "buoy_safe_water",
        "source": "China MSA Notice No. 16/2024"
      },
      "geometry": {
        "type": "Point",
        "coordinates": [
          113.8027778,
          22.5512056
        ]
      },
      "id": "node/9530043878"
    },
    {
      "type": "Feature",
      "properties": {
        "@id": "node/9550529125",
        "seamark:buoy_safe_water:colour": "red;white",
        "seamark:buoy_safe_water:colour_pattern": "vertical",
        "seamark:buoy_safe_water:shape": "spar",
        "seamark:information": "No topmark during the winter season.",
        "seamark:lnam": "00B442F93AFCDA01",
        "seamark:name": "H6",
        "seamark:source": "BfS 70/24 WSA Ems-Nordsee *",
        "seamark:topmark:colour": "red",
        "seamark:topmark:shape": "sphere",
        "seamark:type": "buoy_safe_water"
      },
      "geometry": {
        "type": "Point",
        "coordinates": [
          6.6133333,
          53.5673333
        ]
      },
      "id": "node/9550529125"
    },
    {
      "type": "Feature",
      "properties": {
        "@id": "node/9550529130",
        "seamark:buoy_safe_water:colour": "red;white",
        "seamark:buoy_safe_water:colour_pattern": "vertical",
        "seamark:buoy_safe_water:shape": "spar",
        "seamark:information": "No topmark during the winter season.",
        "seamark:lnam": "00B44010D1950046",
        "seamark:name": "H 3",
        "seamark:topmark:colour": "red",
        "seamark:topmark:shape": "sphere",
        "seamark:type": "buoy_safe_water"
      },
      "geometry": {
        "type": "Point",
        "coordinates": [
          6.435283,
          53.577967
        ]
      },
      "id": "node/9550529130"
    },
    {
      "type": "Feature",
      "properties": {
        "@id": "node/9550529132",
        "seamark:buoy_safe_water:colour": "red;white",
        "seamark:buoy_safe_water:colour_pattern": "vertical",
        "seamark:buoy_safe_water:shape": "spar",
        "seamark:information": "No topmark during the winter season.",
        "seamark:lnam": "00B44010D1950044",
        "seamark:name": "H 4",
        "seamark:topmark:colour": "red",
        "seamark:topmark:shape": "sphere",
        "seamark:type": "buoy_safe_water"
      },
      "geometry": {
        "type": "Point",
        "coordinates": [
          6.503133,
          53.575983
        ]
      },
      "id": "node/9550529132"
    },
    {
      "type": "Feature",
      "properties": {
        "@id": "node/9550529133",
        "seamark:buoy_safe_water:colour": "red;white",
        "seamark:buoy_safe_water:colour_pattern": "vertical",
        "seamark:buoy_safe_water:shape": "spar",
        "seamark:information": "No topmark during the winter season.",
        "seamark:lnam": "00B44010D195004A",
        "seamark:name": "H 5",
        "seamark:topmark:colour": "red",
        "seamark:topmark:shape": "sphere",
        "seamark:type": "buoy_safe_water"
      },
      "geometry": {
        "type": "Point",
        "coordinates": [
          6.5621667,
          53.5672167
        ]
      },
      "id": "node/9550529133"
    },
    {
      "type": "Feature",
      "properties": {
        "@id": "node/9550529134",
        "seamark:buoy_safe_water:colour": "red;white",
        "seamark:buoy_safe_water:colour_pattern": "vertical",
        "seamark:buoy_safe_water:shape": "spar",
        "seamark:information": "No topmark during the winter season.",
        "seamark:lnam": "00B442DB7C8BDA01",
        "seamark:name": "H 5a",
        "seamark:source": "BfS 70/24 WSA Ems-Nordsee *",
        "seamark:topmark:colour": "red",
        "seamark:topmark:shape": "sphere",
        "seamark:type": "buoy_safe_water"
      },
      "geometry": {
        "type": "Point",
        "coordinates": [
          6.5915,
          53.563
        ]
      },
      "id": "node/9550529134"
    },
    {
      "type": "Feature",
      "properties": {
        "@id": "node/9631458027",
        "seamark:buoy_safe_water:colour": "red;white",
        "seamark:buoy_safe_water:colour_pattern": "vertical",
        "seamark:buoy_safe_water:shape": "pillar",
        "seamark:light:character": "LFl",
        "seamark:light:colour": "white",
        "seamark:light:period": "10",
        "seamark:name": "Qiongzhou Strait Ship Dingxianzhi Warning No.3",
        "seamark:radio_station:category": "ais",
        "seamark:radio_station:mmsi": "994131786",
        "seamark:topmark:colour": "red",
        "seamark:topmark:shape": "sphere",
        "seamark:type": "buoy_safe_water",
        "source": "China MSA Notice No. 328/2022"
      },
      "geometry": {
        "type": "Point",
        "coordinates": [
          110.1386389,
          20.15925
        ]
      },
      "id": "node/9631458027"
    },
    {
      "type": "Feature",
      "properties": {
        "@id": "node/9631461311",
        "seamark:buoy_safe_water:colour": "red;white",
        "seamark:buoy_safe_water:colour_pattern": "vertical",
        "seamark:buoy_safe_water:shape": "pillar",
        "seamark:light:character": "LFl",
        "seamark:light:colour": "white",
        "seamark:light:period": "10",
        "seamark:name": "Qiongzhou Strait Ship Dingxianzhi Warning No.4",
        "seamark:topmark:colour": "red",
        "seamark:topmark:shape": "sphere",
        "seamark:type": "buoy_safe_water",
        "source": "China MSA Notice No. 328/2022"
      },
      "geometry": {
        "type": "Point",
        "coordinates": [
          110.0408889,
          20.1448333
        ]
      },
      "id": "node/9631461311"
    },
    {
      "type": "Feature",
      "properties": {
        "@id": "node/9631461312",
        "seamark:buoy_safe_water:colour": "red;white",
        "seamark:buoy_safe_water:colour_pattern": "vertical",
        "seamark:buoy_safe_water:shape": "pillar",
        "seamark:light:character": "Iso",
        "seamark:light:colour": "white",
        "seamark:light:period": "4",
        "seamark:name": "Qiongzhou Strait Ship Dingxianzhi Warning No.3A",
        "seamark:radio_station:category": "ais",
        "seamark:radio_station:mmsi": "994131798",
        "seamark:topmark:colour": "red",
        "seamark:topmark:shape": "sphere",
        "seamark:type": "buoy_safe_water",
        "source": "China MSA Notice No. 328/2022"
      },
      "geometry": {
        "type": "Point",
        "coordinates": [
          110.1186111,
          20.1561111
        ]
      },
      "id": "node/9631461312"
    },
    {
      "type": "Feature",
      "properties": {
        "@id": "node/9643869202",
        "ref:kystverket": "021736",
        "seamark:buoy_safe_water:colour": "red;white",
        "seamark:buoy_safe_water:colour_pattern": "vertical",
        "seamark:light:character": "Iso",
        "seamark:light:colour": "white",
        "seamark:light:height": "3",
        "seamark:light:period": "2",
        "seamark:light:range": "3",
        "seamark:light:sequence": "1+(1)",
        "seamark:name": "Nesodden senter",
        "seamark:type": "buoy_safe_water"
      },
      "geometry": {
        "type": "Point",
        "coordinates": [
          10.646793,
          59.8749296
        ]
      },
      "id": "node/9643869202"
    },
    {
      "type": "Feature",
      "properties": {
        "@id": "node/9704909195",
        "check_date": "2026-04-11",
        "description": "Leave to Port",
        "direction": "anticlockwise",
        "fixme": "tag light characteristics",
        "seamark:buoy_safe_water:colour": "red;white",
        "seamark:buoy_safe_water:colour_pattern": "vertical",
        "seamark:buoy_safe_water:shape": "can",
        "seamark:light:height": "0.5",
        "seamark:topmark:colour": "red",
        "seamark:topmark:shape": "sphere",
        "seamark:type": "buoy_safe_water",
        "source": "2023 survey"
      },
      "geometry": {
        "type": "Point",
        "coordinates": [
          174.8043615,
          -36.8535162
        ]
      },
      "id": "node/9704909195"
    },
    {
      "type": "Feature",
      "properties": {
        "@id": "node/9779535593",
        "seamark:buoy_safe_water:colour": "red;white",
        "seamark:buoy_safe_water:colour_pattern": "vertical",
        "seamark:buoy_safe_water:shape": "pillar",
        "seamark:light:character": "Iso",
        "seamark:light:colour": "white",
        "seamark:light:group": "1",
        "seamark:light:period": "5",
        "seamark:name": "West Oaze",
        "seamark:topmark:colour": "red",
        "seamark:topmark:shape": "sphere",
        "seamark:type": "buoy_safe_water"
      },
      "geometry": {
        "type": "Point",
        "coordinates": [
          0.9235667,
          51.4829167
        ]
      },
      "id": "node/9779535593"
    },
    {
      "type": "Feature",
      "properties": {
        "@id": "node/9779539925",
        "seamark:buoy_safe_water:colour": "red;white",
        "seamark:buoy_safe_water:colour_pattern": "vertical",
        "seamark:buoy_safe_water:shape": "pillar",
        "seamark:light:character": "Mo",
        "seamark:light:colour": "white",
        "seamark:light:group": "A",
        "seamark:light:period": "6",
        "seamark:name": "Medway",
        "seamark:topmark:colour": "red",
        "seamark:topmark:shape": "sphere",
        "seamark:type": "buoy_safe_water"
      },
      "geometry": {
        "type": "Point",
        "coordinates": [
          0.8796333,
          51.4807
        ]
      },
      "id": "node/9779539925"
    },
    {
      "type": "Feature",
      "properties": {
        "@id": "node/9781263571",
        "seamark:buoy_safe_water:colour": "red;white",
        "seamark:buoy_safe_water:colour_pattern": "vertical",
        "seamark:buoy_safe_water:shape": "pillar",
        "seamark:light:character": "Iso",
        "seamark:light:colour": "white",
        "seamark:light:group": "1",
        "seamark:light:period": "5",
        "seamark:name": "Knob",
        "seamark:topmark:colour": "red",
        "seamark:topmark:shape": "sphere",
        "seamark:type": "buoy_safe_water"
      },
      "geometry": {
        "type": "Point",
        "coordinates": [
          1.07125,
          51.5116833
        ]
      },
      "id": "node/9781263571"
    },
    {
      "type": "Feature",
      "properties": {
        "@id": "node/9814044284",
        "name": "Depoe Bay Approach Lighted Whistle Buoy DB",
        "ref": "9780",
        "seamark:buoy_safe_water:colour": "red;white",
        "seamark:buoy_safe_water:colour_pattern": "vertical",
        "seamark:buoy_safe_water:shape": "pillar",
        "seamark:fog_signal:category": "whistle",
        "seamark:fog_signal:generation": "wave",
        "seamark:light:character": "Mo",
        "seamark:light:colour": "white",
        "seamark:light:group": "A",
        "seamark:light:period": "8",
        "seamark:light:range": "4",
        "seamark:light:sequence": "0.5+(0.5)+1+(2)",
        "seamark:name": "Depoe Bay Approach Lighted Whistle Buoy DB",
        "seamark:type": "buoy_safe_water"
      },
      "geometry": {
        "type": "Point",
        "coordinates": [
          -124.0885753,
          44.8081333
        ]
      },
      "id": "node/9814044284"
    },
    {
      "type": "Feature",
      "properties": {
        "@id": "node/9856217187",
        "seamark:buoy_safe_water:colour": "red;white",
        "seamark:buoy_safe_water:colour_pattern": "vertical",
        "seamark:buoy_safe_water:shape": "spherical",
        "seamark:light:character": "Iso",
        "seamark:light:colour": "white",
        "seamark:light:group": "1",
        "seamark:light:period": "2",
        "seamark:name": "Long Sand Inner",
        "seamark:type": "buoy_safe_water"
      },
      "geometry": {
        "type": "Point",
        "coordinates": [
          1.4239333,
          51.6462333
        ]
      },
      "id": "node/9856217187"
    },
    {
      "type": "Feature",
      "properties": {
        "@id": "node/9856217192",
        "seamark:buoy_safe_water:colour": "red;white",
        "seamark:buoy_safe_water:colour_pattern": "vertical",
        "seamark:buoy_safe_water:shape": "spherical",
        "seamark:light:character": "Iso",
        "seamark:light:colour": "white",
        "seamark:light:group": "1",
        "seamark:light:period": "2",
        "seamark:name": "Long Sand Outer",
        "seamark:type": "buoy_safe_water"
      },
      "geometry": {
        "type": "Point",
        "coordinates": [
          1.4723333,
          51.5768333
        ]
      },
      "id": "node/9856217192"
    },
    {
      "type": "Feature",
      "properties": {
        "@id": "node/9856217193",
        "seamark:buoy_safe_water:colour": "red;white",
        "seamark:buoy_safe_water:colour_pattern": "vertical",
        "seamark:buoy_safe_water:shape": "spherical",
        "seamark:light:character": "Iso",
        "seamark:light:colour": "white",
        "seamark:light:group": "1",
        "seamark:light:period": "5",
        "seamark:name": "Long Sand Middle",
        "seamark:type": "buoy_safe_water"
      },
      "geometry": {
        "type": "Point",
        "coordinates": [
          1.4408333,
          51.5933333
        ]
      },
      "id": "node/9856217193"
    },
    {
      "type": "Feature",
      "properties": {
        "@id": "node/9869056772",
        "seamark:buoy_safe_water:colour": "red;white",
        "seamark:buoy_safe_water:colour_pattern": "vertical",
        "seamark:buoy_safe_water:shape": "pillar",
        "seamark:light:character": "Iso",
        "seamark:light:colour": "white",
        "seamark:light:period": "4",
        "seamark:topmark:colour": "red",
        "seamark:topmark:shape": "sphere",
        "seamark:type": "buoy_safe_water"
      },
      "geometry": {
        "type": "Point",
        "coordinates": [
          13.417912,
          58.651227
        ]
      },
      "id": "node/9869056772"
    },
    {
      "type": "Feature",
      "properties": {
        "@id": "node/9894934807",
        "seamark:buoy_safe_water:colour": "red;white",
        "seamark:buoy_safe_water:colour_pattern": "vertical",
        "seamark:buoy_safe_water:shape": "pillar",
        "seamark:light:character": "LFl",
        "seamark:light:colour": "white",
        "seamark:light:period": "10",
        "seamark:topmark:colour": "red",
        "seamark:topmark:shape": "sphere",
        "seamark:type": "buoy_safe_water"
      },
      "geometry": {
        "type": "Point",
        "coordinates": [
          -7.0522222,
          37.1930556
        ]
      },
      "id": "node/9894934807"
    },
    {
      "type": "Feature",
      "properties": {
        "@id": "node/9900202366",
        "seamark:buoy_safe_water:colour": "red;white",
        "seamark:buoy_safe_water:colour_pattern": "vertical",
        "seamark:buoy_safe_water:shape": "spar",
        "seamark:light:character": "LFl",
        "seamark:light:colour": "white",
        "seamark:light:period": "10",
        "seamark:type": "buoy_safe_water"
      },
      "geometry": {
        "type": "Point",
        "coordinates": [
          13.16808,
          58.736683
        ]
      },
      "id": "node/9900202366"
    },
    {
      "type": "Feature",
      "properties": {
        "@id": "node/9942037029",
        "seamark:buoy_safe_water:colour": "red;white",
        "seamark:buoy_safe_water:colour_pattern": "vertical",
        "seamark:buoy_safe_water:shape": "spherical",
        "seamark:light:character": "LFl",
        "seamark:light:colour": "white",
        "seamark:light:period": "10",
        "seamark:type": "buoy_safe_water"
      },
      "geometry": {
        "type": "Point",
        "coordinates": [
          19.395,
          41.3658333
        ]
      },
      "id": "node/9942037029"
    },
    {
      "type": "Feature",
      "properties": {
        "@id": "node/9948196901",
        "seamark:buoy_safe_water:colour": "red;white",
        "seamark:buoy_safe_water:colour_pattern": "vertical",
        "seamark:fog_signal:category": "whistle",
        "seamark:light:character": "Mo",
        "seamark:light:colour": "white",
        "seamark:light:group": "A",
        "seamark:name": "OI",
        "seamark:topmark:colour": "red",
        "seamark:topmark:shape": "sphere",
        "seamark:type": "buoy_safe_water"
      },
      "geometry": {
        "type": "Point",
        "coordinates": [
          -75.53,
          35.8116667
        ]
      },
      "id": "node/9948196901"
    },
    {
      "type": "Feature",
      "properties": {
        "@id": "node/9960343392",
        "description": "59°45,59' 028°24,26' 4",
        "seamark:buoy_safe_water:colour": "red;white",
        "seamark:buoy_safe_water:colour_pattern": "vertical",
        "seamark:buoy_safe_water:shape": "pillar",
        "seamark:light:character": "LFl",
        "seamark:light:colour": "white",
        "seamark:light:group": "1",
        "seamark:light:period": "6",
        "seamark:light:range": "5",
        "seamark:name": "Luzhskiy 3",
        "seamark:type": "buoy_safe_water"
      },
      "geometry": {
        "type": "Point",
        "coordinates": [
          28.4021354,
          59.7597464
        ]
      },
      "id": "node/9960343392"
    },
    {
      "type": "Feature",
      "properties": {
        "@id": "node/10073669437",
        "seamark:buoy_safe_water:colour": "red;white",
        "seamark:buoy_safe_water:colour_pattern": "vertical",
        "seamark:buoy_safe_water:shape": "pillar",
        "seamark:light:character": "Mo",
        "seamark:light:colour": "white",
        "seamark:light:group": "A",
        "seamark:light:period": "6",
        "seamark:name": "EA",
        "seamark:type": "buoy_safe_water"
      },
      "geometry": {
        "type": "Point",
        "coordinates": [
          -64.68,
          47.925
        ]
      },
      "id": "node/10073669437"
    },
    {
      "type": "Feature",
      "properties": {
        "@id": "node/10073675273",
        "seamark:buoy_safe_water:colour": "red;white",
        "seamark:buoy_safe_water:colour_pattern": "vertical",
        "seamark:buoy_safe_water:shape": "spar",
        "seamark:light:character": "Mo",
        "seamark:light:colour": "white",
        "seamark:light:group": "A",
        "seamark:light:period": "6",
        "seamark:name": "JD",
        "seamark:type": "buoy_safe_water"
      },
      "geometry": {
        "type": "Point",
        "coordinates": [
          -62.74,
          46.4583333
        ]
      },
      "id": "node/10073675273"
    },
    {
      "type": "Feature",
      "properties": {
        "@id": "node/10121169153",
        "seamark:buoy_safe_water:colour": "red;white",
        "seamark:buoy_safe_water:colour_pattern": "vertical",
        "seamark:buoy_safe_water:shape": "pillar",
        "seamark:light:character": "Iso",
        "seamark:light:colour": "white",
        "seamark:light:period": "2.5",
        "seamark:topmark:colour": "red",
        "seamark:topmark:shape": "sphere",
        "seamark:type": "buoy_safe_water"
      },
      "geometry": {
        "type": "Point",
        "coordinates": [
          -56.6216667,
          -35.5583333
        ]
      },
      "id": "node/10121169153"
    },
    {
      "type": "Feature",
      "properties": {
        "@id": "node/10142671414",
        "seamark:buoy_safe_water:colour": "red;white",
        "seamark:buoy_safe_water:colour_pattern": "vertical",
        "seamark:buoy_safe_water:shape": "can",
        "seamark:light:character": "Mo",
        "seamark:light:colour": "white",
        "seamark:light:group": "A",
        "seamark:light:period": "6",
        "seamark:name": "SJ",
        "seamark:type": "buoy_safe_water"
      },
      "geometry": {
        "type": "Point",
        "coordinates": [
          -62.6144444,
          45.7086111
        ]
      },
      "id": "node/10142671414"
    },
    {
      "type": "Feature",
      "properties": {
        "@id": "node/10249935388",
        "seamark:buoy_safe_water:colour": "red;white",
        "seamark:buoy_safe_water:colour_pattern": "vertical",
        "seamark:buoy_safe_water:shape": "pillar",
        "seamark:light:character": "Fl",
        "seamark:light:colour": "white",
        "seamark:light:group": "2",
        "seamark:light:period": "10",
        "seamark:radar_transponder:category": "racon",
        "seamark:topmark:colour": "red",
        "seamark:topmark:shape": "sphere",
        "seamark:type": "buoy_safe_water"
      },
      "geometry": {
        "type": "Point",
        "coordinates": [
          9.83,
          2.7516667
        ]
      },
      "id": "node/10249935388"
    },
    {
      "type": "Feature",
      "properties": {
        "@id": "node/10255881973",
        "seamark:buoy_safe_water:colour": "red;white",
        "seamark:buoy_safe_water:colour_pattern": "vertical",
        "seamark:light:character": "Mo",
        "seamark:light:colour": "white",
        "seamark:light:group": "A",
        "seamark:name": "PR",
        "seamark:topmark:colour": "red",
        "seamark:topmark:shape": "sphere",
        "seamark:type": "buoy_safe_water"
      },
      "geometry": {
        "type": "Point",
        "coordinates": [
          -76.4555556,
          38.2988889
        ]
      },
      "id": "node/10255881973"
    },
    {
      "type": "Feature",
      "properties": {
        "@id": "node/10276588953",
        "seamark:buoy_safe_water:colour": "red;white",
        "seamark:buoy_safe_water:colour_pattern": "vertical",
        "seamark:buoy_safe_water:shape": "pillar",
        "seamark:topmark:colour": "red",
        "seamark:topmark:shape": "sphere",
        "seamark:type": "buoy_safe_water"
      },
      "geometry": {
        "type": "Point",
        "coordinates": [
          8.7718333,
          3.768
        ]
      },
      "id": "node/10276588953"
    },
    {
      "type": "Feature",
      "properties": {
        "@id": "node/10566109930",
        "seamark:buoy_safe_water:colour": "red;white",
        "seamark:buoy_safe_water:colour_pattern": "vertical",
        "seamark:buoy_safe_water:shape": "pillar",
        "seamark:light:character": "Fl",
        "seamark:light:colour": "white",
        "seamark:light:group": "1",
        "seamark:light:period": "2",
        "seamark:source": "US,US,graph,Chart 11460",
        "seamark:type": "buoy_safe_water"
      },
      "geometry": {
        "type": "Point",
        "coordinates": [
          -78.6275357,
          26.4981526
        ]
      },
      "id": "node/10566109930"
    },
    {
      "type": "Feature",
      "properties": {
        "@id": "node/10661721950",
        "seamark:buoy_safe_water:colour": "red;white",
        "seamark:buoy_safe_water:colour_pattern": "vertical",
        "seamark:buoy_safe_water:shape": "pillar",
        "seamark:light:character": "LFl",
        "seamark:light:colour": "white",
        "seamark:light:period": "10",
        "seamark:name": "PA",
        "seamark:topmark:colour": "red",
        "seamark:topmark:shape": "sphere",
        "seamark:type": "buoy_safe_water"
      },
      "geometry": {
        "type": "Point",
        "coordinates": [
          1.3886225,
          51.3089135
        ]
      },
      "id": "node/10661721950"
    },
    {
      "type": "Feature",
      "properties": {
        "@id": "node/10665613548",
        "seamark:buoy_safe_water:colour": "red;white",
        "seamark:buoy_safe_water:colour_pattern": "vertical",
        "seamark:buoy_safe_water:shape": "pillar",
        "seamark:light:character": "LFl",
        "seamark:light:colour": "white",
        "seamark:light:period": "10",
        "seamark:name": "Violet",
        "seamark:topmark:colour": "red",
        "seamark:topmark:shape": "sphere",
        "seamark:type": "buoy_safe_water"
      },
      "geometry": {
        "type": "Point",
        "coordinates": [
          -1.952262,
          49.1303133
        ]
      },
      "id": "node/10665613548"
    },
    {
      "type": "Feature",
      "properties": {
        "@id": "node/10712714544",
        "description": "59°45,59' 028°24,26' 4",
        "seamark:buoy_safe_water:colour": "red;white",
        "seamark:buoy_safe_water:colour_pattern": "vertical",
        "seamark:buoy_safe_water:shape": "pillar",
        "seamark:light:character": "LFl",
        "seamark:light:colour": "white",
        "seamark:light:group": "1",
        "seamark:light:period": "6",
        "seamark:light:range": "3",
        "seamark:type": "buoy_safe_water"
      },
      "geometry": {
        "type": "Point",
        "coordinates": [
          28.3508833,
          59.6994333
        ]
      },
      "id": "node/10712714544"
    },
    {
      "type": "Feature",
      "properties": {
        "@id": "node/10782761275",
        "operator": "USCG",
        "ref": "690",
        "seamark:buoy_safe_water:colour": "red;white",
        "seamark:buoy_safe_water:colour_pattern": "vertical",
        "seamark:buoy_safe_water:shape": "pillar",
        "seamark:fog_signal:category": "whistle",
        "seamark:light:character": "Mo",
        "seamark:light:colour": "white",
        "seamark:light:group": "A",
        "seamark:light:range": "5",
        "seamark:light:sequence": "0.5+(0.5)+1+(2)",
        "seamark:name": "Columbia River Approach Lighted Whistle Buoy CR",
        "seamark:type": "buoy_safe_water"
      },
      "geometry": {
        "type": "Point",
        "coordinates": [
          -124.1837094,
          46.1850006
        ]
      },
      "id": "node/10782761275"
    },
    {
      "type": "Feature",
      "properties": {
        "@id": "node/10943526647",
        "seamark:buoy_safe_water:colour": "red;white",
        "seamark:buoy_safe_water:colour_pattern": "vertical",
        "seamark:buoy_safe_water:shape": "sphere",
        "seamark:light:character": "Mo",
        "seamark:light:colour": "white",
        "seamark:light:group": "A",
        "seamark:light:period": "15",
        "seamark:name": "Woodbridge Haven",
        "seamark:type": "buoy_safe_water"
      },
      "geometry": {
        "type": "Point",
        "coordinates": [
          1.3979564,
          51.9705652
        ]
      },
      "id": "node/10943526647"
    },
    {
      "type": "Feature",
      "properties": {
        "@id": "node/10967908731",
        "name": "pieņemšanas ass ugunsboja A",
        "name:en": "reception safe water light buoy A",
        "name:lv": "pieņemšanas ass ugunsboja 'A'",
        "seamark:buoy_safe_water:colour": "red;white",
        "seamark:buoy_safe_water:colour_pattern": "vertical",
        "seamark:buoy_safe_water:shape": "pillar",
        "seamark:light:character": "Mo",
        "seamark:light:colour": "white",
        "seamark:light:period": "10",
        "seamark:light:range": "5",
        "seamark:light:sequence": "01.0+(01.0)+03.0+(05.0)",
        "seamark:name": "A (545)",
        "seamark:radar_reflector": "yes",
        "seamark:type": "buoy_safe_water"
      },
      "geometry": {
        "type": "Point",
        "coordinates": [
          21.4111667,
          57.438
        ]
      },
      "id": "node/10967908731"
    },
    {
      "type": "Feature",
      "properties": {
        "@id": "node/10967908735",
        "name": "pieņemšanas ass ugunsboja B",
        "name:en": "reception safe water light buoy B",
        "name:lv": "pieņemšanas ass ugunsboja 'B'",
        "seamark:buoy_safe_water:colour": "red;white",
        "seamark:buoy_safe_water:colour_pattern": "vertical",
        "seamark:buoy_safe_water:shape": "pillar",
        "seamark:light:character": "Mo",
        "seamark:light:colour": "white",
        "seamark:light:period": "10",
        "seamark:light:range": "5",
        "seamark:light:sequence": "01.0+(01.0)+03.0+(05.0)",
        "seamark:name": "B (525)",
        "seamark:radar_reflector": "yes",
        "seamark:type": "buoy_safe_water"
      },
      "geometry": {
        "type": "Point",
        "coordinates": [
          21.4318333,
          57.4753333
        ]
      },
      "id": "node/10967908735"
    },
    {
      "type": "Feature",
      "properties": {
        "@id": "node/10971379707",
        "seamark:buoy_safe_water:colour": "red;white",
        "seamark:buoy_safe_water:colour_pattern": "vertical",
        "seamark:buoy_safe_water:shape": "pillar",
        "seamark:light:character": "LFl",
        "seamark:light:period": "10",
        "seamark:name": "JAS",
        "seamark:topmark:colour": "red",
        "seamark:topmark:shape": "sphere",
        "seamark:type": "buoy_safe_water"
      },
      "geometry": {
        "type": "Point",
        "coordinates": [
          18.6733675,
          54.6600067
        ]
      },
      "id": "node/10971379707"
    },
    {
      "type": "Feature",
      "properties": {
        "@id": "node/10971452099",
        "seamark:buoy_safe_water:colour": "red;white",
        "seamark:buoy_safe_water:colour_pattern": "vertical",
        "seamark:buoy_safe_water:shape": "pillar",
        "seamark:light:character": "LFl",
        "seamark:light:colour": "white",
        "seamark:light:period": "10",
        "seamark:name": "GL",
        "seamark:topmark:colour": "red",
        "seamark:topmark:shape": "sphere",
        "seamark:type": "buoy_safe_water"
      },
      "geometry": {
        "type": "Point",
        "coordinates": [
          18.5392999,
          54.6512183
        ]
      },
      "id": "node/10971452099"
    },
    {
      "type": "Feature",
      "properties": {
        "@id": "node/10971473510",
        "seamark:buoy_safe_water:colour": "red;white",
        "seamark:buoy_safe_water:colour_pattern": "vertical",
        "seamark:buoy_safe_water:shape": "pillar",
        "seamark:light:character": "LFl",
        "seamark:light:colour": "white",
        "seamark:light:period": "10",
        "seamark:name": "WLA",
        "seamark:radar_transponder:category": "racon",
        "seamark:topmark:colour": "red",
        "seamark:topmark:shape": "sphere",
        "seamark:type": "buoy_safe_water"
      },
      "geometry": {
        "type": "Point",
        "coordinates": [
          18.4425044,
          54.7980008
        ]
      },
      "id": "node/10971473510"
    },
    {
      "type": "Feature",
      "properties": {
        "@id": "node/10971473520",
        "seamark:buoy_safe_water:colour": "red;white",
        "seamark:buoy_safe_water:colour_pattern": "vertical",
        "seamark:buoy_safe_water:shape": "spar",
        "seamark:name": "2PK",
        "seamark:topmark:colour": "red",
        "seamark:topmark:shape": "sphere",
        "seamark:type": "buoy_safe_water"
      },
      "geometry": {
        "type": "Point",
        "coordinates": [
          18.4176779,
          54.7273216
        ]
      },
      "id": "node/10971473520"
    },
    {
      "type": "Feature",
      "properties": {
        "@id": "node/10971473521",
        "seamark:buoy_safe_water:colour": "red;white",
        "seamark:buoy_safe_water:colour_pattern": "vertical",
        "seamark:buoy_safe_water:shape": "spar",
        "seamark:name": "1PK",
        "seamark:topmark:colour": "red",
        "seamark:topmark:shape": "sphere",
        "seamark:type": "buoy_safe_water"
      },
      "geometry": {
        "type": "Point",
        "coordinates": [
          18.4251666,
          54.7300227
        ]
      },
      "id": "node/10971473521"
    },
    {
      "type": "Feature",
      "properties": {
        "@id": "node/10971473522",
        "seamark:buoy_safe_water:colour": "red;white",
        "seamark:buoy_safe_water:colour_pattern": "vertical",
        "seamark:buoy_safe_water:shape": "pillar",
        "seamark:light:character": "LFl",
        "seamark:light:colour": "white",
        "seamark:light:period": "10",
        "seamark:name": "P-K",
        "seamark:topmark:colour": "red",
        "seamark:topmark:shape": "sphere",
        "seamark:type": "buoy_safe_water"
      },
      "geometry": {
        "type": "Point",
        "coordinates": [
          18.4326339,
          54.7326618
        ]
      },
      "id": "node/10971473522"
    },
    {
      "type": "Feature",
      "properties": {
        "@id": "node/10971473523",
        "seamark:buoy_safe_water:colour": "red;white",
        "seamark:buoy_safe_water:colour_pattern": "vertical",
        "seamark:buoy_safe_water:shape": "pillar",
        "seamark:light:character": "LFl",
        "seamark:light:colour": "white",
        "seamark:light:period": "10",
        "seamark:name": "RZUC",
        "seamark:radar_reflector": "yes",
        "seamark:topmark:colour": "red",
        "seamark:topmark:shape": "sphere",
        "seamark:type": "buoy_safe_water"
      },
      "geometry": {
        "type": "Point",
        "coordinates": [
          18.4966421,
          54.6958111
        ]
      },
      "id": "node/10971473523"
    },
    {
      "type": "Feature",
      "properties": {
        "@id": "node/10971473533",
        "seamark:buoy_safe_water:colour": "red;white",
        "seamark:buoy_safe_water:colour_pattern": "vertical",
        "seamark:buoy_safe_water:shape": "pillar",
        "seamark:light:character": "LFl",
        "seamark:light:colour": "white",
        "seamark:light:period": "10",
        "seamark:name": "KUZ",
        "seamark:topmark:colour": "red",
        "seamark:topmark:shape": "sphere",
        "seamark:type": "buoy_safe_water"
      },
      "geometry": {
        "type": "Point",
        "coordinates": [
          18.59303,
          54.7185849
        ]
      },
      "id": "node/10971473533"
    },
    {
      "type": "Feature",
      "properties": {
        "@id": "node/10971771859",
        "seamark:buoy_safe_water:colour": "red;white",
        "seamark:buoy_safe_water:colour_pattern": "vertical",
        "seamark:buoy_safe_water:shape": "pillar",
        "seamark:light:character": "LFl",
        "seamark:light:colour": "white",
        "seamark:light:period": "10",
        "seamark:name": "SP",
        "seamark:type": "buoy_safe_water"
      },
      "geometry": {
        "type": "Point",
        "coordinates": [
          18.5802063,
          54.4456522
        ]
      },
      "id": "node/10971771859"
    },
    {
      "type": "Feature",
      "properties": {
        "@id": "node/11013706932",
        "seamark:buoy_safe_water:colour": "red;white",
        "seamark:buoy_safe_water:colour_pattern": "vertical",
        "seamark:buoy_safe_water:shape": "spar",
        "seamark:light:character": "Iso",
        "seamark:light:colour": "white",
        "seamark:light:period": "8",
        "seamark:name": "K H",
        "seamark:source": "https://data.overheid.nl/dataset/2c5f6817-d902-4123-9b1d-103a0a484979 2023-06-30 *",
        "seamark:type": "buoy_safe_water"
      },
      "geometry": {
        "type": "Point",
        "coordinates": [
          5.6260811,
          52.6271276
        ]
      },
      "id": "node/11013706932"
    },
    {
      "type": "Feature",
      "properties": {
        "@id": "node/11015307607",
        "seamark:buoy_safe_water:colour": "red;white",
        "seamark:buoy_safe_water:colour_pattern": "vertical",
        "seamark:buoy_safe_water:shape": "spar",
        "seamark:name": "REC-C",
        "seamark:source": "https://data.overheid.nl/dataset/2c5f6817-d902-4123-9b1d-103a0a484979 2023-06-30 *",
        "seamark:topmark:colour": "red",
        "seamark:topmark:shape": "sphere",
        "seamark:type": "buoy_safe_water"
      },
      "geometry": {
        "type": "Point",
        "coordinates": [
          4.0958778,
          51.3743139
        ]
      },
      "id": "node/11015307607"
    },
    {
      "type": "Feature",
      "properties": {
        "@id": "node/11033309976",
        "seamark:buoy_safe_water:colour": "red;white",
        "seamark:buoy_safe_water:colour_pattern": "vertical",
        "seamark:buoy_safe_water:shape": "pillar",
        "seamark:light:character": "LFl",
        "seamark:light:colour": "white",
        "seamark:light:period": "10",
        "seamark:name": "Whiteforeland",
        "seamark:topmark:colour": "red",
        "seamark:topmark:shape": "sphere",
        "seamark:type": "buoy_safe_water"
      },
      "geometry": {
        "type": "Point",
        "coordinates": [
          -4.7882715,
          55.9686663
        ]
      },
      "id": "node/11033309976"
    },
    {
      "type": "Feature",
      "properties": {
        "@id": "node/11033309978",
        "seamark:buoy_safe_water:colour": "red;white",
        "seamark:buoy_safe_water:colour_pattern": "vertical",
        "seamark:buoy_safe_water:shape": "pillar",
        "seamark:light:character": "Oc",
        "seamark:light:period": "6",
        "seamark:name": "Loch Long",
        "seamark:topmark:colour": "red",
        "seamark:topmark:shape": "sphere",
        "seamark:type": "buoy_safe_water"
      },
      "geometry": {
        "type": "Point",
        "coordinates": [
          -4.8737012,
          55.9861793
        ]
      },
      "id": "node/11033309978"
    },
    {
      "type": "Feature",
      "properties": {
        "@id": "node/11033873349",
        "seamark:buoy_safe_water:colour": "red;white",
        "seamark:buoy_safe_water:colour_pattern": "vertical",
        "seamark:buoy_safe_water:shape": "pillar",
        "seamark:light:character": "LFl",
        "seamark:light:colour": "white",
        "seamark:light:period": "10",
        "seamark:name": "Cowal",
        "seamark:topmark:colour": "red",
        "seamark:topmark:shape": "sphere",
        "seamark:type": "buoy_safe_water"
      },
      "geometry": {
        "type": "Point",
        "coordinates": [
          -4.914161,
          55.9334438
        ]
      },
      "id": "node/11033873349"
    },
    {
      "type": "Feature",
      "properties": {
        "@id": "node/11053242561",
        "seamark:buoy_safe_water:colour": "red;white",
        "seamark:buoy_safe_water:colour_pattern": "vertical",
        "seamark:buoy_safe_water:shape": "pillar",
        "seamark:light:character": "Iso",
        "seamark:light:colour": "white",
        "seamark:light:period": "4",
        "seamark:name": "Lanshangang No.100",
        "seamark:radar_transponder:category": "racon",
        "seamark:radar_transponder:group": "X",
        "seamark:radio_station:category": "ais",
        "seamark:radio_station:mmsi": "994141008",
        "seamark:topmark:colour": "red",
        "seamark:topmark:shape": "sphere",
        "seamark:type": "buoy_safe_water",
        "source": "China MSA Notice No. 202/2023"
      },
      "geometry": {
        "type": "Point",
        "coordinates": [
          119.6354444,
          35.0466944
        ]
      },
      "id": "node/11053242561"
    },
    {
      "type": "Feature",
      "properties": {
        "@id": "node/11101255303",
        "seamark:buoy_safe_water:colour": "red;white",
        "seamark:buoy_safe_water:colour_pattern": "vertical",
        "seamark:buoy_safe_water:shape": "pillar",
        "seamark:light:character": "Iso",
        "seamark:light:colour": "white",
        "seamark:light:period": "4",
        "seamark:lnam": "00B442E9ADEFDA01",
        "seamark:name": "Wiek",
        "seamark:topmark:colour": "red",
        "seamark:topmark:shape": "sphere",
        "seamark:type": "buoy_safe_water"
      },
      "geometry": {
        "type": "Point",
        "coordinates": [
          13.275327,
          54.622777
        ]
      },
      "id": "node/11101255303"
    },
    {
      "type": "Feature",
      "properties": {
        "@id": "node/11162433773",
        "seamark:buoy_safe_water:colour": "red;white",
        "seamark:buoy_safe_water:colour_pattern": "vertical",
        "seamark:buoy_safe_water:shape": "pillar",
        "seamark:information": "If there is a risk of ice the buoy will not be replaced during the winter season.",
        "seamark:light:character": "Iso",
        "seamark:light:colour": "white",
        "seamark:light:period": "4",
        "seamark:lnam": "00B44010D1940006",
        "seamark:name": "KO 1/1",
        "seamark:topmark:colour": "red",
        "seamark:topmark:shape": "sphere",
        "seamark:type": "buoy_safe_water"
      },
      "geometry": {
        "type": "Point",
        "coordinates": [
          10.308862,
          54.497597
        ]
      },
      "id": "node/11162433773"
    },
    {
      "type": "Feature",
      "properties": {
        "@id": "node/11162433774",
        "seamark:buoy_safe_water:colour": "red;white",
        "seamark:buoy_safe_water:colour_pattern": "vertical",
        "seamark:buoy_safe_water:shape": "pillar",
        "seamark:information": "If there is a risk of ice the buoy will not be replaced during the winter season.",
        "seamark:light:character": "Oc",
        "seamark:light:colour": "white",
        "seamark:light:period": "4",
        "seamark:lnam": "00B44010D1950059",
        "seamark:name": "Kieler Förde",
        "seamark:topmark:colour": "red",
        "seamark:topmark:shape": "sphere",
        "seamark:type": "buoy_safe_water"
      },
      "geometry": {
        "type": "Point",
        "coordinates": [
          10.2745959,
          54.4843526
        ]
      },
      "id": "node/11162433774"
    },
    {
      "type": "Feature",
      "properties": {
        "@id": "node/11162517673",
        "seamark:buoy_safe_water:colour": "red;white",
        "seamark:buoy_safe_water:colour_pattern": "vertical",
        "seamark:buoy_safe_water:shape": "pillar",
        "seamark:light:character": "LFl",
        "seamark:light:colour": "white",
        "seamark:light:period": "10",
        "seamark:topmark:colour": "red",
        "seamark:topmark:shape": "sphere",
        "seamark:type": "buoy_safe_water"
      },
      "geometry": {
        "type": "Point",
        "coordinates": [
          10.5532265,
          55.5571365
        ]
      },
      "id": "node/11162517673"
    },
    {
      "type": "Feature",
      "properties": {
        "@id": "node/11162522722",
        "seamark:buoy_safe_water:colour": "red;white",
        "seamark:buoy_safe_water:colour_pattern": "vertical",
        "seamark:buoy_safe_water:shape": "pillar",
        "seamark:light:character": "Iso",
        "seamark:light:colour": "white",
        "seamark:light:period": "4",
        "seamark:topmark:colour": "red",
        "seamark:topmark:shape": "sphere",
        "seamark:type": "buoy_safe_water"
      },
      "geometry": {
        "type": "Point",
        "coordinates": [
          10.8755261,
          55.3312576
        ]
      },
      "id": "node/11162522722"
    },
    {
      "type": "Feature",
      "properties": {
        "@id": "node/11171646190",
        "seamark:buoy_safe_water:colour": "red;white",
        "seamark:buoy_safe_water:colour_pattern": "vertical",
        "seamark:buoy_safe_water:shape": "pillar",
        "seamark:information": "If there is a risk of ice the buoy will not be replaced during the winter season.",
        "seamark:light:character": "Iso",
        "seamark:light:colour": "white",
        "seamark:light:period": "4",
        "seamark:lnam": "00B44010D19500E7",
        "seamark:name": "Arkona",
        "seamark:topmark:colour": "red",
        "seamark:topmark:shape": "sphere",
        "seamark:type": "buoy_safe_water"
      },
      "geometry": {
        "type": "Point",
        "coordinates": [
          13.562378,
          54.759914
        ]
      },
      "id": "node/11171646190"
    },
    {
      "type": "Feature",
      "properties": {
        "@id": "node/11171671601",
        "seamark:buoy_safe_water:colour": "red;white",
        "seamark:buoy_safe_water:colour_pattern": "vertical",
        "seamark:buoy_safe_water:shape": "pillar",
        "seamark:light:character": "LFl",
        "seamark:light:colour": "white",
        "seamark:name": "REDA",
        "seamark:topmark:colour": "red",
        "seamark:topmark:shape": "sphere",
        "seamark:type": "buoy_safe_water"
      },
      "geometry": {
        "type": "Point",
        "coordinates": [
          14.0953731,
          54.4408233
        ]
      },
      "id": "node/11171671601"
    },
    {
      "type": "Feature",
      "properties": {
        "@id": "node/11191380202",
        "seamark:buoy_safe_water:colour": "red;white",
        "seamark:buoy_safe_water:colour_pattern": "vertical",
        "seamark:buoy_safe_water:shape": "pillar",
        "seamark:light:character": "Iso",
        "seamark:light:colour": "white",
        "seamark:light:period": "8",
        "seamark:lnam": "00B442E20685DA01",
        "seamark:name": "KO 6/T 63",
        "seamark:topmark:colour": "red",
        "seamark:topmark:shape": "sphere",
        "seamark:type": "buoy_safe_water"
      },
      "geometry": {
        "type": "Point",
        "coordinates": [
          11.1482474,
          54.5982331
        ]
      },
      "id": "node/11191380202"
    },
    {
      "type": "Feature",
      "properties": {
        "@id": "node/11191380232",
        "seamark:buoy_safe_water:colour": "red;white",
        "seamark:buoy_safe_water:colour_pattern": "vertical",
        "seamark:buoy_safe_water:shape": "spar",
        "seamark:information": "The buoy will be withdrawn during the winter season.",
        "seamark:lnam": "00B40001221B0001",
        "seamark:name": "Lippe",
        "seamark:topmark:colour": "red",
        "seamark:topmark:shape": "sphere",
        "seamark:type": "buoy_safe_water"
      },
      "geometry": {
        "type": "Point",
        "coordinates": [
          10.651707,
          54.335289
        ]
      },
      "id": "node/11191380232"
    },
    {
      "type": "Feature",
      "properties": {
        "@id": "node/11191539579",
        "seamark:buoy_safe_water:colour": "red;white",
        "seamark:buoy_safe_water:colour_pattern": "vertical",
        "seamark:buoy_safe_water:shape": "spar",
        "seamark:information": "If there is a risk of ice the buoy has no topmark.",
        "seamark:lnam": "00B44010D18E00C7",
        "seamark:name": "Lister Landtief",
        "seamark:topmark:colour": "red",
        "seamark:topmark:shape": "sphere",
        "seamark:type": "buoy_safe_water"
      },
      "geometry": {
        "type": "Point",
        "coordinates": [
          8.358233,
          55.043467
        ]
      },
      "id": "node/11191539579"
    },
    {
      "type": "Feature",
      "properties": {
        "@id": "node/11207418747",
        "seamark:buoy_safe_water:colour": "red;white",
        "seamark:buoy_safe_water:colour_pattern": "vertical",
        "seamark:buoy_safe_water:shape": "spar",
        "seamark:lnam": "00B4000120C10001",
        "seamark:name": "H 5",
        "seamark:topmark:colour": "red",
        "seamark:topmark:shape": "sphere",
        "seamark:type": "buoy_safe_water"
      },
      "geometry": {
        "type": "Point",
        "coordinates": [
          14.149027,
          53.824593
        ]
      },
      "id": "node/11207418747"
    },
    {
      "type": "Feature",
      "properties": {
        "@id": "node/11207418748",
        "seamark:buoy_safe_water:colour": "red;white",
        "seamark:buoy_safe_water:colour_pattern": "vertical",
        "seamark:buoy_safe_water:shape": "spar",
        "seamark:lnam": "00B4000120C00001",
        "seamark:name": "H 7",
        "seamark:topmark:colour": "red",
        "seamark:topmark:shape": "sphere",
        "seamark:type": "buoy_safe_water"
      },
      "geometry": {
        "type": "Point",
        "coordinates": [
          14.233538,
          53.805832
        ]
      },
      "id": "node/11207418748"
    },
    {
      "type": "Feature",
      "properties": {
        "@id": "node/11207418750",
        "seamark:buoy_safe_water:colour": "red;white",
        "seamark:buoy_safe_water:colour_pattern": "vertical",
        "seamark:buoy_safe_water:shape": "spar",
        "seamark:lnam": "00B4000120C40001",
        "seamark:name": "H 3",
        "seamark:topmark:colour": "red",
        "seamark:topmark:shape": "sphere",
        "seamark:type": "buoy_safe_water"
      },
      "geometry": {
        "type": "Point",
        "coordinates": [
          14.054127,
          53.82461
        ]
      },
      "id": "node/11207418750"
    },
    {
      "type": "Feature",
      "properties": {
        "@id": "node/11277916679",
        "name": "Blacks Harbour Light and Bell Buoy KA",
        "note:seamark": "Electronic Navigation Charts track the diffferent parts of seamarks (light, fog_signal, buoy, etc.) in separate files, that are updated seperately. Individual sources are needed to track updates sanely.",
        "seamark:buoy_safe_water:colour": "red;white",
        "seamark:buoy_safe_water:colour_pattern": "vertical",
        "seamark:buoy_safe_water:ref": "US011426217704515",
        "seamark:buoy_safe_water:shape": "pillar",
        "seamark:buoy_safe_water:source": "US,US,graph,Chart 13394",
        "seamark:buoy_safe_water:source_date": "200207",
        "seamark:buoy_safe_water:status": "permanent",
        "seamark:fog_signal:category": "bell",
        "seamark:fog_signal:ref": "US011426190104515",
        "seamark:fog_signal:source": "US,US,graph,Chart 13394",
        "seamark:fog_signal_source_date": "200207",
        "seamark:light:character": "Mo",
        "seamark:light:colour": "white",
        "seamark:light:exhibition": "night",
        "seamark:light:group": "A",
        "seamark:light:period": "6.0",
        "seamark:light:ref": "US011426190204515",
        "seamark:light:sequence": "0.3+(0.6)+1.0+(4.1)",
        "seamark:light:source": "US,US,graph,Chart 13394",
        "seamark:light:source_date": "200207",
        "seamark:name": "RW \"KA\"",
        "seamark:type": "buoy_safe_water",
        "source:position": "Bing",
        "source:seamark": "NOAA Electronic Navigation Chart US5ME55M (Harbour)",
        "source:seamark:date": "2023-10-23"
      },
      "geometry": {
        "type": "Point",
        "coordinates": [
          -66.8084848,
          45.0191973
        ]
      },
      "id": "node/11277916679"
    },
    {
      "type": "Feature",
      "properties": {
        "@id": "node/11277916680",
        "name": "Bliss Island Fairway Light and Bell Buoy S",
        "note:seamark": "Electronic Navigation Charts track the diffferent parts of seamarks (light, fog_signal, buoy, etc.) in separate files, that are updated seperately. Individual sources are needed to track updates sanely.",
        "seamark:buoy_safe_water:colour": "red;white",
        "seamark:buoy_safe_water:colour_pattern": "vertical",
        "seamark:buoy_safe_water:ref": "US011426211504515",
        "seamark:buoy_safe_water:shape": "pillar",
        "seamark:buoy_safe_water:source": "US,US,graph,Chart 13394",
        "seamark:buoy_safe_water:source_date": "200207",
        "seamark:buoy_safe_water:status": "permanent",
        "seamark:fog_signal:category": "bell",
        "seamark:fog_signal:ref": "US011426188204515",
        "seamark:fog_signal:source": "US,US,graph,Chart 13394",
        "seamark:fog_signal_source_date": "200207",
        "seamark:light:character": "Mo",
        "seamark:light:colour": "white",
        "seamark:light:exhibition": "night",
        "seamark:light:group": "A",
        "seamark:light:period": "6.0",
        "seamark:light:ref": "US011426188404515",
        "seamark:light:sequence": "0.3+(0.6)+1.0+(4.1)",
        "seamark:light:source": "US,US,graph,Chart 13394",
        "seamark:light:source_date": "200207",
        "seamark:name": "RW \"S\"",
        "seamark:type": "buoy_safe_water",
        "source:position": "Bing",
        "source:seamark": "NOAA Electronic Navigation Chart US5ME55M (Harbour)",
        "source:seamark:date": "2023-10-23"
      },
      "geometry": {
        "type": "Point",
        "coordinates": [
          -66.8537953,
          45.0067432
        ]
      },
      "id": "node/11277916680"
    },
    {
      "type": "Feature",
      "properties": {
        "@id": "node/11282452877",
        "name": "Portland Lighted Whistle Buoy P",
        "seamark:buoy_safe_water:colour": "red;white",
        "seamark:buoy_safe_water:colour_pattern": "vertical",
        "seamark:buoy_safe_water:information": "Automatic identification system (AIS) aid to navigation: MMSI 993672144(21)",
        "seamark:buoy_safe_water:shape": "pillar",
        "seamark:fog_signal:category": "whistle",
        "seamark:light:character": "Mo",
        "seamark:light:colour": "white",
        "seamark:light:exhibition": "night",
        "seamark:light:group": "A",
        "seamark:light:period": "8.0",
        "seamark:light:reference": "US039487325704430",
        "seamark:light:sequence": "0.4+(0.6)+2.0+(5.0)",
        "seamark:name": "RW \"P\"",
        "seamark:radar_transponder:category": "racon",
        "seamark:radar_transponder:group": "M",
        "seamark:radar_transponder:wavelength": "0.03-X",
        "seamark:radio_station:category": "ais",
        "seamark:radio_station:mmsi": "993672144(21)",
        "seamark:status": "permanent",
        "seamark:topmark:colour": "red",
        "seamark:topmark:shape": "sphere",
        "seamark:type": "buoy_safe_water",
        "source": "NOAA Electronic Navigation Chart US5ME12M",
        "source:position": "USCG List of Lights, vol. 1 (2023, corr. through week 42)"
      },
      "geometry": {
        "type": "Point",
        "coordinates": [
          -70.0911594,
          43.5267631
        ]
      },
      "id": "node/11282452877"
    },
    {
      "type": "Feature",
      "properties": {
        "@id": "node/11282733526",
        "name": "Perkins Cove Lighted Bell Buoy PC",
        "note": "NOAA/USCG surveyed location. Is visible on Bing, imagery is offset by about 188 feet.",
        "seamark:buoy_safe_water:colour": "red;white",
        "seamark:buoy_safe_water:colour_pattern": "vertical",
        "seamark:buoy_safe_water:ref": "US000591503504535",
        "seamark:buoy_safe_water:shape": "pillar",
        "seamark:fog_signal:category": "bell",
        "seamark:fog_signal:ref": "US000591964304535",
        "seamark:light:character": "Mo",
        "seamark:light:colour": "white",
        "seamark:light:exhibition": "night",
        "seamark:light:group": "A",
        "seamark:light:period": "8.0",
        "seamark:light:ref": "US000592059704535",
        "seamark:light:sequence": "0.4+(0.6)+2.0+(5.0)",
        "seamark:name": "RW \"PC\"",
        "seamark:status": "permanent",
        "seamark:topmark:colour": "red",
        "seamark:topmark:ref": "US000592277304535",
        "seamark:topmark:shape": "sphere",
        "seamark:type": "buoy_safe_water",
        "source": "NOAA Electronic Navigation Chart US5ME1BE",
        "source:position": "USCG List of Lights, vol. 1 (2023, corr. through week 42)"
      },
      "geometry": {
        "type": "Point",
        "coordinates": [
          -70.5692422,
          43.2407578
        ]
      },
      "id": "node/11282733526"
    },
    {
      "type": "Feature",
      "properties": {
        "@id": "node/11289892878",
        "name": "Narraguagus Bay Buoy NB",
        "nat_ref": "LLNR 1655",
        "note:seamark": "Electronic Navigation Charts track the diffferent parts of seamarks (light, fog_signal, buoy, etc.) in separate files, that are updated seperately. Individual sources are needed to track updates sanely.",
        "seamark:buoy_safe_water:colour": "red;white",
        "seamark:buoy_safe_water:colour_pattern": "vertical",
        "seamark:buoy_safe_water:ref": "US000015343700001",
        "seamark:buoy_safe_water:shape": "spherical",
        "seamark:buoy_safe_water:source": "US,US,reprt,1stCGD,LNM 09/13",
        "seamark:buoy_safe_water:source_date": "20130226",
        "seamark:buoy_safe_water:status": "permanent",
        "seamark:name": "RW \"NB\"",
        "seamark:type": "buoy_safe_water",
        "source:position": "NOAA Electronic Navigation Chart US4ME50M (Approach)",
        "source:position:date": "2023-10-23",
        "source:seamark": "NOAA Electronic Navigation Chart US4ME50M (Approach)",
        "source:seamark:date": "2023-10-23"
      },
      "geometry": {
        "type": "Point",
        "coordinates": [
          -67.8400275,
          44.5018144
        ]
      },
      "id": "node/11289892878"
    },
    {
      "type": "Feature",
      "properties": {
        "@id": "node/11289892879",
        "name": "Nash Island Lighted Whistle Buoy NI",
        "nat_ref": "LLNR 1510",
        "note:seamark": "Electronic Navigation Charts track the diffferent parts of seamarks (light, fog_signal, buoy, etc.) in separate files, that are updated seperately. Individual sources are needed to track updates sanely.",
        "seamark:buoy_safe_water:colour": "red;white",
        "seamark:buoy_safe_water:colour_pattern": "vertical",
        "seamark:buoy_safe_water:ref": "US000015350400001",
        "seamark:buoy_safe_water:shape": "pillar",
        "seamark:buoy_safe_water:source": "US,US,reprt,1stCGD,LNM 23/07",
        "seamark:buoy_safe_water:source_date": "20070605",
        "seamark:buoy_safe_water:status": "permanent",
        "seamark:fog_signal:category": "whistle",
        "seamark:fog_signal:ref": "US000015344200001",
        "seamark:fog_signal:source": "US,US,reprt,1stCGD,LNM 23/07",
        "seamark:fog_signal:source_date": "20031101",
        "seamark:light:character": "Mo",
        "seamark:light:colour": "white",
        "seamark:light:exhibition": "night",
        "seamark:light:group": "A",
        "seamark:light:period": "8.0",
        "seamark:light:ref": "US000015344000001",
        "seamark:light:sequence": "0.4+(0.6)+2.0+(5.0)",
        "seamark:light:source": "US,US,reprt,1stCGD,LNM 23/07",
        "seamark:light:source_date": "20031101",
        "seamark:name": "RW \"NI\"",
        "seamark:topmark:colour": "red",
        "seamark:topmark:ref": "US000015344100001",
        "seamark:topmark:shape": "sphere",
        "seamark:topmark:source": "US,US,reprt,1stCGD,LNM 23/07",
        "seamark:topmark:source_date": "20031101",
        "seamark:type": "buoy_safe_water",
        "source:position": "NOAA Electronic Navigation Chart US4ME50M (Approach)",
        "source:position:date": "2023-10-23",
        "source:seamark": "NOAA Electronic Navigation Chart US4ME50M (Approach)",
        "source:seamark:date": "2023-10-23"
      },
      "geometry": {
        "type": "Point",
        "coordinates": [
          -67.7579608,
          44.4643734
        ]
      },
      "id": "node/11289892879"
    },
    {
      "type": "Feature",
      "properties": {
        "@id": "node/11289892880",
        "name": "Little River Entrance Bell Buoy LR",
        "nat_ref": "LLNR 1080",
        "note:seamark": "Electronic Navigation Charts track the diffferent parts of seamarks (light, fog_signal, buoy, etc.) in separate files, that are updated seperately. Individual sources are needed to track updates sanely.",
        "seamark:buoy_safe_water:colour": "red;white",
        "seamark:buoy_safe_water:colour_pattern": "vertical",
        "seamark:buoy_safe_water:ref": "US000405289304514",
        "seamark:buoy_safe_water:shape": "pillar",
        "seamark:buoy_safe_water:source": "US,US,graph,Chart 13392",
        "seamark:buoy_safe_water:source_date": "19960504",
        "seamark:buoy_safe_water:status": "permanent",
        "seamark:fog_signal:category": "bell",
        "seamark:fog_signal:ref": "US000405277604514",
        "seamark:fog_signal:source": "US,US,graph,Chart 13392",
        "seamark:fog_signal:source_date": "19960504",
        "seamark:name": "RW \"LR\"",
        "seamark:topmark:colour": "red",
        "seamark:topmark:ref": "US000405277704514",
        "seamark:topmark:shape": "sphere",
        "seamark:topmark:source": "US,US,reprt,1stCGD,LNM 38/07",
        "seamark:topmark:source_date": "20070918",
        "seamark:type": "buoy_safe_water",
        "source:position": "Bing",
        "source:seamark": "NOAA Electronic Navigation Chart US4ME50M (Approach)",
        "source:seamark:date": "2023-10-23"
      },
      "geometry": {
        "type": "Point",
        "coordinates": [
          -67.1814836,
          44.6529942
        ]
      },
      "id": "node/11289892880"
    },
    {
      "type": "Feature",
      "properties": {
        "@id": "node/11289892881",
        "name": "West Quoddy Head Bell Buoy WQ",
        "nat_ref": "LLNR 840",
        "note:seamark": "Electronic Navigation Charts track the diffferent parts of seamarks (light, fog_signal, buoy, etc.) in separate files, that are updated seperately. Individual sources are needed to track updates sanely.",
        "seamark:buoy_safe_water:colour": "red;white",
        "seamark:buoy_safe_water:colour_pattern": "vertical",
        "seamark:buoy_safe_water:ref": "US000087052100001",
        "seamark:buoy_safe_water:shape": "pillar",
        "seamark:buoy_safe_water:source": "US,US,graph,Chart 13396",
        "seamark:buoy_safe_water:source_date": "20011208",
        "seamark:buoy_safe_water:status": "permanent",
        "seamark:fog_signal:category": "bell",
        "seamark:fog_signal:period": "0.0",
        "seamark:fog_signal:ref": "US000087040600001",
        "seamark:fog_signal:source": "US,US,graph,Chart 13396",
        "seamark:fog_signal:source_date": "20011208",
        "seamark:name": "RW \"WQ\"",
        "seamark:topmark:colour": "red",
        "seamark:topmark:ref": "US000087040900001",
        "seamark:topmark:shape": "sphere",
        "seamark:topmark:source": "US,US,graph,Chart 13396",
        "seamark:topmark:source_date": "20011208",
        "seamark:type": "buoy_safe_water",
        "source:position": "Bing",
        "source:position:date": "2023-10-23",
        "source:seamark": "NOAA Electronic Navigation Chart US5ME56M (Harbour)",
        "source:seamark:date": "2023-10-23"
      },
      "geometry": {
        "type": "Point",
        "coordinates": [
          -66.9447753,
          44.8235478
        ]
      },
      "id": "node/11289892881"
    },
    {
      "type": "Feature",
      "properties": {
        "@id": "node/11292770743",
        "seamark:buoy_lateral:system": "iala-a",
        "seamark:buoy_safe_water:colour": "red;white",
        "seamark:buoy_safe_water:colour_pattern": "vertical",
        "seamark:buoy_safe_water:shape": "pillar",
        "seamark:light:character": "LFl",
        "seamark:light:colour": "white",
        "seamark:light:period": "4",
        "seamark:name": "Courseulles",
        "seamark:topmark:colour": "red",
        "seamark:topmark:shape": "sphere",
        "seamark:type": "buoy_safe_water"
      },
      "geometry": {
        "type": "Point",
        "coordinates": [
          -0.4616816,
          49.3544596
        ]
      },
      "id": "node/11292770743"
    },
    {
      "type": "Feature",
      "properties": {
        "@id": "node/11410534927",
        "seamark:buoy_safe_water:colour": "red;white",
        "seamark:buoy_safe_water:colour_pattern": "vertical",
        "seamark:buoy_safe_water:shape": "pillar",
        "seamark:buoy_special_purpose:category": "mooring",
        "seamark:light:character": "Iso",
        "seamark:light:colour": "white",
        "seamark:light:period": "4",
        "seamark:topmark:colour": "red",
        "seamark:topmark:shape": "sphere",
        "seamark:type": "buoy_safe_water"
      },
      "geometry": {
        "type": "Point",
        "coordinates": [
          -0.0720202,
          49.4752562
        ]
      },
      "id": "node/11410534927"
    },
    {
      "type": "Feature",
      "properties": {
        "@id": "node/11417821535",
        "seamark:buoy_safe_water:colour": "red;white",
        "seamark:buoy_safe_water:colour_pattern": "vertical",
        "seamark:buoy_safe_water:shape": "pillar",
        "seamark:light:character": "Iso",
        "seamark:light:colour": "white",
        "seamark:name": "C-I",
        "seamark:topmark:colour": "red",
        "seamark:topmark:shape": "sphere",
        "seamark:type": "buoy_safe_water"
      },
      "geometry": {
        "type": "Point",
        "coordinates": [
          -1.1177588,
          49.4241837
        ]
      },
      "id": "node/11417821535"
    },
    {
      "type": "Feature",
      "properties": {
        "@id": "node/11510441048",
        "seamark:buoy_safe_water:colour": "red;white",
        "seamark:buoy_safe_water:colour_pattern": "vertical",
        "seamark:buoy_safe_water:shape": "pillar",
        "seamark:topmark:colour": "red",
        "seamark:topmark:shape": "sphere",
        "seamark:type": "buoy_safe_water"
      },
      "geometry": {
        "type": "Point",
        "coordinates": [
          8.1519046,
          55.994059
        ]
      },
      "id": "node/11510441048"
    },
    {
      "type": "Feature",
      "properties": {
        "@id": "node/11510441049",
        "seamark:buoy_safe_water:colour": "red;white",
        "seamark:buoy_safe_water:colour_pattern": "vertical",
        "seamark:buoy_safe_water:shape": "pillar",
        "seamark:topmark:colour": "red",
        "seamark:topmark:shape": "sphere",
        "seamark:type": "buoy_safe_water"
      },
      "geometry": {
        "type": "Point",
        "coordinates": [
          8.1474129,
          56.0121788
        ]
      },
      "id": "node/11510441049"
    },
    {
      "type": "Feature",
      "properties": {
        "@id": "node/11510441050",
        "seamark:buoy_safe_water:colour": "red;white",
        "seamark:buoy_safe_water:colour_pattern": "vertical",
        "seamark:buoy_safe_water:shape": "pillar",
        "seamark:topmark:colour": "red",
        "seamark:topmark:shape": "sphere",
        "seamark:type": "buoy_safe_water"
      },
      "geometry": {
        "type": "Point",
        "coordinates": [
          8.1370046,
          56.0559538
        ]
      },
      "id": "node/11510441050"
    },
    {
      "type": "Feature",
      "properties": {
        "@id": "node/11510481870",
        "seamark:buoy_safe_water:colour": "red;white",
        "seamark:buoy_safe_water:colour_pattern": "vertical",
        "seamark:buoy_safe_water:shape": "pillar",
        "seamark:topmark:colour": "red",
        "seamark:topmark:shape": "sphere",
        "seamark:type": "buoy_safe_water"
      },
      "geometry": {
        "type": "Point",
        "coordinates": [
          8.3335407,
          55.935982
        ]
      },
      "id": "node/11510481870"
    },
    {
      "type": "Feature",
      "properties": {
        "@id": "node/11510511613",
        "seamark:buoy_safe_water:colour": "red;white",
        "seamark:buoy_safe_water:colour_pattern": "vertical",
        "seamark:buoy_safe_water:shape": "pillar",
        "seamark:topmark:colour": "red",
        "seamark:topmark:shape": "sphere",
        "seamark:type": "buoy_safe_water"
      },
      "geometry": {
        "type": "Point",
        "coordinates": [
          8.3422483,
          55.900032
        ]
      },
      "id": "node/11510511613"
    },
    {
      "type": "Feature",
      "properties": {
        "@id": "node/11511176420",
        "seamark:buoy_safe_water:colour": "red;white",
        "seamark:buoy_safe_water:colour_pattern": "vertical",
        "seamark:buoy_safe_water:shape": "pillar",
        "seamark:topmark:colour": "red",
        "seamark:topmark:shape": "sphere",
        "seamark:type": "buoy_safe_water"
      },
      "geometry": {
        "type": "Point",
        "coordinates": [
          8.2255666,
          56.0783667
        ]
      },
      "id": "node/11511176420"
    },
    {
      "type": "Feature",
      "properties": {
        "@id": "node/11518849333",
        "seamark:buoy_safe_water:shape": "spherical",
        "seamark:type": "buoy_safe_water"
      },
      "geometry": {
        "type": "Point",
        "coordinates": [
          8.2185816,
          56.3616202
        ]
      },
      "id": "node/11518849333"
    },
    {
      "type": "Feature",
      "properties": {
        "@id": "node/11528527771",
        "seamark:buoy_safe_water:colour": "red;white",
        "seamark:buoy_safe_water:colour_pattern": "vertical",
        "seamark:buoy_safe_water:shape": "spar",
        "seamark:topmark:colour": "red",
        "seamark:topmark:shape": "sphere",
        "seamark:type": "buoy_safe_water"
      },
      "geometry": {
        "type": "Point",
        "coordinates": [
          8.3126778,
          55.8785569
        ]
      },
      "id": "node/11528527771"
    },
    {
      "type": "Feature",
      "properties": {
        "@id": "node/11528541182",
        "seamark:buoy_safe_water:colour": "red;white",
        "seamark:buoy_safe_water:colour_pattern": "vertical",
        "seamark:buoy_safe_water:shape": "spar",
        "seamark:topmark:colour": "red",
        "seamark:topmark:shape": "sphere",
        "seamark:type": "buoy_safe_water"
      },
      "geometry": {
        "type": "Point",
        "coordinates": [
          8.2742208,
          55.8581869
        ]
      },
      "id": "node/11528541182"
    },
    {
      "type": "Feature",
      "properties": {
        "@id": "node/11693624774",
        "seamark:buoy_safe_water:colour": "red;white",
        "seamark:buoy_safe_water:colour_pattern": "vertical",
        "seamark:buoy_safe_water:shape": "pillar",
        "seamark:topmark:colour": "red",
        "seamark:topmark:shape": "sphere",
        "seamark:type": "buoy_safe_water"
      },
      "geometry": {
        "type": "Point",
        "coordinates": [
          9.636697,
          57.0058191
        ]
      },
      "id": "node/11693624774"
    },
    {
      "type": "Feature",
      "properties": {
        "@id": "node/11693624775",
        "seamark:buoy_safe_water:colour": "red;white",
        "seamark:buoy_safe_water:colour_pattern": "vertical",
        "seamark:buoy_safe_water:shape": "pillar",
        "seamark:topmark:colour": "red",
        "seamark:topmark:shape": "sphere",
        "seamark:type": "buoy_safe_water"
      },
      "geometry": {
        "type": "Point",
        "coordinates": [
          9.6403357,
          57.0096298
        ]
      },
      "id": "node/11693624775"
    },
    {
      "type": "Feature",
      "properties": {
        "@id": "node/11693624776",
        "seamark:buoy_safe_water:colour": "red;white",
        "seamark:buoy_safe_water:colour_pattern": "vertical",
        "seamark:buoy_safe_water:shape": "pillar",
        "seamark:topmark:colour": "red",
        "seamark:topmark:shape": "sphere",
        "seamark:type": "buoy_safe_water"
      },
      "geometry": {
        "type": "Point",
        "coordinates": [
          9.6445192,
          57.0142997
        ]
      },
      "id": "node/11693624776"
    },
    {
      "type": "Feature",
      "properties": {
        "@id": "node/11693624777",
        "seamark:buoy_safe_water:colour": "red;white",
        "seamark:buoy_safe_water:colour_pattern": "vertical",
        "seamark:buoy_safe_water:shape": "pillar",
        "seamark:topmark:colour": "red",
        "seamark:topmark:shape": "sphere",
        "seamark:type": "buoy_safe_water"
      },
      "geometry": {
        "type": "Point",
        "coordinates": [
          9.6481797,
          57.0180133
        ]
      },
      "id": "node/11693624777"
    },
    {
      "type": "Feature",
      "properties": {
        "@id": "node/11693624778",
        "seamark:buoy_safe_water:colour": "red;white",
        "seamark:buoy_safe_water:colour_pattern": "vertical",
        "seamark:buoy_safe_water:shape": "pillar",
        "seamark:topmark:colour": "red",
        "seamark:topmark:shape": "sphere",
        "seamark:type": "buoy_safe_water"
      },
      "geometry": {
        "type": "Point",
        "coordinates": [
          9.6525857,
          57.0227367
        ]
      },
      "id": "node/11693624778"
    },
    {
      "type": "Feature",
      "properties": {
        "@id": "node/11693624779",
        "seamark:buoy_safe_water:colour": "red;white",
        "seamark:buoy_safe_water:colour_pattern": "vertical",
        "seamark:buoy_safe_water:shape": "pillar",
        "seamark:topmark:colour": "red",
        "seamark:topmark:shape": "sphere",
        "seamark:type": "buoy_safe_water"
      },
      "geometry": {
        "type": "Point",
        "coordinates": [
          9.6554113,
          57.026598
        ]
      },
      "id": "node/11693624779"
    },
    {
      "type": "Feature",
      "properties": {
        "@id": "node/11762982131",
        "seamark:buoy_safe_water:colour": "red;white",
        "seamark:buoy_safe_water:colour_pattern": "vertical",
        "seamark:buoy_safe_water:shape": "pillar",
        "seamark:light:character": "Iso",
        "seamark:light:colour": "white",
        "seamark:light:period": "4",
        "seamark:name": "Dongying Harbour No.0",
        "seamark:radar_transponder:category": "racon",
        "seamark:radar_transponder:group": "G",
        "seamark:topmark:colour": "red",
        "seamark:topmark:shape": "sphere",
        "seamark:type": "buoy_safe_water",
        "source": "China MSA Notice No. 321/2024"
      },
      "geometry": {
        "type": "Point",
        "coordinates": [
          119.2098611,
          38.2016111
        ]
      },
      "id": "node/11762982131"
    },
    {
      "type": "Feature",
      "properties": {
        "@id": "node/11799416778",
        "seamark:buoy_safe_water:colour": "red;white",
        "seamark:buoy_safe_water:colour_pattern": "vertical",
        "seamark:buoy_safe_water:shape": "pillar",
        "seamark:light:character": "LFl",
        "seamark:light:colour": "white",
        "seamark:topmark:colour": "red",
        "seamark:topmark:shape": "sphere",
        "seamark:type": "buoy_safe_water"
      },
      "geometry": {
        "type": "Point",
        "coordinates": [
          103.9999833,
          1.1986167
        ]
      },
      "id": "node/11799416778"
    },
    {
      "type": "Feature",
      "properties": {
        "@id": "node/11801413919",
        "seamark:buoy_lateral:system": "iala-a",
        "seamark:buoy_safe_water:colour": "red;white",
        "seamark:buoy_safe_water:colour_pattern": "vertical",
        "seamark:buoy_safe_water:shape": "pillar",
        "seamark:light:character": "Iso",
        "seamark:light:colour": "white",
        "seamark:light:period": "10",
        "seamark:name": "CO",
        "seamark:topmark:colour": "red",
        "seamark:topmark:shape": "sphere",
        "seamark:type": "buoy_safe_water"
      },
      "geometry": {
        "type": "Point",
        "coordinates": [
          -0.4519795,
          49.3508159
        ]
      },
      "id": "node/11801413919"
    },
    {
      "type": "Feature",
      "properties": {
        "@id": "node/11809851557",
        "seamark:buoy_safe_water:colour": "red;white",
        "seamark:buoy_safe_water:colour_pattern": "vertical",
        "seamark:buoy_safe_water:shape": "pillar",
        "seamark:light:character": "LFl",
        "seamark:light:colour": "white",
        "seamark:light:group": "1",
        "seamark:light:period": "10",
        "seamark:topmark:colour": "red",
        "seamark:topmark:shape": "sphere",
        "seamark:type": "buoy_safe_water"
      },
      "geometry": {
        "type": "Point",
        "coordinates": [
          101.25185,
          2.8382667
        ]
      },
      "id": "node/11809851557"
    },
    {
      "type": "Feature",
      "properties": {
        "@id": "node/11862399363",
        "seamark:buoy_safe_water:colour": "red;white",
        "seamark:buoy_safe_water:colour_pattern": "vertical",
        "seamark:buoy_safe_water:shape": "pillar",
        "seamark:light:character": "LFl",
        "seamark:light:colour": "white",
        "seamark:light:period": "10",
        "seamark:topmark:colour": "red",
        "seamark:topmark:shape": "sphere",
        "seamark:type": "buoy_safe_water"
      },
      "geometry": {
        "type": "Point",
        "coordinates": [
          10.3689279,
          56.23991
        ]
      },
      "id": "node/11862399363"
    },
    {
      "type": "Feature",
      "properties": {
        "@id": "node/11883755586",
        "seamark:buoy_safe_water:colour": "red;white",
        "seamark:buoy_safe_water:colour_pattern": "vertical",
        "seamark:buoy_safe_water:shape": "pillar",
        "seamark:light:character": "Mo",
        "seamark:light:colour": "white",
        "seamark:light:exhibition": "night",
        "seamark:light:period": "10",
        "seamark:light:range": "4",
        "seamark:name": "B (084)",
        "seamark:radar_reflector": "yes",
        "seamark:type": "buoy_safe_water"
      },
      "geometry": {
        "type": "Point",
        "coordinates": [
          23.9494833,
          57.10855
        ]
      },
      "id": "node/11883755586"
    },
    {
      "type": "Feature",
      "properties": {
        "@id": "node/11895500896",
        "seamark:buoy_safe_water:colour": "red;white",
        "seamark:buoy_safe_water:colour_pattern": "vertical",
        "seamark:buoy_safe_water:shape": "pillar",
        "seamark:light:character": "Mo",
        "seamark:light:colour": "white",
        "seamark:light:group": "A",
        "seamark:light:period": "10",
        "seamark:light:range": "5",
        "seamark:name": "A",
        "seamark:radar_reflector": "yes",
        "seamark:type": "buoy_safe_water"
      },
      "geometry": {
        "type": "Point",
        "coordinates": [
          20.8296167,
          56.5065
        ]
      },
      "id": "node/11895500896"
    },
    {
      "type": "Feature",
      "properties": {
        "@id": "node/11934736966",
        "seamark:buoy_safe_water:colour": "red;white",
        "seamark:buoy_safe_water:colour_pattern": "vertical",
        "seamark:buoy_safe_water:shape": "pillar",
        "seamark:light:character": "LFl",
        "seamark:light:colour": "yellow",
        "seamark:light:group": "1",
        "seamark:light:period": "6",
        "seamark:light:range": "4.5",
        "seamark:name": "Pionerskiy 1",
        "seamark:radar_reflector": "yes",
        "seamark:topmark:colour": "red",
        "seamark:topmark:shape": "sphere",
        "seamark:type": "buoy_safe_water"
      },
      "geometry": {
        "type": "Point",
        "coordinates": [
          20.2166667,
          54.9845833
        ]
      },
      "id": "node/11934736966"
    },
    {
      "type": "Feature",
      "properties": {
        "@id": "node/11934785082",
        "seamark:buoy_safe_water:colour": "red;white",
        "seamark:buoy_safe_water:colour_pattern": "vertical",
        "seamark:buoy_safe_water:shape": "pillar",
        "seamark:light:character": "Mo",
        "seamark:light:colour": "white",
        "seamark:light:group": "A",
        "seamark:light:period": "12",
        "seamark:light:range": "7",
        "seamark:radar_reflector": "yes",
        "seamark:topmark:colour": "red",
        "seamark:topmark:shape": "sphere",
        "seamark:type": "buoy_safe_water"
      },
      "geometry": {
        "type": "Point",
        "coordinates": [
          -5.4016833,
          36.1492333
        ]
      },
      "id": "node/11934785082"
    },
    {
      "type": "Feature",
      "properties": {
        "@id": "node/11980809669",
        "seamark:buoy_safe_water:colour": "red;white",
        "seamark:buoy_safe_water:colour_pattern": "vertical",
        "seamark:buoy_safe_water:shape": "pillar",
        "seamark:light:character": "Iso",
        "seamark:light:colour": "white",
        "seamark:light:period": "4",
        "seamark:name": "Sheyang Port",
        "seamark:radio_station:category": "ais",
        "seamark:topmark:colour": "red",
        "seamark:topmark:shape": "sphere",
        "seamark:type": "buoy_safe_water",
        "source": "China MSA Notice No. 588/2024"
      },
      "geometry": {
        "type": "Point",
        "coordinates": [
          120.6394167,
          33.8744167
        ]
      },
      "id": "node/11980809669"
    },
    {
      "type": "Feature",
      "properties": {
        "@id": "node/12030118833",
        "name": "Siuslaw River Approach Lighted Whistle Buoy S",
        "operator": "USCG",
        "ref": "9435",
        "seamark:buoy_safe_water:colour": "red;white;red;white",
        "seamark:buoy_safe_water:colour_pattern": "vertical",
        "seamark:fog_signal:category": "whistle",
        "seamark:light:character": "Mo",
        "seamark:light:colour": "white",
        "seamark:light:group": "A",
        "seamark:light:range": "4",
        "seamark:light:sequence": "0.5+(0.5)+1+(2)",
        "seamark:name": "Siuslaw River Approach Lighted Whistle Buoy S",
        "seamark:type": "buoy_safe_water"
      },
      "geometry": {
        "type": "Point",
        "coordinates": [
          -124.1611308,
          44.0189567
        ]
      },
      "id": "node/12030118833"
    },
    {
      "type": "Feature",
      "properties": {
        "@id": "node/12089280065",
        "seamark:buoy_safe_water:colour": "red;white",
        "seamark:buoy_safe_water:colour_pattern": "vertical",
        "seamark:buoy_safe_water:shape": "pillar",
        "seamark:light:character": "Mo",
        "seamark:light:colour": "white",
        "seamark:light:group": "A",
        "seamark:light:period": "15",
        "seamark:name": "Hamriyah",
        "seamark:topmark:colour": "red",
        "seamark:topmark:shape": "sphere",
        "seamark:type": "buoy_safe_water"
      },
      "geometry": {
        "type": "Point",
        "coordinates": [
          55.4336667,
          25.5365167
        ]
      },
      "id": "node/12089280065"
    },
    {
      "type": "Feature",
      "properties": {
        "@id": "node/12089280077",
        "seamark:buoy_safe_water:colour": "red;white",
        "seamark:buoy_safe_water:colour_pattern": "vertical",
        "seamark:buoy_safe_water:shape": "spherical",
        "seamark:light:character": "LFl",
        "seamark:light:colour": "white",
        "seamark:light:group": "1",
        "seamark:light:period": "10",
        "seamark:name": "Fairway",
        "seamark:type": "buoy_safe_water"
      },
      "geometry": {
        "type": "Point",
        "coordinates": [
          55.9342167,
          25.8416
        ]
      },
      "id": "node/12089280077"
    },
    {
      "type": "Feature",
      "properties": {
        "@id": "node/12090493064",
        "seamark:buoy_safe_water:colour": "red;white",
        "seamark:buoy_safe_water:colour_pattern": "vertical",
        "seamark:buoy_safe_water:shape": "pillar",
        "seamark:light:character": "Fl",
        "seamark:light:colour": "white",
        "seamark:light:group": "1",
        "seamark:light:period": "10",
        "seamark:name": "MDW 2",
        "seamark:topmark:colour": "red",
        "seamark:topmark:shape": "sphere",
        "seamark:type": "buoy_safe_water"
      },
      "geometry": {
        "type": "Point",
        "coordinates": [
          53.09145,
          25.3287667
        ]
      },
      "id": "node/12090493064"
    },
    {
      "type": "Feature",
      "properties": {
        "@id": "node/12092565425",
        "name": "Coos Bay Approach Lighted Whistle Buoy K",
        "ref": "8730",
        "seamark:buoy_safe_water:colour": "red;white;red;white",
        "seamark:buoy_safe_water:colour_pattern": "vertical",
        "seamark:buoy_safe_water:shape": "pillar",
        "seamark:fog_signal:category": "whistle",
        "seamark:light:character": "Mo",
        "seamark:light:colour": "white",
        "seamark:light:group": "A",
        "seamark:light:range": "4",
        "seamark:light:sequence": "0.5+(0.5)+1+(2)",
        "seamark:name": "Coos Bay Approach Lighted Whistle Buoy K",
        "seamark:radio_station:category": "ais",
        "seamark:radio_station:mmsi": "993692040",
        "seamark:type": "buoy_safe_water"
      },
      "geometry": {
        "type": "Point",
        "coordinates": [
          -124.3852125,
          43.3710294
        ]
      },
      "id": "node/12092565425"
    },
    {
      "type": "Feature",
      "properties": {
        "@id": "node/12098261965",
        "name": "Tillamook Bay Approach Lighted Whistle Buoy T",
        "ref": "9810",
        "seamark:buoy_safe_water:colour": "red;white",
        "seamark:buoy_safe_water:colour_pattern": "vertical",
        "seamark:buoy_safe_water:shape": "pillar",
        "seamark:fog_signal:category": "whistle",
        "seamark:fog_signal:generation": "wave",
        "seamark:light:character": "Mo",
        "seamark:light:colour": "white",
        "seamark:light:group": "A",
        "seamark:light:range": "4",
        "seamark:light:sequence": "0.5+(0.5)+1+(2)",
        "seamark:name": "Tillamook Bay Approach Lighted Whistle Buoy T",
        "seamark:type": "buoy_safe_water"
      },
      "geometry": {
        "type": "Point",
        "coordinates": [
          -123.9812092,
          45.5931592
        ]
      },
      "id": "node/12098261965"
    },
    {
      "type": "Feature",
      "properties": {
        "@id": "node/12098261966",
        "name": "Yaquina Bay Approach Lighted Whistle Buoy Y",
        "ref": "9575",
        "seamark:buoy_safe_water:colour": "red;white",
        "seamark:buoy_safe_water:colour_pattern": "vertical",
        "seamark:buoy_safe_water:shape": "pillar",
        "seamark:fog_signal:category": "whistle",
        "seamark:fog_signal:generation": "wave",
        "seamark:light:character": "Mo",
        "seamark:light:colour": "white",
        "seamark:light:group": "A",
        "seamark:light:range": "5",
        "seamark:light:sequence": "0.5+(0.5)+1+(2)",
        "seamark:name": "Yaquina Bay Approach Lighted Whistle Buoy Y",
        "seamark:radio_station:mmsi": "993696002",
        "seamark:type": "buoy_safe_water"
      },
      "geometry": {
        "type": "Point",
        "coordinates": [
          -124.1125128,
          44.5979283
        ]
      },
      "id": "node/12098261966"
    },
    {
      "type": "Feature",
      "properties": {
        "@id": "node/12098261967",
        "name": "Umpqua River Approach Lighted Whistle Buoy U",
        "ref": "9220",
        "seamark:buoy_safe_water:colour": "red;white",
        "seamark:buoy_safe_water:colour_pattern": "vertical",
        "seamark:buoy_safe_water:shape": "pillar",
        "seamark:fog_signal:category": "whistle",
        "seamark:fog_signal:generation": "wave",
        "seamark:light:character": "Mo",
        "seamark:light:colour": "white",
        "seamark:light:group": "A",
        "seamark:light:range": "4",
        "seamark:light:sequence": "0.5+(0.5)+1+(2)",
        "seamark:name": "Umpqua River Approach Lighted Whistle Buoy U",
        "seamark:type": "buoy_safe_water"
      },
      "geometry": {
        "type": "Point",
        "coordinates": [
          -124.2404122,
          43.6661756
        ]
      },
      "id": "node/12098261967"
    },
    {
      "type": "Feature",
      "properties": {
        "@id": "node/12098261968",
        "name": "Chetco River Approach Lighted Whistle Buoy CR",
        "ref": "8595",
        "seamark:buoy_safe_water:colour": "red;white",
        "seamark:buoy_safe_water:colour_pattern": "vertical",
        "seamark:buoy_safe_water:shape": "pillar",
        "seamark:fog_signal:category": "whistle",
        "seamark:fog_signal:generation": "wave",
        "seamark:light:category": "fog_detector",
        "seamark:light:character": "Mo",
        "seamark:light:colour": "white",
        "seamark:light:group": "A",
        "seamark:light:range": "4",
        "seamark:name": "Chetco River Approach Lighted Whistle Buoy CR",
        "seamark:type": "buoy_safe_water"
      },
      "geometry": {
        "type": "Point",
        "coordinates": [
          -124.2838347,
          42.0278461
        ]
      },
      "id": "node/12098261968"
    },
    {
      "type": "Feature",
      "properties": {
        "@id": "node/12098261969",
        "name": "Rogue River Approach Lighted Whistle Buoy R",
        "ref": "8650",
        "seamark:buoy_safe_water:colour": "red;white",
        "seamark:buoy_safe_water:colour_pattern": "vertical",
        "seamark:buoy_safe_water:shape": "pillar",
        "seamark:fog_signal:category": "whistle",
        "seamark:fog_signal:generation": "wave",
        "seamark:light:character": "Mo",
        "seamark:light:colour": "white",
        "seamark:light:group": "A",
        "seamark:light:range": "4",
        "seamark:light:sequence": "0.5+(0.5)+1+(2)",
        "seamark:name": "Rogue River Approach Lighted Whistle Buoy R",
        "seamark:radio_station:mmsi": "993692038",
        "seamark:type": "buoy_safe_water"
      },
      "geometry": {
        "type": "Point",
        "coordinates": [
          -124.4765169,
          42.3937664
        ]
      },
      "id": "node/12098261969"
    },
    {
      "type": "Feature",
      "properties": {
        "@id": "node/12099856512",
        "name": "Quillayute River Approach Lighted Whistle Buoy Q",
        "note": "No topmark will be shown on this aid as required by IALA standards due to weather.",
        "ref": "740",
        "seamark:buoy_safe_water:colour": "red;white",
        "seamark:buoy_safe_water:colour_pattern": "vertical",
        "seamark:buoy_safe_water:shape": "pillar",
        "seamark:fog_signal:category": "whistle",
        "seamark:fog_signal:generation": "wave",
        "seamark:light:character": "Mo",
        "seamark:light:colour": "white",
        "seamark:light:group": "A",
        "seamark:light:range": "4",
        "seamark:light:sequence": "0.5+(0.5)+1+(2)",
        "seamark:name": "Quillayute River Approach Lighted Whistle Buoy Q",
        "seamark:type": "buoy_safe_water"
      },
      "geometry": {
        "type": "Point",
        "coordinates": [
          -124.6658792,
          47.8901147
        ]
      },
      "id": "node/12099856512"
    },
    {
      "type": "Feature",
      "properties": {
        "@id": "node/12099856513",
        "name": "Grays Harbor Approach Lighted Whistle Buoy GH",
        "ref": "725",
        "seamark:buoy_safe_water:colour": "red;white",
        "seamark:buoy_safe_water:colour_pattern": "vertical",
        "seamark:buoy_safe_water:shape": "pillar",
        "seamark:fog_signal:category": "whistle",
        "seamark:fog_signal:generation": "wave",
        "seamark:light:character": "Mo",
        "seamark:light:colour": "white",
        "seamark:light:group": "A",
        "seamark:light:range": "5",
        "seamark:light:sequence": "0.5+(0.5)+1+(2)",
        "seamark:name": "Grays Harbor Approach Lighted Whistle Buoy GH",
        "seamark:radar_transponder:group": "G",
        "seamark:radio_station:mmsi": "993692033",
        "seamark:type": "buoy_safe_water"
      },
      "geometry": {
        "type": "Point",
        "coordinates": [
          -124.2404544,
          46.8652222
        ]
      },
      "id": "node/12099856513"
    },
    {
      "type": "Feature",
      "properties": {
        "@id": "node/12204930151",
        "seamark:buoy_safe_water:colour": "red;white",
        "seamark:buoy_safe_water:colour_pattern": "vertical",
        "seamark:buoy_safe_water:shape": "pillar",
        "seamark:light:character": "Iso",
        "seamark:light:colour": "white",
        "seamark:light:period": "4",
        "seamark:lnam": "00B442FBC1D3DA01",
        "seamark:name": "IH1",
        "seamark:topmark:colour": "red",
        "seamark:topmark:shape": "sphere",
        "seamark:type": "buoy_safe_water"
      },
      "geometry": {
        "type": "Point",
        "coordinates": [
          12.560975,
          54.46254
        ]
      },
      "id": "node/12204930151"
    },
    {
      "type": "Feature",
      "properties": {
        "@id": "node/12246352486",
        "disused": "yes",
        "seamark:beacon_safe_water:shape": "spherical",
        "seamark:buoy_safe_water:colour": "red;white",
        "seamark:buoy_safe_water:colour_pattern": "vertical",
        "seamark:type": "buoy_safe_water"
      },
      "geometry": {
        "type": "Point",
        "coordinates": [
          5.1030914,
          52.0585693
        ]
      },
      "id": "node/12246352486"
    },
    {
      "type": "Feature",
      "properties": {
        "@id": "node/12462015904",
        "seamark:buoy_safe_water:colour": "red;white",
        "seamark:buoy_safe_water:colour_pattern": "vertical",
        "seamark:buoy_safe_water:shape": "pillar",
        "seamark:light:character": "LFl",
        "seamark:light:colour": "white",
        "seamark:light:period": "10",
        "seamark:name": "Lingang",
        "seamark:radio_station:category": "ais",
        "seamark:radio_station:mmsi": "999412225",
        "seamark:topmark:colour": "red",
        "seamark:topmark:shape": "sphere",
        "seamark:type": "buoy_safe_water",
        "source": "China MSA Notice No. 1334/2024"
      },
      "geometry": {
        "type": "Point",
        "coordinates": [
          121.8750556,
          30.6308889
        ]
      },
      "id": "node/12462015904"
    },
    {
      "type": "Feature",
      "properties": {
        "@id": "node/12472118383",
        "seamark:buoy_safe_water:colour": "red;white",
        "seamark:buoy_safe_water:colour_pattern": "vertical",
        "seamark:buoy_safe_water:shape": "pillar",
        "seamark:light:character": "LFl",
        "seamark:light:colour": "white",
        "seamark:light:group": "1",
        "seamark:light:period": "6",
        "seamark:light:range": "3",
        "seamark:type": "buoy_safe_water"
      },
      "geometry": {
        "type": "Point",
        "coordinates": [
          28.3522333,
          60.0471833
        ]
      },
      "id": "node/12472118383"
    },
    {
      "type": "Feature",
      "properties": {
        "@id": "node/12472156503",
        "seamark:buoy_safe_water:colour": "red;white",
        "seamark:buoy_safe_water:colour_pattern": "vertical",
        "seamark:buoy_safe_water:shape": "pillar",
        "seamark:light:character": "LFl",
        "seamark:light:colour": "white",
        "seamark:light:group": "1",
        "seamark:light:period": "6",
        "seamark:light:range": "3",
        "seamark:name": "10",
        "seamark:radar_reflector": "yes",
        "seamark:type": "buoy_safe_water"
      },
      "geometry": {
        "type": "Point",
        "coordinates": [
          28.7601833,
          60.0411833
        ]
      },
      "id": "node/12472156503"
    },
    {
      "type": "Feature",
      "properties": {
        "@id": "node/12472156507",
        "seamark:buoy_safe_water:colour": "red;white",
        "seamark:buoy_safe_water:colour_pattern": "vertical",
        "seamark:buoy_safe_water:shape": "pillar",
        "seamark:light:character": "LFl",
        "seamark:light:colour": "white",
        "seamark:light:group": "1",
        "seamark:light:period": "6",
        "seamark:light:range": "3",
        "seamark:name": "8",
        "seamark:radar_reflector": "yes",
        "seamark:type": "buoy_safe_water"
      },
      "geometry": {
        "type": "Point",
        "coordinates": [
          28.5295833,
          60.0457833
        ]
      },
      "id": "node/12472156507"
    },
    {
      "type": "Feature",
      "properties": {
        "@id": "node/12472156512",
        "seamark:buoy_safe_water:colour": "red;white",
        "seamark:buoy_safe_water:colour_pattern": "vertical",
        "seamark:buoy_safe_water:shape": "pillar",
        "seamark:light:character": "LFl",
        "seamark:light:colour": "white",
        "seamark:light:group": "1",
        "seamark:light:period": "6",
        "seamark:light:range": "3",
        "seamark:name": "6",
        "seamark:radar_reflector": "yes",
        "seamark:type": "buoy_safe_water"
      },
      "geometry": {
        "type": "Point",
        "coordinates": [
          28.2660167,
          60.12815
        ]
      },
      "id": "node/12472156512"
    },
    {
      "type": "Feature",
      "properties": {
        "@id": "node/12472156520",
        "seamark:buoy_safe_water:colour": "red;white",
        "seamark:buoy_safe_water:colour_pattern": "vertical",
        "seamark:buoy_safe_water:shape": "pillar",
        "seamark:light:character": "LFl",
        "seamark:light:colour": "white",
        "seamark:light:group": "1",
        "seamark:light:period": "6",
        "seamark:light:range": "3",
        "seamark:name": "7",
        "seamark:radar_reflector": "yes",
        "seamark:type": "buoy_safe_water"
      },
      "geometry": {
        "type": "Point",
        "coordinates": [
          28.3533167,
          60.0894
        ]
      },
      "id": "node/12472156520"
    },
    {
      "type": "Feature",
      "properties": {
        "@id": "node/12472156521",
        "seamark:buoy_safe_water:colour": "red;white",
        "seamark:buoy_safe_water:colour_pattern": "vertical",
        "seamark:buoy_safe_water:shape": "pillar",
        "seamark:light:character": "LFl",
        "seamark:light:colour": "white",
        "seamark:light:group": "1",
        "seamark:light:period": "6",
        "seamark:light:range": "3",
        "seamark:name": "2",
        "seamark:type": "buoy_safe_water"
      },
      "geometry": {
        "type": "Point",
        "coordinates": [
          28.15945,
          59.9299667
        ]
      },
      "id": "node/12472156521"
    },
    {
      "type": "Feature",
      "properties": {
        "@id": "node/12472156523",
        "seamark:buoy_safe_water:colour": "red;white",
        "seamark:buoy_safe_water:colour_pattern": "vertical",
        "seamark:buoy_safe_water:shape": "pillar",
        "seamark:light:character": "LFl",
        "seamark:light:colour": "white",
        "seamark:light:group": "1",
        "seamark:light:period": "6",
        "seamark:light:range": "5",
        "seamark:name": "5",
        "seamark:radar_reflector": "yes",
        "seamark:type": "buoy_safe_water"
      },
      "geometry": {
        "type": "Point",
        "coordinates": [
          28.08345,
          60.15165
        ]
      },
      "id": "node/12472156523"
    },
    {
      "type": "Feature",
      "properties": {
        "@id": "node/12473440524",
        "seamark:buoy_safe_water:colour": "red;white",
        "seamark:buoy_safe_water:colour_pattern": "vertical",
        "seamark:buoy_safe_water:shape": "pillar",
        "seamark:light:character": "LFl",
        "seamark:light:colour": "white",
        "seamark:light:group": "1",
        "seamark:light:period": "6",
        "seamark:light:range": "3",
        "seamark:name": "8",
        "seamark:radar_reflector": "yes",
        "seamark:type": "buoy_safe_water"
      },
      "geometry": {
        "type": "Point",
        "coordinates": [
          29.7411833,
          60.0863167
        ]
      },
      "id": "node/12473440524"
    },
    {
      "type": "Feature",
      "properties": {
        "@id": "node/12473440525",
        "seamark:buoy_safe_water:colour": "red;white",
        "seamark:buoy_safe_water:colour_pattern": "vertical",
        "seamark:buoy_safe_water:shape": "pillar",
        "seamark:light:character": "LFl",
        "seamark:light:colour": "white",
        "seamark:light:group": "1",
        "seamark:light:period": "6",
        "seamark:light:range": "3",
        "seamark:name": "7",
        "seamark:radar_reflector": "yes",
        "seamark:type": "buoy_safe_water"
      },
      "geometry": {
        "type": "Point",
        "coordinates": [
          29.6879167,
          60.0863667
        ]
      },
      "id": "node/12473440525"
    },
    {
      "type": "Feature",
      "properties": {
        "@id": "node/12473440526",
        "seamark:buoy_safe_water:colour": "red;white",
        "seamark:buoy_safe_water:colour_pattern": "vertical",
        "seamark:buoy_safe_water:shape": "pillar",
        "seamark:light:character": "LFl",
        "seamark:light:colour": "white",
        "seamark:light:group": "1",
        "seamark:light:period": "6",
        "seamark:light:range": "3",
        "seamark:name": "6",
        "seamark:radar_reflector": "yes",
        "seamark:type": "buoy_safe_water"
      },
      "geometry": {
        "type": "Point",
        "coordinates": [
          29.6354167,
          60.0863667
        ]
      },
      "id": "node/12473440526"
    },
    {
      "type": "Feature",
      "properties": {
        "@id": "node/12473440527",
        "seamark:buoy_safe_water:colour": "red;white",
        "seamark:buoy_safe_water:colour_pattern": "vertical",
        "seamark:buoy_safe_water:shape": "pillar",
        "seamark:light:character": "LFl",
        "seamark:light:colour": "white",
        "seamark:light:group": "1",
        "seamark:light:period": "6",
        "seamark:light:range": "3",
        "seamark:name": "5",
        "seamark:radar_reflector": "yes",
        "seamark:type": "buoy_safe_water"
      },
      "geometry": {
        "type": "Point",
        "coordinates": [
          29.5823333,
          60.08635
        ]
      },
      "id": "node/12473440527"
    },
    {
      "type": "Feature",
      "properties": {
        "@id": "node/12473440528",
        "seamark:buoy_safe_water:colour": "red;white",
        "seamark:buoy_safe_water:colour_pattern": "vertical",
        "seamark:buoy_safe_water:shape": "pillar",
        "seamark:light:character": "LFl",
        "seamark:light:colour": "white",
        "seamark:light:group": "1",
        "seamark:light:period": "6",
        "seamark:light:range": "3",
        "seamark:name": "4",
        "seamark:radar_reflector": "yes",
        "seamark:type": "buoy_safe_water"
      },
      "geometry": {
        "type": "Point",
        "coordinates": [
          29.5283833,
          60.0863833
        ]
      },
      "id": "node/12473440528"
    },
    {
      "type": "Feature",
      "properties": {
        "@id": "node/12473440529",
        "seamark:buoy_safe_water:colour": "red;white",
        "seamark:buoy_safe_water:colour_pattern": "vertical",
        "seamark:buoy_safe_water:shape": "pillar",
        "seamark:light:character": "LFl",
        "seamark:light:colour": "white",
        "seamark:light:group": "1",
        "seamark:light:period": "6",
        "seamark:light:range": "3",
        "seamark:name": "3",
        "seamark:radar_reflector": "yes",
        "seamark:type": "buoy_safe_water"
      },
      "geometry": {
        "type": "Point",
        "coordinates": [
          29.4762333,
          60.0863333
        ]
      },
      "id": "node/12473440529"
    },
    {
      "type": "Feature",
      "properties": {
        "@id": "node/12473440530",
        "seamark:buoy_safe_water:colour": "red;white",
        "seamark:buoy_safe_water:colour_pattern": "vertical",
        "seamark:buoy_safe_water:shape": "pillar",
        "seamark:light:character": "LFl",
        "seamark:light:colour": "white",
        "seamark:light:group": "1",
        "seamark:light:period": "6",
        "seamark:light:range": "3",
        "seamark:name": "2",
        "seamark:radar_reflector": "yes",
        "seamark:type": "buoy_safe_water"
      },
      "geometry": {
        "type": "Point",
        "coordinates": [
          29.4262667,
          60.0663667
        ]
      },
      "id": "node/12473440530"
    },
    {
      "type": "Feature",
      "properties": {
        "@id": "node/12473440531",
        "seamark:buoy_safe_water:colour": "red;white",
        "seamark:buoy_safe_water:colour_pattern": "vertical",
        "seamark:buoy_safe_water:shape": "pillar",
        "seamark:light:character": "LFl",
        "seamark:light:colour": "white",
        "seamark:light:group": "1",
        "seamark:light:period": "6",
        "seamark:light:range": "3",
        "seamark:name": "1",
        "seamark:radar_reflector": "yes",
        "seamark:type": "buoy_safe_water"
      },
      "geometry": {
        "type": "Point",
        "coordinates": [
          29.3795833,
          60.0474333
        ]
      },
      "id": "node/12473440531"
    },
    {
      "type": "Feature",
      "properties": {
        "@id": "node/12473440532",
        "seamark:buoy_safe_water:colour": "red;white",
        "seamark:buoy_safe_water:colour_pattern": "vertical",
        "seamark:buoy_safe_water:shape": "pillar",
        "seamark:type": "buoy_safe_water"
      },
      "geometry": {
        "type": "Point",
        "coordinates": [
          29.3028,
          60.0175833
        ]
      },
      "id": "node/12473440532"
    },
    {
      "type": "Feature",
      "properties": {
        "@id": "node/12473440533",
        "seamark:buoy_safe_water:colour": "red;white",
        "seamark:buoy_safe_water:colour_pattern": "vertical",
        "seamark:buoy_safe_water:shape": "pillar",
        "seamark:type": "buoy_safe_water"
      },
      "geometry": {
        "type": "Point",
        "coordinates": [
          29.2864833,
          60.0175167
        ]
      },
      "id": "node/12473440533"
    },
    {
      "type": "Feature",
      "properties": {
        "@id": "node/12473440534",
        "seamark:buoy_safe_water:colour": "red;white",
        "seamark:buoy_safe_water:colour_pattern": "vertical",
        "seamark:buoy_safe_water:shape": "pillar",
        "seamark:type": "buoy_safe_water"
      },
      "geometry": {
        "type": "Point",
        "coordinates": [
          29.2693833,
          60.0174667
        ]
      },
      "id": "node/12473440534"
    },
    {
      "type": "Feature",
      "properties": {
        "@id": "node/12473440535",
        "seamark:buoy_safe_water:colour": "red;white",
        "seamark:buoy_safe_water:colour_pattern": "vertical",
        "seamark:buoy_safe_water:shape": "pillar",
        "seamark:type": "buoy_safe_water"
      },
      "geometry": {
        "type": "Point",
        "coordinates": [
          29.2529833,
          60.0175
        ]
      },
      "id": "node/12473440535"
    },
    {
      "type": "Feature",
      "properties": {
        "@id": "node/12473440536",
        "seamark:buoy_safe_water:colour": "red;white",
        "seamark:buoy_safe_water:colour_pattern": "vertical",
        "seamark:buoy_safe_water:shape": "pillar",
        "seamark:type": "buoy_safe_water"
      },
      "geometry": {
        "type": "Point",
        "coordinates": [
          29.2353833,
          60.0175833
        ]
      },
      "id": "node/12473440536"
    },
    {
      "type": "Feature",
      "properties": {
        "@id": "node/12473440537",
        "seamark:buoy_safe_water:colour": "red;white",
        "seamark:buoy_safe_water:colour_pattern": "vertical",
        "seamark:buoy_safe_water:shape": "pillar",
        "seamark:type": "buoy_safe_water"
      },
      "geometry": {
        "type": "Point",
        "coordinates": [
          29.2193667,
          60.01755
        ]
      },
      "id": "node/12473440537"
    },
    {
      "type": "Feature",
      "properties": {
        "@id": "node/12473440538",
        "seamark:buoy_safe_water:colour": "red;white",
        "seamark:buoy_safe_water:colour_pattern": "vertical",
        "seamark:buoy_safe_water:shape": "pillar",
        "seamark:type": "buoy_safe_water"
      },
      "geometry": {
        "type": "Point",
        "coordinates": [
          29.2033167,
          60.0175667
        ]
      },
      "id": "node/12473440538"
    },
    {
      "type": "Feature",
      "properties": {
        "@id": "node/12473440539",
        "seamark:buoy_safe_water:colour": "red;white",
        "seamark:buoy_safe_water:colour_pattern": "vertical",
        "seamark:buoy_safe_water:shape": "pillar",
        "seamark:light:character": "LFl",
        "seamark:light:colour": "white",
        "seamark:light:group": "1",
        "seamark:light:period": "6",
        "seamark:light:range": "3",
        "seamark:name": "12",
        "seamark:radar_reflector": "yes",
        "seamark:type": "buoy_safe_water"
      },
      "geometry": {
        "type": "Point",
        "coordinates": [
          29.0540833,
          60.0347167
        ]
      },
      "id": "node/12473440539"
    },
    {
      "type": "Feature",
      "properties": {
        "@id": "node/12473440540",
        "seamark:buoy_safe_water:colour": "red;white",
        "seamark:buoy_safe_water:colour_pattern": "vertical",
        "seamark:buoy_safe_water:shape": "pillar",
        "seamark:light:character": "LFl",
        "seamark:light:colour": "white",
        "seamark:light:group": "1",
        "seamark:light:period": "6",
        "seamark:light:range": "3",
        "seamark:name": "11",
        "seamark:radar_reflector": "yes",
        "seamark:type": "buoy_safe_water"
      },
      "geometry": {
        "type": "Point",
        "coordinates": [
          28.9073333,
          60.0378833
        ]
      },
      "id": "node/12473440540"
    },
    {
      "type": "Feature",
      "properties": {
        "@id": "node/12488276403",
        "seamark:buoy_safe_water:shape": "spherical",
        "seamark:name": "No.1",
        "seamark:type": "buoy_safe_water",
        "source": "China MSA Notice No. 931/2012"
      },
      "geometry": {
        "type": "Point",
        "coordinates": [
          114.5667222,
          22.5781944
        ]
      },
      "id": "node/12488276403"
    },
    {
      "type": "Feature",
      "properties": {
        "@id": "node/12558383087",
        "seamark:buoy_safe_water:colour": "red;white",
        "seamark:buoy_safe_water:colour_pattern": "vertical",
        "seamark:buoy_safe_water:shape": "spherical",
        "seamark:light:character": "Iso",
        "seamark:light:colour": "white",
        "seamark:light:period": "4",
        "seamark:name": "Traffic Separation Route No.1",
        "seamark:radio_station:category": "ais",
        "seamark:radio_station:mmsi": "994131632",
        "seamark:type": "buoy_safe_water",
        "source": "China MSA Notice No. 746/2012"
      },
      "geometry": {
        "type": "Point",
        "coordinates": [
          113.8175,
          22.2324722
        ]
      },
      "id": "node/12558383087"
    },
    {
      "type": "Feature",
      "properties": {
        "@id": "node/12600652051",
        "seamark:buoy_safe_water:colour": "red;white",
        "seamark:buoy_safe_water:colour_pattern": "vertical",
        "seamark:buoy_safe_water:shape": "pillar",
        "seamark:light:character": "Iso",
        "seamark:light:colour": "white",
        "seamark:light:period": "4",
        "seamark:name": "Meizhou Bay No.26",
        "seamark:radio_station:category": "ais",
        "seamark:topmark:colour": "red",
        "seamark:topmark:shape": "sphere",
        "seamark:type": "buoy_safe_water",
        "source": "China MSA Notice No. 718/2019"
      },
      "geometry": {
        "type": "Point",
        "coordinates": [
          119.0008611,
          25.1343889
        ]
      },
      "id": "node/12600652051"
    },
    {
      "type": "Feature",
      "properties": {
        "@id": "node/12602238974",
        "seamark:buoy_safe_water:colour": "red;white",
        "seamark:buoy_safe_water:colour_pattern": "vertical",
        "seamark:buoy_safe_water:shape": "pillar",
        "seamark:name": "RW \"HB\" Mo (A) WHIS",
        "seamark:type": "buoy_safe_water"
      },
      "geometry": {
        "type": "Point",
        "coordinates": [
          -124.2704167,
          40.7733667
        ]
      },
      "id": "node/12602238974"
    },
    {
      "type": "Feature",
      "properties": {
        "@id": "node/12640355111",
        "seamark:buoy_safe_water:colour": "red;white",
        "seamark:buoy_safe_water:colour_pattern": "vertical",
        "seamark:buoy_safe_water:shape": "pillar",
        "seamark:light:character": "Mo",
        "seamark:light:colour": "white",
        "seamark:light:group": "A",
        "seamark:light:period": "10",
        "seamark:light:range": "5",
        "seamark:light:sequence": "01.0+(01.0)+03.0+(05.0)",
        "seamark:name": "4450 IRBE STRAIT safe water light buoy No '7'",
        "seamark:type": "buoy_safe_water"
      },
      "geometry": {
        "type": "Point",
        "coordinates": [
          21.7645,
          57.667
        ]
      },
      "id": "node/12640355111"
    },
    {
      "type": "Feature",
      "properties": {
        "@id": "node/12640355112",
        "seamark:buoy_safe_water:colour": "red;white",
        "seamark:buoy_safe_water:colour_pattern": "vertical",
        "seamark:buoy_safe_water:shape": "pillar",
        "seamark:light:character": "Mo",
        "seamark:light:colour": "white",
        "seamark:light:group": "A",
        "seamark:light:period": "10",
        "seamark:light:range": "5",
        "seamark:light:sequence": "01.0+(01.0)+03.0+(05.0)",
        "seamark:name": "4350 IRBE STRAIT safe water light buoy No '5'",
        "seamark:type": "buoy_safe_water"
      },
      "geometry": {
        "type": "Point",
        "coordinates": [
          21.548,
          57.6626667
        ]
      },
      "id": "node/12640355112"
    },
    {
      "type": "Feature",
      "properties": {
        "@id": "node/12643185237",
        "seamark:buoy_safe_water:colour": "red;white",
        "seamark:buoy_safe_water:colour_pattern": "vertical",
        "seamark:buoy_safe_water:shape": "pillar",
        "seamark:light:character": "Iso",
        "seamark:light:colour": "white",
        "seamark:light:period": "4",
        "seamark:name": "Guanhe Kou",
        "seamark:radar_transponder:category": "racon",
        "seamark:radar_transponder:group": "M",
        "seamark:radio_station:category": "ais",
        "seamark:radio_station:mmsi": "994122387",
        "seamark:topmark:colour": "red",
        "seamark:topmark:shape": "sphere",
        "seamark:type": "buoy_safe_water",
        "source": "China MSA Notice No. 860/2024"
      },
      "geometry": {
        "type": "Point",
        "coordinates": [
          119.9928889,
          34.6381944
        ]
      },
      "id": "node/12643185237"
    },
    {
      "type": "Feature",
      "properties": {
        "@id": "node/12670086403",
        "seamark:buoy_safe_water:colour": "red;white",
        "seamark:buoy_safe_water:colour_pattern": "vertical",
        "seamark:buoy_safe_water:shape": "pillar",
        "seamark:light:colour": "white",
        "seamark:topmark:colour": "red",
        "seamark:topmark:shape": "sphere Top SR.png",
        "seamark:type": "buoy_safe_water"
      },
      "geometry": {
        "type": "Point",
        "coordinates": [
          -75.5911354,
          10.3185117
        ]
      },
      "id": "node/12670086403"
    },
    {
      "type": "Feature",
      "properties": {
        "@id": "node/12731398285",
        "seamark:buoy_safe_water:colour": "red;white",
        "seamark:buoy_safe_water:colour_pattern": "vertical",
        "seamark:buoy_safe_water:shape": "spar",
        "seamark:type": "buoy_safe_water"
      },
      "geometry": {
        "type": "Point",
        "coordinates": [
          21.3318336,
          61.339782
        ]
      },
      "id": "node/12731398285"
    },
    {
      "type": "Feature",
      "properties": {
        "@id": "node/12731398286",
        "seamark:buoy_safe_water:colour": "red;white",
        "seamark:buoy_safe_water:colour_pattern": "vertical",
        "seamark:buoy_safe_water:shape": "spar",
        "seamark:type": "buoy_safe_water"
      },
      "geometry": {
        "type": "Point",
        "coordinates": [
          21.3198877,
          61.3238615
        ]
      },
      "id": "node/12731398286"
    },
    {
      "type": "Feature",
      "properties": {
        "@id": "node/12731464030",
        "seamark:buoy_safe_water:colour": "red;white",
        "seamark:buoy_safe_water:colour_pattern": "vertical",
        "seamark:buoy_safe_water:shape": "spar",
        "seamark:type": "buoy_safe_water"
      },
      "geometry": {
        "type": "Point",
        "coordinates": [
          21.3064438,
          61.3060297
        ]
      },
      "id": "node/12731464030"
    },
    {
      "type": "Feature",
      "properties": {
        "@id": "node/12734070176",
        "seamark:buoy_safe_water:colour": "red;white",
        "seamark:buoy_safe_water:colour_pattern": "vertical",
        "seamark:buoy_safe_water:shape": "spar",
        "seamark:type": "buoy_safe_water"
      },
      "geometry": {
        "type": "Point",
        "coordinates": [
          21.2608623,
          61.0594068
        ]
      },
      "id": "node/12734070176"
    },
    {
      "type": "Feature",
      "properties": {
        "@id": "node/12734070177",
        "seamark:buoy_safe_water:colour": "red;white",
        "seamark:buoy_safe_water:colour_pattern": "vertical",
        "seamark:buoy_safe_water:shape": "spar",
        "seamark:type": "buoy_safe_water"
      },
      "geometry": {
        "type": "Point",
        "coordinates": [
          21.2282896,
          61.1476259
        ]
      },
      "id": "node/12734070177"
    },
    {
      "type": "Feature",
      "properties": {
        "@id": "node/12734070178",
        "seamark:buoy_safe_water:colour": "red;white",
        "seamark:buoy_safe_water:colour_pattern": "vertical",
        "seamark:buoy_safe_water:shape": "spar",
        "seamark:type": "buoy_safe_water"
      },
      "geometry": {
        "type": "Point",
        "coordinates": [
          21.2278175,
          61.1662171
        ]
      },
      "id": "node/12734070178"
    },
    {
      "type": "Feature",
      "properties": {
        "@id": "node/12734070179",
        "seamark:buoy_safe_water:colour": "red;white",
        "seamark:buoy_safe_water:colour_pattern": "vertical",
        "seamark:buoy_safe_water:shape": "spar",
        "seamark:type": "buoy_safe_water"
      },
      "geometry": {
        "type": "Point",
        "coordinates": [
          21.3320338,
          61.339697
        ]
      },
      "id": "node/12734070179"
    },
    {
      "type": "Feature",
      "properties": {
        "@id": "node/12768975508",
        "seamark:buoy_safe_water:category": "east",
        "seamark:buoy_safe_water:colour": "black;yellow;black",
        "seamark:buoy_safe_water:colour_pattern": "horizontal",
        "seamark:buoy_safe_water:shape": "spar",
        "seamark:type": "buoy_safe_water"
      },
      "geometry": {
        "type": "Point",
        "coordinates": [
          22.6852207,
          63.7078947
        ]
      },
      "id": "node/12768975508"
    },
    {
      "type": "Feature",
      "properties": {
        "@id": "node/12768975545",
        "seamark:buoy_safe_water:category": "east",
        "seamark:buoy_safe_water:colour": "black;yellow;black",
        "seamark:buoy_safe_water:colour_pattern": "horizontal",
        "seamark:buoy_safe_water:shape": "spar",
        "seamark:type": "buoy_safe_water"
      },
      "geometry": {
        "type": "Point",
        "coordinates": [
          22.5666054,
          63.7344504
        ]
      },
      "id": "node/12768975545"
    },
    {
      "type": "Feature",
      "properties": {
        "@id": "node/12839132589",
        "name": "Port San Juan Lighted Whistle Buoy YK",
        "operator": "Canadian Coast Guard",
        "ref": "16175",
        "seamark:buoy_safe_water:colour": "red;white",
        "seamark:buoy_safe_water:colour_pattern": "vertical",
        "seamark:buoy_safe_water:shape": "pillar",
        "seamark:fog_signal:category": "whistle",
        "seamark:fog_signal:generation": "wave",
        "seamark:light:character": "Mo",
        "seamark:light:colour": "white",
        "seamark:light:exhibition": "night",
        "seamark:light:group": "A",
        "seamark:light:period": "8",
        "seamark:light:sequence": "00.4+(00.6)+02.0+(05.0)",
        "seamark:name": "Port San Juan Lighted Whistle Buoy YK",
        "seamark:type": "buoy_safe_water"
      },
      "geometry": {
        "type": "Point",
        "coordinates": [
          -124.4849903,
          48.5345039
        ]
      },
      "id": "node/12839132589"
    },
    {
      "type": "Feature",
      "properties": {
        "@id": "node/12841387030",
        "seamark:buoy_lateral:category": "port",
        "seamark:buoy_lateral:colour": "red",
        "seamark:buoy_lateral:shape": "spar",
        "seamark:buoy_lateral:system": "iala-a",
        "seamark:buoy_safe_water:colour": "red;white",
        "seamark:buoy_safe_water:colour_pattern": "vertical",
        "seamark:buoy_safe_water:shape": "spar",
        "seamark:light:character": "Iso",
        "seamark:light:colour": "white",
        "seamark:light:period": "6",
        "seamark:name": "BVK",
        "seamark:type": "buoy_safe_water"
      },
      "geometry": {
        "type": "Point",
        "coordinates": [
          5.2093842,
          52.4422032
        ]
      },
      "id": "node/12841387030"
    },
    {
      "type": "Feature",
      "properties": {
        "@id": "node/12841499541",
        "seamark:buoy_safe_water:colour": "red;white",
        "seamark:buoy_safe_water:colour_pattern": "vertical",
        "seamark:buoy_safe_water:shape": "spherical",
        "seamark:light:colour": "yellow",
        "seamark:type": "buoy_safe_water"
      },
      "geometry": {
        "type": "Point",
        "coordinates": [
          33.7215333,
          27.6122333
        ]
      },
      "id": "node/12841499541"
    },
    {
      "type": "Feature",
      "properties": {
        "@id": "node/12841499542",
        "seamark:buoy_safe_water:colour": "red;white",
        "seamark:buoy_safe_water:colour_pattern": "vertical",
        "seamark:buoy_safe_water:shape": "spherical",
        "seamark:light:colour": "yellow",
        "seamark:type": "buoy_safe_water"
      },
      "geometry": {
        "type": "Point",
        "coordinates": [
          33.7084,
          27.5865
        ]
      },
      "id": "node/12841499542"
    },
    {
      "type": "Feature",
      "properties": {
        "@id": "node/12926485997",
        "seamark:buoy_safe_water:colour": "red;white",
        "seamark:buoy_safe_water:colour_pattern": "vertical",
        "seamark:buoy_safe_water:shape": "pillar",
        "seamark:light:character": "Mo",
        "seamark:light:colour": "white",
        "seamark:light:group": "A",
        "seamark:light:period": "10",
        "seamark:type": "buoy_safe_water"
      },
      "geometry": {
        "type": "Point",
        "coordinates": [
          -2.4541704,
          50.5866002
        ]
      },
      "id": "node/12926485997"
    },
    {
      "type": "Feature",
      "properties": {
        "@id": "node/13075393476",
        "seamark:buoy_safe_water:colour": "red;white",
        "seamark:buoy_safe_water:colour_pattern": "vertical",
        "seamark:buoy_safe_water:shape": "spherical",
        "seamark:name": "A",
        "seamark:type": "buoy_safe_water"
      },
      "geometry": {
        "type": "Point",
        "coordinates": [
          -73.4843638,
          41.0410798
        ]
      },
      "id": "node/13075393476"
    },
    {
      "type": "Feature",
      "properties": {
        "@id": "node/13075393477",
        "seamark:buoy_safe_water:colour": "red;white",
        "seamark:buoy_safe_water:colour_pattern": "vertical",
        "seamark:buoy_safe_water:shape": "spherical",
        "seamark:name": "B",
        "seamark:type": "buoy_safe_water"
      },
      "geometry": {
        "type": "Point",
        "coordinates": [
          -73.4850499,
          41.0423986
        ]
      },
      "id": "node/13075393477"
    },
    {
      "type": "Feature",
      "properties": {
        "@id": "node/13075393478",
        "seamark:buoy_safe_water:colour": "red;white",
        "seamark:buoy_safe_water:colour_pattern": "vertical",
        "seamark:buoy_safe_water:shape": "spherical",
        "seamark:name": "C",
        "seamark:type": "buoy_safe_water"
      },
      "geometry": {
        "type": "Point",
        "coordinates": [
          -73.485495,
          41.0439818
        ]
      },
      "id": "node/13075393478"
    },
    {
      "type": "Feature",
      "properties": {
        "@id": "node/13075393479",
        "seamark:buoy_safe_water:colour": "red;white",
        "seamark:buoy_safe_water:colour_pattern": "vertical",
        "seamark:buoy_safe_water:shape": "spherical",
        "seamark:name": "D",
        "seamark:type": "buoy_safe_water"
      },
      "geometry": {
        "type": "Point",
        "coordinates": [
          -73.4847611,
          41.0456937
        ]
      },
      "id": "node/13075393479"
    },
    {
      "type": "Feature",
      "properties": {
        "@id": "node/13100960259",
        "description": "Fahrwassertonne rot-weiss",
        "information": "guidepost",
        "inscription": "Marinemuseum",
        "seamark:type": "buoy_safe_water",
        "tourism": "information",
        "wikimedia_commons": "File:Stralsund, Marinemuseum Eingang (2007-06-03).JPG"
      },
      "geometry": {
        "type": "Point",
        "coordinates": [
          13.1197451,
          54.3088566
        ]
      },
      "id": "node/13100960259"
    },
    {
      "type": "Feature",
      "properties": {
        "@id": "node/13256414842",
        "seamark:buoy_safe_water:colour": "red;white",
        "seamark:buoy_safe_water:colour_pattern": "vertical",
        "seamark:buoy_safe_water:shape": "pillar",
        "seamark:conspicuity": "conspicuous",
        "seamark:fog_signal:category": "whistle",
        "seamark:light:character": "Mo",
        "seamark:light:colour": "white",
        "seamark:light:group": "A",
        "seamark:light:period": "6",
        "seamark:light:sequence": "3+(3)",
        "seamark:name": "Whistle",
        "seamark:type": "buoy_safe_water"
      },
      "geometry": {
        "type": "Point",
        "coordinates": [
          -79.9083167,
          9.4367833
        ]
      },
      "id": "node/13256414842"
    },
    {
      "type": "Feature",
      "properties": {
        "@id": "node/13371860193",
        "seamark:buoy_safe_water:colour": "red;white",
        "seamark:buoy_safe_water:colour_pattern": "vertical",
        "seamark:buoy_safe_water:shape": "spherical",
        "seamark:light:character": "Mo",
        "seamark:light:colour": "white",
        "seamark:light:group": "A",
        "seamark:light:period": "6",
        "seamark:name": "Wailuo Shuidao N Entrance No.2",
        "seamark:radio_station:category": "ais",
        "seamark:type": "buoy_safe_water",
        "source": "China MSA Notice No. 1181/2025"
      },
      "geometry": {
        "type": "Point",
        "coordinates": [
          110.6005556,
          20.6458333
        ]
      },
      "id": "node/13371860193"
    },
    {
      "type": "Feature",
      "properties": {
        "@id": "node/13371860194",
        "seamark:buoy_safe_water:colour": "red;white",
        "seamark:buoy_safe_water:colour_pattern": "vertical",
        "seamark:buoy_safe_water:shape": "spherical",
        "seamark:light:character": "LFl",
        "seamark:light:colour": "white",
        "seamark:light:period": "10",
        "seamark:name": "Wailuo Shuidao N Entrance No.1",
        "seamark:radio_station:category": "ais",
        "seamark:type": "buoy_safe_water",
        "source": "China MSA Notice No. 1181/2025"
      },
      "geometry": {
        "type": "Point",
        "coordinates": [
          110.6043056,
          20.7166667
        ]
      },
      "id": "node/13371860194"
    },
    {
      "type": "Feature",
      "properties": {
        "@id": "node/13437118172",
        "seamark:buoy_safe_water:colour": "red;white",
        "seamark:buoy_safe_water:colour_pattern": "vertical",
        "seamark:buoy_safe_water:shape": "pillar",
        "seamark:fog_signal:category": "whistle",
        "seamark:light:character": "Mo",
        "seamark:light:colour": "white",
        "seamark:light:exhibition": "night",
        "seamark:light:group": "A",
        "seamark:light:period": "8",
        "seamark:light:range": "6",
        "seamark:light:sequence": "00.4+(00.6)+02.0+(05.0)",
        "seamark:name": "Scotland Lighted Whistle Buoy S",
        "seamark:radar_transponder:category": "racon",
        "seamark:radar_transponder:group": "M",
        "seamark:topmark:colour": "red",
        "seamark:topmark:shape": "sphere",
        "seamark:type": "buoy_safe_water"
      },
      "geometry": {
        "type": "Point",
        "coordinates": [
          -73.9168347,
          40.44245
        ]
      },
      "id": "node/13437118172"
    },
    {
      "type": "Feature",
      "properties": {
        "@id": "node/13451858646",
        "name": "East Rockaway Inlet Lighted Bell Buoy ER",
        "seamark:buoy_safe_water:colour": "red;white",
        "seamark:buoy_safe_water:colour_pattern": "vertical",
        "seamark:buoy_safe_water:shape": "pillar",
        "seamark:fog_signal:category": "bell",
        "seamark:light:character": "Mo",
        "seamark:light:colour": "white",
        "seamark:light:exhibition": "night",
        "seamark:light:group": "A",
        "seamark:light:period": "8",
        "seamark:light:range": "5",
        "seamark:light:sequence": "00.4+(00.6)+02.0+(05.0)",
        "seamark:name": "East Rockaway Inlet Lighted Bell Buoy ER",
        "seamark:topmark:colour": "red",
        "seamark:topmark:shape": "sphere",
        "seamark:type": "buoy_safe_water"
      },
      "geometry": {
        "type": "Point",
        "coordinates": [
          -73.7636183,
          40.5713961
        ]
      },
      "id": "node/13451858646"
    },
    {
      "type": "Feature",
      "properties": {
        "@id": "node/13458338336",
        "seamark:buoy_safe_water:colour": "red;white",
        "seamark:buoy_safe_water:colour_pattern": "vertical",
        "seamark:buoy_safe_water:shape": "pillar",
        "seamark:information": "Range of visibility 4.00M. Pillar buoy. Radar reflector",
        "seamark:light:character": "LFl",
        "seamark:light:colour": "white",
        "seamark:light:period": "6",
        "seamark:light:sequence": "3+(3)",
        "seamark:name": "46",
        "seamark:topmark:colour": "red",
        "seamark:topmark:shape": "sphere",
        "seamark:type": "buoy_safe_water"
      },
      "geometry": {
        "type": "Point",
        "coordinates": [
          47.5321172,
          43.0083034
        ]
      },
      "id": "node/13458338336"
    },
    {
      "type": "Feature",
      "properties": {
        "@id": "node/13458417981",
        "seamark:buoy_safe_water:colour": "red;white",
        "seamark:buoy_safe_water:colour_pattern": "vertical",
        "seamark:buoy_safe_water:shape": "pillar",
        "seamark:information": "Range of visibility 4.00M. Pillar buoy. Radar reflector",
        "seamark:light:character": "LFl",
        "seamark:light:colour": "white",
        "seamark:light:period": "6",
        "seamark:light:sequence": "3+(3)",
        "seamark:name": "47",
        "seamark:topmark:colour": "red",
        "seamark:topmark:shape": "sphere",
        "seamark:type": "buoy_safe_water"
      },
      "geometry": {
        "type": "Point",
        "coordinates": [
          47.6143652,
          43.1818316
        ]
      },
      "id": "node/13458417981"
    },
    {
      "type": "Feature",
      "properties": {
        "@id": "node/13458422426",
        "seamark:buoy_safe_water:colour": "red;white",
        "seamark:buoy_safe_water:colour_pattern": "vertical",
        "seamark:buoy_safe_water:shape": "pillar",
        "seamark:information": "Range of visibility 4.00M. Pillar buoy. Radar reflector",
        "seamark:light:character": "LFl",
        "seamark:light:colour": "white",
        "seamark:light:period": "6",
        "seamark:light:sequence": "3+(3)",
        "seamark:name": "45",
        "seamark:topmark:colour": "red",
        "seamark:topmark:shape": "sphere",
        "seamark:type": "buoy_safe_water"
      },
      "geometry": {
        "type": "Point",
        "coordinates": [
          47.74611,
          43.0078364
        ]
      },
      "id": "node/13458422426"
    },
    {
      "type": "Feature",
      "properties": {
        "@id": "node/13463168397",
        "seamark:buoy_safe_water:colour": "red;white",
        "seamark:buoy_safe_water:colour_pattern": "vertical",
        "seamark:buoy_safe_water:shape": "pillar",
        "seamark:fog_signal:category": "bell",
        "seamark:light:character": "Mo",
        "seamark:light:colour": "white",
        "seamark:light:exhibition": "night",
        "seamark:light:group": "A",
        "seamark:light:period": "8",
        "seamark:light:range": "6",
        "seamark:light:sequence": "00.4+(00.6)+02.0+(05.0)",
        "seamark:name": "Copper Harbor Entrance Lighted Bell Buoy CH",
        "seamark:topmark:colour": "red",
        "seamark:topmark:shape": "sphere",
        "seamark:type": "buoy_safe_water"
      },
      "geometry": {
        "type": "Point",
        "coordinates": [
          -87.8645017,
          47.4780906
        ]
      },
      "id": "node/13463168397"
    },
    {
      "type": "Feature",
      "properties": {
        "@id": "node/13464890234",
        "seamark:buoy_safe_water:colour": "red;white",
        "seamark:buoy_safe_water:colour_pattern": "vertical",
        "seamark:buoy_safe_water:shape": "pillar",
        "seamark:fog_signal:category": "whistle",
        "seamark:light:character": "Mo",
        "seamark:light:colour": "white",
        "seamark:light:exhibition": "night",
        "seamark:light:group": "A",
        "seamark:light:period": "8",
        "seamark:light:range": "5",
        "seamark:light:sequence": "00.4+(00.6)+02.0+(05.0)",
        "seamark:name": "Chesapeake Channel Mid- Channel Lighted Whistle Buoy CB",
        "seamark:topmark:colour": "red",
        "seamark:topmark:shape": "sphere",
        "seamark:type": "buoy_safe_water"
      },
      "geometry": {
        "type": "Point",
        "coordinates": [
          -76.0434644,
          37.5003714
        ]
      },
      "id": "node/13464890234"
    },
    {
      "type": "Feature",
      "properties": {
        "@id": "node/13470177139",
        "name": "Pryoven",
        "note": "Range of visibility 4.00M. Occas. Pillar buoy. Radar reflector. 3155",
        "seamark:buoy_safe_water:colour": "red;white",
        "seamark:buoy_safe_water:colour_pattern": "vertical",
        "seamark:buoy_safe_water:shape": "pillar",
        "seamark:information": "Pryoven",
        "seamark:light:character": "LFl",
        "seamark:light:colour": "white",
        "seamark:light:period": "4",
        "seamark:light:range": "4",
        "seamark:light:sequence": "2+(4)",
        "seamark:name": "Pryoven",
        "seamark:topmark:colour": "red",
        "seamark:topmark:shape": "sphere",
        "seamark:type": "buoy_safe_water"
      },
      "geometry": {
        "type": "Point",
        "coordinates": [
          80.5091482,
          73.5195813
        ]
      },
      "id": "node/13470177139"
    },
    {
      "type": "Feature",
      "properties": {
        "@id": "node/13470265596",
        "name": "Lishnyaya Bk",
        "note": "Range of visibility 3.00M. Occas. Pillar buoy. Radar reflector. 3150",
        "seamark:buoy_safe_water:colour": "yellow;black",
        "seamark:buoy_safe_water:colour_pattern": "vertical",
        "seamark:buoy_safe_water:shape": "pillar",
        "seamark:information": "1",
        "seamark:light:character": "Q+LFl",
        "seamark:light:colour": "white",
        "seamark:light:period": "15",
        "seamark:light:range": "3",
        "seamark:name": "Lishnyaya Bk",
        "seamark:radar_reflector": "yes",
        "seamark:topmark:colour": "yellow;black",
        "seamark:topmark:shape": "sphere",
        "seamark:type": "buoy_safe_water"
      },
      "geometry": {
        "type": "Point",
        "coordinates": [
          80.453133,
          73.5360151
        ]
      },
      "id": "node/13470265596"
    },
    {
      "type": "Feature",
      "properties": {
        "@id": "node/13478825046",
        "seamark:buoy_safe_water:colour": "red;white",
        "seamark:buoy_safe_water:colour_pattern": "vertical",
        "seamark:buoy_safe_water:shape": "pillar",
        "seamark:information": "Range of visibility 3.00M. Pillar buoy. Maintained 15/04-20/11. Radar reflector",
        "seamark:light:character": "LFl",
        "seamark:light:colour": "white",
        "seamark:light:group": "1",
        "seamark:light:period": "6",
        "seamark:light:range": "3",
        "seamark:name": "61",
        "seamark:radar_reflector": "yes",
        "seamark:type": "buoy_safe_water"
      },
      "geometry": {
        "type": "Point",
        "coordinates": [
          47.9874014,
          44.5025049
        ]
      },
      "id": "node/13478825046"
    },
    {
      "type": "Feature",
      "properties": {
        "@id": "node/13478833104",
        "seamark:buoy_safe_water:colour": "red;white",
        "seamark:buoy_safe_water:colour_pattern": "vertical",
        "seamark:buoy_safe_water:shape": "pillar",
        "seamark:information": "Range of visibility 3.00M. Pillar buoy. Maintained 15/04-20/11. Radar reflector",
        "seamark:light:character": "LFl",
        "seamark:light:colour": "white",
        "seamark:light:group": "1",
        "seamark:light:period": "6",
        "seamark:light:range": "3",
        "seamark:name": "63",
        "seamark:radar_reflector": "yes",
        "seamark:type": "buoy_safe_water"
      },
      "geometry": {
        "type": "Point",
        "coordinates": [
          47.9557005,
          44.5386169
        ]
      },
      "id": "node/13478833104"
    },
    {
      "type": "Feature",
      "properties": {
        "@id": "node/13478834377",
        "seamark:buoy_safe_water:colour": "red;white",
        "seamark:buoy_safe_water:colour_pattern": "vertical",
        "seamark:buoy_safe_water:shape": "pillar",
        "seamark:information": "Range of visibility 3.00M. Pillar buoy. Maintained 15/04-20/11. Radar reflector",
        "seamark:light:character": "LFl",
        "seamark:light:colour": "white",
        "seamark:light:group": "1",
        "seamark:light:period": "6",
        "seamark:light:range": "3",
        "seamark:name": "65",
        "seamark:radar_reflector": "yes",
        "seamark:type": "buoy_safe_water"
      },
      "geometry": {
        "type": "Point",
        "coordinates": [
          47.8937495,
          44.6099815
        ]
      },
      "id": "node/13478834377"
    },
    {
      "type": "Feature",
      "properties": {
        "@id": "node/13478841046",
        "seamark:buoy_safe_water:colour": "red;white",
        "seamark:buoy_safe_water:colour_pattern": "vertical",
        "seamark:buoy_safe_water:shape": "pillar",
        "seamark:information": "Range of visibility 3.00M. Pillar buoy. Maintained 15/04-20/11. Radar reflector",
        "seamark:light:character": "LFl",
        "seamark:light:colour": "white",
        "seamark:light:group": "1",
        "seamark:light:period": "6",
        "seamark:light:range": "3",
        "seamark:name": "64",
        "seamark:radar_reflector": "yes",
        "seamark:type": "buoy_safe_water"
      },
      "geometry": {
        "type": "Point",
        "coordinates": [
          47.9248711,
          44.5741582
        ]
      },
      "id": "node/13478841046"
    },
    {
      "type": "Feature",
      "properties": {
        "@id": "node/13478846360",
        "seamark:buoy_safe_water:colour": "red;white",
        "seamark:buoy_safe_water:colour_pattern": "vertical",
        "seamark:buoy_safe_water:shape": "pillar",
        "seamark:information": "Range of visibility 3.00M. Pillar buoy. Maintained 15/04-20/11. Radar reflector",
        "seamark:light:character": "LFl",
        "seamark:light:colour": "white",
        "seamark:light:group": "1",
        "seamark:light:period": "6",
        "seamark:light:range": "3",
        "seamark:name": "68",
        "seamark:radar_reflector": "yes",
        "seamark:type": "buoy_safe_water"
      },
      "geometry": {
        "type": "Point",
        "coordinates": [
          47.8115371,
          44.703886
        ]
      },
      "id": "node/13478846360"
    },
    {
      "type": "Feature",
      "properties": {
        "@id": "node/13478852718",
        "seamark:buoy_safe_water:colour": "red;white",
        "seamark:buoy_safe_water:colour_pattern": "vertical",
        "seamark:buoy_safe_water:shape": "pillar",
        "seamark:information": "Range of visibility 3.00M. Pillar buoy. Maintained 15/04-20/11. Radar reflector",
        "seamark:light:character": "LFl",
        "seamark:light:colour": "white",
        "seamark:light:group": "1",
        "seamark:light:period": "6",
        "seamark:light:range": "3",
        "seamark:name": "69",
        "seamark:radar_reflector": "yes",
        "seamark:type": "buoy_safe_water"
      },
      "geometry": {
        "type": "Point",
        "coordinates": [
          47.785702,
          44.7336122
        ]
      },
      "id": "node/13478852718"
    },
    {
      "type": "Feature",
      "properties": {
        "@id": "node/13478856748",
        "seamark:buoy_safe_water:colour": "red;white",
        "seamark:buoy_safe_water:colour_pattern": "vertical",
        "seamark:buoy_safe_water:shape": "pillar",
        "seamark:information": "Range of visibility 3.00M. Pillar buoy. Maintained 15/04-20/11. Radar reflector",
        "seamark:light:character": "LFl",
        "seamark:light:colour": "white",
        "seamark:light:group": "1",
        "seamark:light:period": "6",
        "seamark:light:range": "3",
        "seamark:name": "66",
        "seamark:radar_reflector": "yes",
        "seamark:type": "buoy_safe_water"
      },
      "geometry": {
        "type": "Point",
        "coordinates": [
          47.86347,
          44.6447159
        ]
      },
      "id": "node/13478856748"
    },
    {
      "type": "Feature",
      "properties": {
        "@id": "node/13478856752",
        "seamark:buoy_safe_water:colour": "red;white",
        "seamark:buoy_safe_water:colour_pattern": "vertical",
        "seamark:buoy_safe_water:shape": "pillar",
        "seamark:information": "Range of visibility 3.00M. Pillar buoy. Maintained 15/04-20/11. Radar reflector",
        "seamark:light:character": "LFl",
        "seamark:light:colour": "white",
        "seamark:light:group": "1",
        "seamark:light:period": "6",
        "seamark:light:range": "3",
        "seamark:name": "62",
        "seamark:radar_reflector": "yes",
        "seamark:type": "buoy_safe_water"
      },
      "geometry": {
        "type": "Point",
        "coordinates": [
          47.9820558,
          44.6600187
        ]
      },
      "id": "node/13478856752"
    },
    {
      "type": "Feature",
      "properties": {
        "@id": "node/13478858584",
        "seamark:buoy_safe_water:colour": "red;white",
        "seamark:buoy_safe_water:colour_pattern": "vertical",
        "seamark:buoy_safe_water:shape": "pillar",
        "seamark:information": "Range of visibility 3.00M. Pillar buoy. Maintained 15/04-20/11. Radar reflector",
        "seamark:light:character": "LFl",
        "seamark:light:colour": "white",
        "seamark:light:group": "1",
        "seamark:light:period": "6",
        "seamark:light:range": "3",
        "seamark:name": "67",
        "seamark:radar_reflector": "yes",
        "seamark:type": "buoy_safe_water"
      },
      "geometry": {
        "type": "Point",
        "coordinates": [
          47.8376403,
          44.6744324
        ]
      },
      "id": "node/13478858584"
    },
    {
      "type": "Feature",
      "properties": {
        "@id": "node/13480399907",
        "seamark:buoy_safe_water:colour": "green",
        "seamark:buoy_safe_water:colour_pattern": "vertical",
        "seamark:buoy_safe_water:shape": "pillar",
        "seamark:information": "Leading light. Topmark-sphere. Daymark-rectangle(vertical). Brown. Leading mark. Pipe.",
        "seamark:light:category": "leading",
        "seamark:light:character": "F",
        "seamark:light:colour": "green",
        "seamark:light:height": "15",
        "seamark:light:range": "6",
        "seamark:name": "Front MkBekdashskiy S",
        "seamark:topmark:colour": "brown",
        "seamark:topmark:shape": "sphere",
        "seamark:type": "buoy_safe_water"
      },
      "geometry": {
        "type": "Point",
        "coordinates": [
          52.5709426,
          41.5248278
        ]
      },
      "id": "node/13480399907"
    },
    {
      "type": "Feature",
      "properties": {
        "@id": "node/13480424507",
        "seamark:buoy_safe_water:colour": "Yellow;Black",
        "seamark:buoy_safe_water:colour_pattern": "vertical",
        "seamark:buoy_safe_water:shape": "pillar",
        "seamark:fog_signal:category": "whistle",
        "seamark:information": "Range of visibility 4.00M. Whistle. Occas. Pillar buoy. Radar reflector.",
        "seamark:light:character": "Q+LFl",
        "seamark:light:colour": "white",
        "seamark:light:group": "6+1",
        "seamark:light:period": "15",
        "seamark:light:range": "4",
        "seamark:name": "163",
        "seamark:radar_reflector": "yes",
        "seamark:type": "buoy_safe_water"
      },
      "geometry": {
        "type": "Point",
        "coordinates": [
          51.5745074,
          43.1236845
        ]
      },
      "id": "node/13480424507"
    },
    {
      "type": "Feature",
      "properties": {
        "@id": "node/13482063237",
        "seamark:buoy_safe_water:colour": "red;white",
        "seamark:buoy_safe_water:colour_pattern": "vertical",
        "seamark:buoy_safe_water:shape": "pillar",
        "seamark:light:character": "Iso",
        "seamark:light:colour": "white",
        "seamark:light:group": "1",
        "seamark:light:period": "4",
        "seamark:name": "A23",
        "seamark:topmark:colour": "red",
        "seamark:topmark:shape": "sphere",
        "seamark:type": "buoy_safe_water"
      },
      "geometry": {
        "type": "Point",
        "coordinates": [
          122.0114167,
          31.0759333
        ]
      },
      "id": "node/13482063237"
    },
    {
      "type": "Feature",
      "properties": {
        "@id": "node/13482063238",
        "seamark:buoy_safe_water:colour": "red;white",
        "seamark:buoy_safe_water:colour_pattern": "vertical",
        "seamark:buoy_safe_water:shape": "pillar",
        "seamark:light:character": "Iso",
        "seamark:light:colour": "white",
        "seamark:light:group": "1",
        "seamark:light:period": "4",
        "seamark:name": "A21",
        "seamark:topmark:colour": "red",
        "seamark:topmark:shape": "sphere",
        "seamark:type": "buoy_safe_water"
      },
      "geometry": {
        "type": "Point",
        "coordinates": [
          122.0280667,
          31.06735
        ]
      },
      "id": "node/13482063238"
    },
    {
      "type": "Feature",
      "properties": {
        "@id": "node/13482063239",
        "seamark:buoy_safe_water:colour": "red;white",
        "seamark:buoy_safe_water:colour_pattern": "vertical",
        "seamark:buoy_safe_water:shape": "pillar",
        "seamark:light:character": "Iso",
        "seamark:light:colour": "white",
        "seamark:light:group": "1",
        "seamark:light:period": "4",
        "seamark:name": "A19",
        "seamark:topmark:colour": "red",
        "seamark:topmark:shape": "sphere",
        "seamark:type": "buoy_safe_water"
      },
      "geometry": {
        "type": "Point",
        "coordinates": [
          122.0441333,
          31.0582
        ]
      },
      "id": "node/13482063239"
    },
    {
      "type": "Feature",
      "properties": {
        "@id": "node/13482063240",
        "seamark:buoy_safe_water:colour": "red;white",
        "seamark:buoy_safe_water:colour_pattern": "vertical",
        "seamark:buoy_safe_water:shape": "pillar",
        "seamark:light:character": "Iso",
        "seamark:light:colour": "white",
        "seamark:light:group": "1",
        "seamark:light:period": "4",
        "seamark:name": "A17",
        "seamark:topmark:colour": "red",
        "seamark:topmark:shape": "sphere",
        "seamark:type": "buoy_safe_water"
      },
      "geometry": {
        "type": "Point",
        "coordinates": [
          122.0603,
          31.0493
        ]
      },
      "id": "node/13482063240"
    },
    {
      "type": "Feature",
      "properties": {
        "@id": "node/13482063241",
        "seamark:buoy_safe_water:colour": "red;white",
        "seamark:buoy_safe_water:colour_pattern": "vertical",
        "seamark:buoy_safe_water:shape": "pillar",
        "seamark:light:character": "Iso",
        "seamark:light:colour": "white",
        "seamark:light:group": "1",
        "seamark:light:period": "4",
        "seamark:name": "A15",
        "seamark:topmark:colour": "red",
        "seamark:topmark:shape": "sphere",
        "seamark:type": "buoy_safe_water"
      },
      "geometry": {
        "type": "Point",
        "coordinates": [
          122.07665,
          31.0401333
        ]
      },
      "id": "node/13482063241"
    },
    {
      "type": "Feature",
      "properties": {
        "@id": "node/13482063242",
        "seamark:buoy_safe_water:colour": "red;white",
        "seamark:buoy_safe_water:colour_pattern": "vertical",
        "seamark:buoy_safe_water:shape": "pillar",
        "seamark:light:character": "Iso",
        "seamark:light:colour": "white",
        "seamark:light:group": "1",
        "seamark:light:period": "4",
        "seamark:name": "A14",
        "seamark:topmark:colour": "red",
        "seamark:topmark:shape": "sphere",
        "seamark:type": "buoy_safe_water"
      },
      "geometry": {
        "type": "Point",
        "coordinates": [
          122.09305,
          31.0309333
        ]
      },
      "id": "node/13482063242"
    },
    {
      "type": "Feature",
      "properties": {
        "@id": "node/13482063243",
        "seamark:buoy_safe_water:colour": "red;white",
        "seamark:buoy_safe_water:colour_pattern": "vertical",
        "seamark:buoy_safe_water:shape": "pillar",
        "seamark:light:character": "Iso",
        "seamark:light:colour": "white",
        "seamark:light:group": "1",
        "seamark:light:period": "4",
        "seamark:name": "A13",
        "seamark:topmark:colour": "red",
        "seamark:topmark:shape": "sphere",
        "seamark:type": "buoy_safe_water"
      },
      "geometry": {
        "type": "Point",
        "coordinates": [
          122.10915,
          31.0218
        ]
      },
      "id": "node/13482063243"
    },
    {
      "type": "Feature",
      "properties": {
        "@id": "node/13482063244",
        "seamark:buoy_safe_water:colour": "red;white",
        "seamark:buoy_safe_water:colour_pattern": "vertical",
        "seamark:buoy_safe_water:shape": "pillar",
        "seamark:light:character": "Iso",
        "seamark:light:colour": "white",
        "seamark:light:group": "1",
        "seamark:light:period": "4",
        "seamark:name": "A12",
        "seamark:topmark:colour": "red",
        "seamark:topmark:shape": "sphere",
        "seamark:type": "buoy_safe_water"
      },
      "geometry": {
        "type": "Point",
        "coordinates": [
          122.1256167,
          31.0129167
        ]
      },
      "id": "node/13482063244"
    },
    {
      "type": "Feature",
      "properties": {
        "@id": "node/13482063245",
        "seamark:buoy_safe_water:colour": "red;white",
        "seamark:buoy_safe_water:colour_pattern": "vertical",
        "seamark:buoy_safe_water:shape": "pillar",
        "seamark:light:character": "Iso",
        "seamark:light:colour": "white",
        "seamark:light:group": "1",
        "seamark:light:period": "4",
        "seamark:name": "A11",
        "seamark:topmark:colour": "red",
        "seamark:topmark:shape": "sphere",
        "seamark:type": "buoy_safe_water"
      },
      "geometry": {
        "type": "Point",
        "coordinates": [
          122.14165,
          31.00375
        ]
      },
      "id": "node/13482063245"
    },
    {
      "type": "Feature",
      "properties": {
        "@id": "node/13482063246",
        "seamark:buoy_safe_water:colour": "red;white",
        "seamark:buoy_safe_water:colour_pattern": "vertical",
        "seamark:buoy_safe_water:shape": "pillar",
        "seamark:light:character": "Iso",
        "seamark:light:colour": "white",
        "seamark:light:group": "1",
        "seamark:light:period": "4",
        "seamark:name": "A10",
        "seamark:topmark:colour": "red",
        "seamark:topmark:shape": "sphere",
        "seamark:type": "buoy_safe_water"
      },
      "geometry": {
        "type": "Point",
        "coordinates": [
          122.1580333,
          30.99485
        ]
      },
      "id": "node/13482063246"
    },
    {
      "type": "Feature",
      "properties": {
        "@id": "node/13482063248",
        "seamark:buoy_safe_water:colour": "red;white",
        "seamark:buoy_safe_water:colour_pattern": "vertical",
        "seamark:buoy_safe_water:shape": "pillar",
        "seamark:light:character": "Iso",
        "seamark:light:colour": "white",
        "seamark:light:group": "1",
        "seamark:light:period": "4",
        "seamark:name": "A9",
        "seamark:topmark:colour": "red",
        "seamark:topmark:shape": "sphere",
        "seamark:type": "buoy_safe_water"
      },
      "geometry": {
        "type": "Point",
        "coordinates": [
          122.1822,
          30.9712333
        ]
      },
      "id": "node/13482063248"
    },
    {
      "type": "Feature",
      "properties": {
        "@id": "node/13482063249",
        "seamark:buoy_safe_water:colour": "red;white",
        "seamark:buoy_safe_water:colour_pattern": "vertical",
        "seamark:buoy_safe_water:shape": "pillar",
        "seamark:light:character": "Iso",
        "seamark:light:colour": "white",
        "seamark:light:group": "1",
        "seamark:light:period": "4",
        "seamark:name": "A8",
        "seamark:topmark:colour": "red",
        "seamark:topmark:shape": "sphere",
        "seamark:type": "buoy_safe_water"
      },
      "geometry": {
        "type": "Point",
        "coordinates": [
          122.1886,
          30.9589333
        ]
      },
      "id": "node/13482063249"
    },
    {
      "type": "Feature",
      "properties": {
        "@id": "node/13482063250",
        "seamark:buoy_safe_water:colour": "red;white",
        "seamark:buoy_safe_water:colour_pattern": "vertical",
        "seamark:buoy_safe_water:shape": "pillar",
        "seamark:light:character": "Iso",
        "seamark:light:colour": "white",
        "seamark:light:group": "1",
        "seamark:light:period": "4",
        "seamark:name": "A7",
        "seamark:topmark:colour": "red",
        "seamark:topmark:shape": "sphere",
        "seamark:type": "buoy_safe_water"
      },
      "geometry": {
        "type": "Point",
        "coordinates": [
          122.1840667,
          30.9412333
        ]
      },
      "id": "node/13482063250"
    },
    {
      "type": "Feature",
      "properties": {
        "@id": "node/13482063251",
        "seamark:buoy_safe_water:colour": "red;white",
        "seamark:buoy_safe_water:colour_pattern": "vertical",
        "seamark:buoy_safe_water:shape": "pillar",
        "seamark:light:character": "Iso",
        "seamark:light:colour": "white",
        "seamark:light:group": "1",
        "seamark:light:period": "4",
        "seamark:name": "A6",
        "seamark:topmark:colour": "red",
        "seamark:topmark:shape": "sphere",
        "seamark:type": "buoy_safe_water"
      },
      "geometry": {
        "type": "Point",
        "coordinates": [
          122.1797167,
          30.9229
        ]
      },
      "id": "node/13482063251"
    },
    {
      "type": "Feature",
      "properties": {
        "@id": "node/13482063252",
        "seamark:buoy_safe_water:colour": "red;white",
        "seamark:buoy_safe_water:colour_pattern": "vertical",
        "seamark:buoy_safe_water:shape": "pillar",
        "seamark:light:character": "Iso",
        "seamark:light:colour": "white",
        "seamark:light:group": "1",
        "seamark:light:period": "4",
        "seamark:name": "A5",
        "seamark:topmark:colour": "red",
        "seamark:topmark:shape": "sphere",
        "seamark:type": "buoy_safe_water"
      },
      "geometry": {
        "type": "Point",
        "coordinates": [
          122.17525,
          30.9044667
        ]
      },
      "id": "node/13482063252"
    },
    {
      "type": "Feature",
      "properties": {
        "@id": "node/13482063253",
        "seamark:buoy_safe_water:colour": "red;white",
        "seamark:buoy_safe_water:colour_pattern": "vertical",
        "seamark:buoy_safe_water:shape": "pillar",
        "seamark:light:character": "Iso",
        "seamark:light:colour": "white",
        "seamark:light:group": "1",
        "seamark:light:period": "4",
        "seamark:name": "A4",
        "seamark:topmark:colour": "red",
        "seamark:topmark:shape": "sphere",
        "seamark:type": "buoy_safe_water"
      },
      "geometry": {
        "type": "Point",
        "coordinates": [
          122.1708333,
          30.8867333
        ]
      },
      "id": "node/13482063253"
    },
    {
      "type": "Feature",
      "properties": {
        "@id": "node/13482063254",
        "seamark:buoy_safe_water:colour": "red;white",
        "seamark:buoy_safe_water:colour_pattern": "vertical",
        "seamark:buoy_safe_water:shape": "pillar",
        "seamark:light:character": "Iso",
        "seamark:light:colour": "white",
        "seamark:light:group": "1",
        "seamark:light:period": "4",
        "seamark:name": "A3",
        "seamark:topmark:colour": "red",
        "seamark:topmark:shape": "sphere",
        "seamark:type": "buoy_safe_water"
      },
      "geometry": {
        "type": "Point",
        "coordinates": [
          122.1658167,
          30.8689167
        ]
      },
      "id": "node/13482063254"
    },
    {
      "type": "Feature",
      "properties": {
        "@id": "node/13482063255",
        "seamark:buoy_safe_water:colour": "red;white",
        "seamark:buoy_safe_water:colour_pattern": "vertical",
        "seamark:buoy_safe_water:shape": "pillar",
        "seamark:light:character": "Iso",
        "seamark:light:colour": "white",
        "seamark:light:group": "1",
        "seamark:light:period": "4",
        "seamark:name": "A2",
        "seamark:topmark:colour": "red",
        "seamark:topmark:shape": "sphere",
        "seamark:type": "buoy_safe_water"
      },
      "geometry": {
        "type": "Point",
        "coordinates": [
          122.1619167,
          30.8512167
        ]
      },
      "id": "node/13482063255"
    },
    {
      "type": "Feature",
      "properties": {
        "@id": "node/13482063256",
        "seamark:buoy_safe_water:colour": "red;white",
        "seamark:buoy_safe_water:colour_pattern": "vertical",
        "seamark:buoy_safe_water:shape": "pillar",
        "seamark:light:character": "Iso",
        "seamark:light:colour": "white",
        "seamark:light:group": "1",
        "seamark:light:period": "4",
        "seamark:name": "A1",
        "seamark:topmark:colour": "red",
        "seamark:topmark:shape": "sphere",
        "seamark:type": "buoy_safe_water"
      },
      "geometry": {
        "type": "Point",
        "coordinates": [
          122.1580333,
          30.8323667
        ]
      },
      "id": "node/13482063256"
    },
    {
      "type": "Feature",
      "properties": {
        "@id": "node/13482063257",
        "seamark:buoy_safe_water:colour": "red;white",
        "seamark:buoy_safe_water:colour_pattern": "vertical",
        "seamark:buoy_safe_water:shape": "pillar",
        "seamark:light:character": "Iso",
        "seamark:light:colour": "white",
        "seamark:light:group": "1",
        "seamark:light:period": "4",
        "seamark:name": "A0",
        "seamark:topmark:colour": "red",
        "seamark:topmark:shape": "sphere",
        "seamark:type": "buoy_safe_water"
      },
      "geometry": {
        "type": "Point",
        "coordinates": [
          122.1525333,
          30.8101
        ]
      },
      "id": "node/13482063257"
    },
    {
      "type": "Feature",
      "properties": {
        "@id": "node/13482063258",
        "seamark:buoy_safe_water:colour": "red;white",
        "seamark:buoy_safe_water:colour_pattern": "vertical",
        "seamark:buoy_safe_water:shape": "pillar",
        "seamark:light:character": "Iso",
        "seamark:light:colour": "white",
        "seamark:light:group": "1",
        "seamark:light:period": "4",
        "seamark:name": "B2-1",
        "seamark:topmark:colour": "red",
        "seamark:topmark:shape": "sphere",
        "seamark:type": "buoy_safe_water"
      },
      "geometry": {
        "type": "Point",
        "coordinates": [
          122.1350333,
          30.79785
        ]
      },
      "id": "node/13482063258"
    },
    {
      "type": "Feature",
      "properties": {
        "@id": "node/13482063259",
        "seamark:buoy_safe_water:colour": "red;white",
        "seamark:buoy_safe_water:colour_pattern": "vertical",
        "seamark:buoy_safe_water:shape": "pillar",
        "seamark:light:character": "Iso",
        "seamark:light:colour": "white",
        "seamark:light:group": "1",
        "seamark:light:period": "4",
        "seamark:name": "B2-2",
        "seamark:topmark:colour": "red",
        "seamark:topmark:shape": "sphere",
        "seamark:type": "buoy_safe_water"
      },
      "geometry": {
        "type": "Point",
        "coordinates": [
          122.1081833,
          30.7810333
        ]
      },
      "id": "node/13482063259"
    },
    {
      "type": "Feature",
      "properties": {
        "@id": "node/13482063260",
        "seamark:buoy_safe_water:colour": "red;white",
        "seamark:buoy_safe_water:colour_pattern": "vertical",
        "seamark:buoy_safe_water:shape": "pillar",
        "seamark:light:character": "Iso",
        "seamark:light:colour": "white",
        "seamark:light:group": "1",
        "seamark:light:period": "4",
        "seamark:name": "B2-3",
        "seamark:topmark:colour": "red",
        "seamark:topmark:shape": "sphere",
        "seamark:type": "buoy_safe_water"
      },
      "geometry": {
        "type": "Point",
        "coordinates": [
          122.0884833,
          30.7683167
        ]
      },
      "id": "node/13482063260"
    },
    {
      "type": "Feature",
      "properties": {
        "@id": "node/13482063261",
        "seamark:buoy_safe_water:colour": "red;white",
        "seamark:buoy_safe_water:colour_pattern": "vertical",
        "seamark:buoy_safe_water:shape": "pillar",
        "seamark:light:character": "Iso",
        "seamark:light:colour": "white",
        "seamark:light:group": "1",
        "seamark:light:period": "4",
        "seamark:name": "B2-4",
        "seamark:topmark:colour": "red",
        "seamark:topmark:shape": "sphere",
        "seamark:type": "buoy_safe_water"
      },
      "geometry": {
        "type": "Point",
        "coordinates": [
          122.0653167,
          30.7539333
        ]
      },
      "id": "node/13482063261"
    },
    {
      "type": "Feature",
      "properties": {
        "@id": "node/13482063262",
        "seamark:buoy_safe_water:colour": "red;white",
        "seamark:buoy_safe_water:colour_pattern": "vertical",
        "seamark:buoy_safe_water:shape": "pillar",
        "seamark:light:character": "Iso",
        "seamark:light:colour": "white",
        "seamark:light:group": "1",
        "seamark:light:period": "4",
        "seamark:name": "B2-5",
        "seamark:topmark:colour": "red",
        "seamark:topmark:shape": "sphere",
        "seamark:type": "buoy_safe_water"
      },
      "geometry": {
        "type": "Point",
        "coordinates": [
          122.0421167,
          30.7388
        ]
      },
      "id": "node/13482063262"
    },
    {
      "type": "Feature",
      "properties": {
        "@id": "node/13482063263",
        "seamark:buoy_safe_water:colour": "red;white",
        "seamark:buoy_safe_water:colour_pattern": "vertical",
        "seamark:buoy_safe_water:shape": "pillar",
        "seamark:light:character": "LFl",
        "seamark:light:colour": "white",
        "seamark:light:group": "1",
        "seamark:light:period": "10",
        "seamark:name": "L22",
        "seamark:topmark:colour": "red",
        "seamark:topmark:shape": "sphere",
        "seamark:type": "buoy_safe_water"
      },
      "geometry": {
        "type": "Point",
        "coordinates": [
          121.886,
          30.7259
        ]
      },
      "id": "node/13482063263"
    },
    {
      "type": "Feature",
      "properties": {
        "@id": "node/13482524170",
        "seamark:buoy_safe_water:colour": "red;white",
        "seamark:buoy_safe_water:colour_pattern": "vertical",
        "seamark:buoy_safe_water:shape": "pillar",
        "seamark:light:character": "Iso",
        "seamark:light:colour": "white",
        "seamark:light:group": "1",
        "seamark:light:period": "4",
        "seamark:name": "Y17",
        "seamark:topmark:colour": "red",
        "seamark:topmark:shape": "sphere",
        "seamark:type": "buoy_safe_water"
      },
      "geometry": {
        "type": "Point",
        "coordinates": [
          122.0975333,
          30.5355833
        ]
      },
      "id": "node/13482524170"
    },
    {
      "type": "Feature",
      "properties": {
        "@id": "node/13482524178",
        "seamark:buoy_safe_water:colour": "red;white",
        "seamark:buoy_safe_water:colour_pattern": "vertical",
        "seamark:buoy_safe_water:shape": "pillar",
        "seamark:light:character": "Mo",
        "seamark:light:colour": "white",
        "seamark:light:group": "A",
        "seamark:light:period": "6",
        "seamark:name": "Y19",
        "seamark:topmark:colour": "red",
        "seamark:topmark:shape": "sphere",
        "seamark:type": "buoy_safe_water"
      },
      "geometry": {
        "type": "Point",
        "coordinates": [
          122.1745333,
          30.5442
        ]
      },
      "id": "node/13482524178"
    },
    {
      "type": "Feature",
      "properties": {
        "@id": "node/13482524191",
        "seamark:buoy_safe_water:colour": "red;white",
        "seamark:buoy_safe_water:colour_pattern": "vertical",
        "seamark:buoy_safe_water:shape": "pillar",
        "seamark:light:character": "Iso",
        "seamark:light:colour": "white",
        "seamark:light:group": "1",
        "seamark:light:period": "4",
        "seamark:name": "Y20",
        "seamark:topmark:colour": "red",
        "seamark:topmark:shape": "sphere",
        "seamark:type": "buoy_safe_water"
      },
      "geometry": {
        "type": "Point",
        "coordinates": [
          122.20525,
          30.59
        ]
      },
      "id": "node/13482524191"
    },
    {
      "type": "Feature",
      "properties": {
        "@id": "node/13482524192",
        "seamark:buoy_safe_water:colour": "red;white",
        "seamark:buoy_safe_water:colour_pattern": "vertical",
        "seamark:buoy_safe_water:shape": "pillar",
        "seamark:light:character": "Iso",
        "seamark:light:colour": "white",
        "seamark:light:group": "1",
        "seamark:light:period": "4",
        "seamark:name": "Y36",
        "seamark:topmark:colour": "red",
        "seamark:topmark:shape": "sphere",
        "seamark:type": "buoy_safe_water"
      },
      "geometry": {
        "type": "Point",
        "coordinates": [
          122.16025,
          30.7778333
        ]
      },
      "id": "node/13482524192"
    },
    {
      "type": "Feature",
      "properties": {
        "@id": "node/13482524193",
        "seamark:buoy_safe_water:colour": "red;white",
        "seamark:buoy_safe_water:colour_pattern": "vertical",
        "seamark:buoy_safe_water:shape": "pillar",
        "seamark:light:character": "LFl",
        "seamark:light:colour": "white",
        "seamark:light:group": "1",
        "seamark:light:period": "10",
        "seamark:name": "Y35",
        "seamark:topmark:colour": "red",
        "seamark:topmark:shape": "sphere",
        "seamark:type": "buoy_safe_water"
      },
      "geometry": {
        "type": "Point",
        "coordinates": [
          122.1686333,
          30.74575
        ]
      },
      "id": "node/13482524193"
    },
    {
      "type": "Feature",
      "properties": {
        "@id": "node/13482524194",
        "seamark:buoy_safe_water:colour": "red;white",
        "seamark:buoy_safe_water:colour_pattern": "vertical",
        "seamark:buoy_safe_water:shape": "pillar",
        "seamark:light:character": "Iso",
        "seamark:light:colour": "white",
        "seamark:light:group": "1",
        "seamark:light:period": "4",
        "seamark:name": "Y34",
        "seamark:topmark:colour": "red",
        "seamark:topmark:shape": "sphere",
        "seamark:type": "buoy_safe_water"
      },
      "geometry": {
        "type": "Point",
        "coordinates": [
          122.1760167,
          30.7127167
        ]
      },
      "id": "node/13482524194"
    },
    {
      "type": "Feature",
      "properties": {
        "@id": "node/13482524195",
        "seamark:buoy_safe_water:colour": "red;white",
        "seamark:buoy_safe_water:colour_pattern": "vertical",
        "seamark:buoy_safe_water:shape": "pillar",
        "seamark:light:character": "Iso",
        "seamark:light:colour": "white",
        "seamark:light:group": "1",
        "seamark:light:period": "4",
        "seamark:name": "Y33",
        "seamark:topmark:colour": "red",
        "seamark:topmark:shape": "sphere",
        "seamark:type": "buoy_safe_water"
      },
      "geometry": {
        "type": "Point",
        "coordinates": [
          122.1842,
          30.67835
        ]
      },
      "id": "node/13482524195"
    },
    {
      "type": "Feature",
      "properties": {
        "@id": "node/13482524196",
        "seamark:buoy_safe_water:colour": "red;white",
        "seamark:buoy_safe_water:colour_pattern": "vertical",
        "seamark:buoy_safe_water:shape": "pillar",
        "seamark:light:character": "Iso",
        "seamark:light:colour": "white",
        "seamark:light:group": "1",
        "seamark:light:period": "4",
        "seamark:name": "Y32",
        "seamark:topmark:colour": "red",
        "seamark:topmark:shape": "sphere",
        "seamark:type": "buoy_safe_water"
      },
      "geometry": {
        "type": "Point",
        "coordinates": [
          122.19195,
          30.64735
        ]
      },
      "id": "node/13482524196"
    },
    {
      "type": "Feature",
      "properties": {
        "@id": "node/13500894029",
        "seamark:buoy_safe_water:colour": "red;white",
        "seamark:buoy_safe_water:colour_pattern": "vertical",
        "seamark:buoy_safe_water:shape": "pillar",
        "seamark:light:character": "LFl",
        "seamark:light:colour": "white",
        "seamark:light:group": "1",
        "seamark:light:period": "10",
        "seamark:name": "Y18",
        "seamark:topmark:colour": "red",
        "seamark:topmark:shape": "sphere",
        "seamark:type": "buoy_safe_water"
      },
      "geometry": {
        "type": "Point",
        "coordinates": [
          122.13615,
          30.5400667
        ]
      },
      "id": "node/13500894029"
    },
    {
      "type": "Feature",
      "properties": {
        "@id": "node/13500905355",
        "seamark:buoy_safe_water:colour": "red;white",
        "seamark:buoy_safe_water:colour_pattern": "vertical",
        "seamark:buoy_safe_water:shape": "pillar",
        "seamark:light:character": "Iso",
        "seamark:light:colour": "white",
        "seamark:light:group": "1",
        "seamark:light:period": "4",
        "seamark:name": "Y0",
        "seamark:topmark:colour": "red",
        "seamark:topmark:shape": "sphere",
        "seamark:type": "buoy_safe_water"
      },
      "geometry": {
        "type": "Point",
        "coordinates": [
          122.4245667,
          30.5269167
        ]
      },
      "id": "node/13500905355"
    },
    {
      "type": "Feature",
      "properties": {
        "@id": "node/13530636452",
        "seamark:buoy_safe_water:colour": "red;white",
        "seamark:buoy_safe_water:colour_pattern": "vertical",
        "seamark:buoy_safe_water:shape": "pillar",
        "seamark:light:character": "Mo",
        "seamark:light:colour": "white",
        "seamark:light:group": "A",
        "seamark:light:period": "8",
        "seamark:name": "No.5",
        "seamark:radar_reflector": "yes",
        "seamark:topmark:colour": "red",
        "seamark:topmark:shape": "sphere",
        "seamark:type": "buoy_safe_water"
      },
      "geometry": {
        "type": "Point",
        "coordinates": [
          136.7610556,
          34.7944722
        ]
      },
      "id": "node/13530636452"
    },
    {
      "type": "Feature",
      "properties": {
        "@id": "node/13530636453",
        "seamark:buoy_safe_water:colour": "red;white",
        "seamark:buoy_safe_water:colour_pattern": "vertical",
        "seamark:buoy_safe_water:shape": "pillar",
        "seamark:light:character": "Iso",
        "seamark:light:colour": "white",
        "seamark:light:period": "4",
        "seamark:name": "No.6",
        "seamark:radar_reflector": "yes",
        "seamark:topmark:colour": "red",
        "seamark:topmark:shape": "sphere",
        "seamark:type": "buoy_safe_water"
      },
      "geometry": {
        "type": "Point",
        "coordinates": [
          136.7610556,
          34.9183333
        ]
      },
      "id": "node/13530636453"
    },
    {
      "type": "Feature",
      "properties": {
        "@id": "node/13651416755",
        "seamark:buoy_safe_water:colour": "red;white",
        "seamark:buoy_safe_water:colour_pattern": "vertical",
        "seamark:buoy_safe_water:shape": "pillar",
        "seamark:light:character": "Iso",
        "seamark:light:colour": "white",
        "seamark:light:period": "4",
        "seamark:topmark:colour": "red",
        "seamark:topmark:shape": "sphere",
        "seamark:type": "buoy_safe_water"
      },
      "geometry": {
        "type": "Point",
        "coordinates": [
          121.7743521,
          31.4136197
        ]
      },
      "id": "node/13651416755"
    },
    {
      "type": "Feature",
      "properties": {
        "@id": "node/13703460463",
        "seamark:buoy_safe_water:colour": "red;white",
        "seamark:buoy_safe_water:colour_pattern": "vertical",
        "seamark:buoy_safe_water:shape": "pillar",
        "seamark:light:character": "Mo",
        "seamark:light:colour": "white",
        "seamark:light:group": "A",
        "seamark:light:period": "8",
        "seamark:topmark:colour": "red",
        "seamark:topmark:shape": "sphere",
        "seamark:type": "buoy_safe_water"
      },
      "geometry": {
        "type": "Point",
        "coordinates": [
          136.9435534,
          34.8041985
        ]
      },
      "id": "node/13703460463"
    },
    {
      "type": "Feature",
      "properties": {
        "@id": "node/13773042488",
        "seamark:buoy_safe_water:colour": "red;white",
        "seamark:buoy_safe_water:colour_pattern": "vertical",
        "seamark:buoy_safe_water:shape": "pillar",
        "seamark:light:character": "Mo",
        "seamark:light:colour": "white",
        "seamark:light:group": "A",
        "seamark:light:period": "8",
        "seamark:light:range": "7",
        "seamark:light:reference": "M 4370",
        "seamark:name": "S BUSANPORT LANBY",
        "seamark:radio_station:category": "ais",
        "seamark:radio_stationmmsi": "994406181",
        "seamark:topmark:colour": "red",
        "seamark:topmark:shape": "sphere",
        "seamark:type": "buoy_safe_water"
      },
      "geometry": {
        "type": "Point",
        "coordinates": [
          129.1310556,
          35.0664167
        ]
      },
      "id": "node/13773042488"
    }
  ]
}