{
  "type": "FeatureCollection",
  "generator": "overpass-turbo",
  "copyright": "The data included in this document is from www.openstreetmap.org. The data is made available under ODbL.",
  "timestamp": "2026-04-30T07:14:34Z",
  "features": [
    {
      "type": "Feature",
      "properties": {
        "@id": "relation/9745212",
        "name": "Fietspad",
        "place": "locality",
        "seamark:information": "Small craft and pleasure craft are urgently requested to use the channel parallel to the main fairway, named \"Fietspad\".",
        "seamark:name": "Fietspad",
        "seamark:type": "separation_boundary",
        "type": "multipolygon"
      },
      "geometry": {
        "type": "Polygon",
        "coordinates": [
          [
            [
              3.865631,
              51.352372
            ],
            [
              3.885464,
              51.356136
            ],
            [
              3.898617,
              51.362328
            ],
            [
              3.910578,
              51.36765
            ],
            [
              3.922228,
              51.373864
            ],
            [
              3.935333,
              51.379511
            ],
            [
              3.944089,
              51.386544
            ],
            [
              3.947439,
              51.394225
            ],
            [
              3.951594,
              51.401764
            ],
            [
              3.945417,
              51.394733
            ],
            [
              3.9391,
              51.3876
            ],
            [
              3.933469,
              51.380733
            ],
            [
              3.920983,
              51.374533
            ],
            [
              3.909533,
              51.368767
            ],
            [
              3.897308,
              51.362853
            ],
            [
              3.884631,
              51.357564
            ],
            [
              3.8640167,
              51.35335
            ],
            [
              3.853417,
              51.350594
            ],
            [
              3.846006,
              51.348967
            ],
            [
              3.833356,
              51.349428
            ],
            [
              3.825367,
              51.349683
            ],
            [
              3.814383,
              51.350164
            ],
            [
              3.794639,
              51.356461
            ],
            [
              3.779531,
              51.361378
            ],
            [
              3.7792,
              51.360383
            ],
            [
              3.793778,
              51.355081
            ],
            [
              3.813767,
              51.348806
            ],
            [
              3.825864,
              51.348725
            ],
            [
              3.833389,
              51.348533
            ],
            [
              3.846236,
              51.348164
            ],
            [
              3.8538929,
              51.3498253
            ],
            [
              3.865631,
              51.352372
            ]
          ]
        ]
      },
      "id": "relation/9745212"
    },
    {
      "type": "Feature",
      "properties": {
        "@id": "relation/9745214",
        "name": "Fietspad",
        "place": "locality",
        "seamark:information": "Small craft and pleasure craft are urgently requested to use the channel parallel to the main fairway, named \"Fietspad\".",
        "seamark:name": "Fietspad",
        "seamark:type": "separation_boundary",
        "source": "https://www.defensie.nl/english/topics/notices-to-mariners/contents/database/by-week?week=23&year=2016&1800series=true *224/16",
        "type": "multipolygon"
      },
      "geometry": {
        "type": "Polygon",
        "coordinates": [
          [
            [
              4.02225,
              51.434983
            ],
            [
              4.036756,
              51.422131
            ],
            [
              4.039033,
              51.41205
            ],
            [
              4.0395306,
              51.402425
            ],
            [
              4.0398583,
              51.3933778
            ],
            [
              4.040583,
              51.3863
            ],
            [
              4.0461389,
              51.3810222
            ],
            [
              4.0411889,
              51.3871889
            ],
            [
              4.0430611,
              51.3933111
            ],
            [
              4.0428778,
              51.4023417
            ],
            [
              4.0438583,
              51.410625
            ],
            [
              4.044363,
              51.421733
            ],
            [
              4.034475,
              51.428353
            ],
            [
              4.02225,
              51.434983
            ]
          ]
        ]
      },
      "id": "relation/9745214"
    },
    {
      "type": "Feature",
      "properties": {
        "@id": "relation/10351247",
        "name": "Fietspad Gat van Osenisse - Groen",
        "place": "locality",
        "seamark:information": "Small craft and pleasure craft are urgently requested to use the channel parallel to the main fairway, named \"Fietspad\".",
        "seamark:name": "Fietspad Gat van Osenisse - Groen",
        "seamark:type": "separation_boundary",
        "type": "multipolygon"
      },
      "geometry": {
        "type": "Polygon",
        "coordinates": [
          [
            [
              3.959917,
              51.3996
            ],
            [
              3.9573,
              51.391567
            ],
            [
              3.953633,
              51.38455
            ],
            [
              3.940142,
              51.375331
            ],
            [
              3.9277,
              51.368983
            ],
            [
              3.910867,
              51.361183
            ],
            [
              3.92925,
              51.367617
            ],
            [
              3.942783,
              51.373217
            ],
            [
              3.957033,
              51.383833
            ],
            [
              3.9599,
              51.390867
            ],
            [
              3.959917,
              51.3996
            ]
          ]
        ]
      },
      "id": "relation/10351247"
    },
    {
      "type": "Feature",
      "properties": {
        "@id": "way/112191578",
        "seamark:type": "separation_boundary"
      },
      "geometry": {
        "type": "LineString",
        "coordinates": [
          [
            0.275733,
            53.5789
          ],
          [
            0.2358,
            53.55695
          ],
          [
            0.2206683,
            53.5563601
          ],
          [
            0.1859876,
            53.5522567
          ],
          [
            0.1770461,
            53.551217
          ],
          [
            0.1704719,
            53.5529493
          ],
          [
            0.1236508,
            53.5651946
          ],
          [
            0.1211487,
            53.5620568
          ],
          [
            0.116458,
            53.5562386
          ],
          [
            0.1132866,
            53.5523019
          ],
          [
            0.151817,
            53.538983
          ],
          [
            0.1563085,
            53.542346
          ],
          [
            0.1648657,
            53.5487527
          ],
          [
            0.1704719,
            53.5529493
          ]
        ]
      },
      "id": "way/112191578"
    },
    {
      "type": "Feature",
      "properties": {
        "@id": "way/112284718",
        "seamark:type": "separation_boundary"
      },
      "geometry": {
        "type": "LineString",
        "coordinates": [
          [
            0.3586591,
            53.5094884
          ],
          [
            0.304917,
            53.531633
          ],
          [
            0.2986419,
            53.5267382
          ],
          [
            0.2849838,
            53.5160824
          ],
          [
            0.276933,
            53.5098
          ],
          [
            0.3351395,
            53.4864652
          ]
        ]
      },
      "id": "way/112284718"
    },
    {
      "type": "Feature",
      "properties": {
        "@id": "way/112284725",
        "seamark:type": "separation_boundary"
      },
      "geometry": {
        "type": "LineString",
        "coordinates": [
          [
            0.1856353,
            53.5396399
          ],
          [
            0.185705,
            53.5421684
          ],
          [
            0.1858744,
            53.5483041
          ],
          [
            0.1859876,
            53.5522567
          ]
        ]
      },
      "id": "way/112284725"
    },
    {
      "type": "Feature",
      "properties": {
        "@id": "way/112284727",
        "seamark:type": "separation_boundary"
      },
      "geometry": {
        "type": "LineString",
        "coordinates": [
          [
            0.219617,
            53.5403
          ],
          [
            0.2198518,
            53.5438357
          ],
          [
            0.2203841,
            53.55185
          ],
          [
            0.2206683,
            53.5563601
          ]
        ]
      },
      "id": "way/112284727"
    },
    {
      "type": "Feature",
      "properties": {
        "@id": "way/112284728",
        "seamark:type": "separation_boundary"
      },
      "geometry": {
        "type": "LineString",
        "coordinates": [
          [
            0.3540001,
            53.6449999
          ],
          [
            0.335033,
            53.621183
          ],
          [
            0.304917,
            53.600283
          ],
          [
            0.275733,
            53.5789
          ],
          [
            0.2805979,
            53.5765094
          ],
          [
            0.2890788,
            53.5723416
          ],
          [
            0.293233,
            53.5703
          ],
          [
            0.323283,
            53.592
          ],
          [
            0.35335,
            53.612
          ],
          [
            0.374833,
            53.639167
          ]
        ]
      },
      "id": "way/112284728"
    },
    {
      "type": "Feature",
      "properties": {
        "@id": "way/112284729",
        "seamark:type": "separation_boundary"
      },
      "geometry": {
        "type": "LineString",
        "coordinates": [
          [
            0.3829693,
            53.5317059
          ],
          [
            0.304917,
            53.531633
          ],
          [
            0.3050036,
            53.538849
          ],
          [
            0.30478,
            53.5525373
          ],
          [
            0.304737,
            53.5590873
          ],
          [
            0.3046994,
            53.5648188
          ],
          [
            0.293233,
            53.5703
          ]
        ]
      },
      "id": "way/112284729"
    },
    {
      "type": "Feature",
      "properties": {
        "@id": "way/112284734",
        "seamark:type": "separation_boundary"
      },
      "geometry": {
        "type": "LineString",
        "coordinates": [
          [
            0.304737,
            53.5590873
          ],
          [
            0.382869,
            53.5590872
          ]
        ]
      },
      "id": "way/112284734"
    },
    {
      "type": "Feature",
      "properties": {
        "@id": "way/112284735",
        "seamark:type": "separation_boundary"
      },
      "geometry": {
        "type": "LineString",
        "coordinates": [
          [
            0.276933,
            53.5098
          ],
          [
            0.219617,
            53.5403
          ],
          [
            0.1856353,
            53.5396399
          ],
          [
            0.151817,
            53.538983
          ]
        ]
      },
      "id": "way/112284735"
    },
    {
      "type": "Feature",
      "properties": {
        "@id": "way/112394924",
        "note": "precautionary area",
        "seamark:type": "separation_boundary",
        "source": "IMO COLREG.2 Circ.67"
      },
      "geometry": {
        "type": "LineString",
        "coordinates": [
          [
            3.9325,
            52.1196667
          ],
          [
            3.8723333,
            52.3171667
          ],
          [
            3.888,
            52.3661667
          ],
          [
            3.9046302,
            52.4176524
          ]
        ]
      },
      "id": "way/112394924"
    },
    {
      "type": "Feature",
      "properties": {
        "@id": "way/112394930",
        "seamark:type": "separation_boundary",
        "source": "IMO COLREG.2 Circ.67"
      },
      "geometry": {
        "type": "LineString",
        "coordinates": [
          [
            2.9838333,
            52.2236667
          ],
          [
            2.936,
            52.1831667
          ]
        ]
      },
      "id": "way/112394930"
    },
    {
      "type": "Feature",
      "properties": {
        "@id": "way/112394932",
        "ref:imo": "(c),(f),(i)",
        "seamark:type": "separation_boundary"
      },
      "geometry": {
        "type": "LineString",
        "coordinates": [
          [
            4.2725,
            53.1361667
          ],
          [
            3.8906667,
            52.9445
          ],
          [
            3.426,
            52.5951667
          ],
          [
            3.3861667,
            52.5618333
          ]
        ]
      },
      "id": "way/112394932"
    },
    {
      "type": "Feature",
      "properties": {
        "@id": "way/112394935",
        "seamark:type": "separation_boundary",
        "source": "IMO COLREG.2 Circ.67"
      },
      "geometry": {
        "type": "LineString",
        "coordinates": [
          [
            3.746681,
            52.1816161
          ],
          [
            3.7493333,
            52.2336667
          ],
          [
            3.7955,
            52.378
          ],
          [
            3.8088333,
            52.4193333
          ]
        ]
      },
      "id": "way/112394935"
    },
    {
      "type": "Feature",
      "properties": {
        "@id": "way/112394939",
        "seamark:type": "separation_boundary",
        "source": "IMO COLREG.2 Circ.67"
      },
      "geometry": {
        "type": "LineString",
        "coordinates": [
          [
            3.6375,
            52.1181667
          ],
          [
            3.544,
            52.1513333
          ]
        ]
      },
      "id": "way/112394939"
    },
    {
      "type": "Feature",
      "properties": {
        "@id": "way/112394948",
        "seamark:type": "separation_boundary",
        "source": "IMO COLREG.2 Circ.67"
      },
      "geometry": {
        "type": "LineString",
        "coordinates": [
          [
            2.620167,
            51.724
          ],
          [
            2.524615,
            51.654582
          ],
          [
            2.4541667,
            51.6033333
          ],
          [
            2.3969444,
            51.5521133
          ],
          [
            2.3397222,
            51.5008355
          ],
          [
            2.2825,
            51.4495
          ]
        ]
      },
      "id": "way/112394948"
    },
    {
      "type": "Feature",
      "properties": {
        "@id": "way/112779588",
        "seamark:type": "separation_boundary",
        "source": "IMO COLREG.2 Circ.67"
      },
      "geometry": {
        "type": "LineString",
        "coordinates": [
          [
            3.2637383,
            52.194295
          ],
          [
            3.1616667,
            52.1286667
          ],
          [
            3.1053333,
            52.0925
          ]
        ]
      },
      "id": "way/112779588"
    },
    {
      "type": "Feature",
      "properties": {
        "@id": "way/113064995",
        "note": "deep water route",
        "seamark:type": "separation_boundary"
      },
      "geometry": {
        "type": "LineString",
        "coordinates": [
          [
            3.5811162,
            51.9981848
          ],
          [
            3.5873333,
            51.9986667
          ],
          [
            3.7375342,
            52.0107758
          ],
          [
            3.883,
            52.0225
          ],
          [
            3.889694,
            52.0227021
          ],
          [
            3.8963901,
            52.0225292
          ],
          [
            3.903033,
            52.0219828
          ],
          [
            3.910546,
            52.0208968
          ],
          [
            3.9178333,
            52.0193333
          ],
          [
            3.9301593,
            52.016278
          ],
          [
            3.9317078,
            52.0158942
          ],
          [
            4.0186667,
            51.9943333
          ],
          [
            4.0428656,
            51.9876578
          ],
          [
            4.0456717,
            51.9919985
          ],
          [
            4.022,
            51.999
          ],
          [
            3.9485,
            52.0171667
          ],
          [
            3.9508538,
            52.0182362
          ],
          [
            3.9529239,
            52.0195087
          ],
          [
            3.9546644,
            52.020956
          ],
          [
            3.9560369,
            52.0225461
          ],
          [
            3.957011,
            52.0242438
          ],
          [
            3.9575651,
            52.0260116
          ],
          [
            3.9576871,
            52.0278103
          ],
          [
            3.9573741,
            52.0296002
          ],
          [
            3.9565805,
            52.031435
          ],
          [
            3.9553303,
            52.0331707
          ],
          [
            3.9536543,
            52.0347649
          ],
          [
            3.9515937,
            52.0361781
          ],
          [
            3.9491993,
            52.0373757
          ],
          [
            3.9465299,
            52.0383282
          ],
          [
            3.9436511,
            52.0390122
          ],
          [
            3.940634,
            52.0394108
          ],
          [
            3.9375526,
            52.0395144
          ],
          [
            3.9346114,
            52.0393863
          ],
          [
            3.9311996,
            52.0388465
          ],
          [
            3.8833333,
            52.0333333
          ],
          [
            3.7345699,
            52.0214038
          ],
          [
            3.5861667,
            52.0095
          ],
          [
            3.4215,
            51.9958333
          ],
          [
            3.3021667,
            51.9858333
          ],
          [
            3.231,
            51.9798333
          ],
          [
            3.2300372,
            51.9831415
          ],
          [
            3.2271951,
            51.9865768
          ],
          [
            3.2227684,
            51.9893028
          ],
          [
            3.2171905,
            51.991053
          ],
          [
            3.2110073,
            51.991656
          ],
          [
            3.2078333,
            51.9915
          ],
          [
            3.1376667,
            51.9855
          ],
          [
            3.0215,
            52.0061667
          ],
          [
            3.0144538,
            52.0071825
          ],
          [
            3.0072378,
            52.0075196
          ],
          [
            3.0000233,
            52.0071699
          ],
          [
            2.9929818,
            52.0061418
          ],
          [
            2.9862807,
            52.0044597
          ],
          [
            2.9800792,
            52.0021635
          ],
          [
            2.9745246,
            51.9993076
          ],
          [
            2.9697491,
            51.9959598
          ],
          [
            2.965866,
            51.9921995
          ],
          [
            2.9629677,
            51.9881161
          ],
          [
            2.961123,
            51.9838065
          ],
          [
            2.9604613,
            51.9805159
          ],
          [
            2.9604156,
            51.9772
          ],
          [
            2.9609866,
            51.9739025
          ],
          [
            2.9621667,
            51.9706667
          ],
          [
            2.9113333,
            51.9546667
          ],
          [
            2.7608333,
            51.9068333
          ],
          [
            2.6708333,
            51.849
          ],
          [
            2.6837171,
            51.8412703
          ],
          [
            2.6958333,
            51.834
          ],
          [
            2.777,
            51.8861667
          ],
          [
            2.8600931,
            51.9184117
          ],
          [
            2.9215,
            51.9421667
          ],
          [
            3.0010914,
            51.9491653
          ],
          [
            3.1333333,
            51.9606667
          ],
          [
            3.2993333,
            51.9748333
          ],
          [
            3.4195,
            51.9848333
          ],
          [
            3.4963333,
            51.9911667
          ],
          [
            3.558524,
            51.9809437
          ],
          [
            3.5589037,
            51.9808835
          ],
          [
            3.5592854,
            51.980828
          ],
          [
            3.5596687,
            51.9807772
          ],
          [
            3.5600536,
            51.9807312
          ],
          [
            3.5604348,
            51.9806904
          ],
          [
            3.5608274,
            51.9806533
          ],
          [
            3.5612558,
            51.9806188
          ],
          [
            3.5616057,
            51.9805946
          ],
          [
            3.5619961,
            51.9805724
          ],
          [
            3.5623774,
            51.9805555
          ],
          [
            3.5627369,
            51.9805438
          ],
          [
            3.5631705,
            51.9805348
          ],
          [
            3.5635664,
            51.9805319
          ],
          [
            3.5639545,
            51.9805338
          ],
          [
            3.5643282,
            51.9805402
          ],
          [
            3.5647532,
            51.9805528
          ],
          [
            3.5651292,
            51.9805685
          ],
          [
            3.5655197,
            51.9805897
          ],
          [
            3.5659341,
            51.9806177
          ],
          [
            3.5662984,
            51.9806466
          ],
          [
            3.5666914,
            51.9806827
          ],
          [
            3.567106,
            51.9807264
          ],
          [
            3.5678048,
            51.9808127
          ],
          [
            3.5682235,
            51.980872
          ],
          [
            3.5686036,
            51.9809313
          ],
          [
            3.5689818,
            51.9809952
          ],
          [
            3.5693973,
            51.9810715
          ],
          [
            3.5701028,
            51.9812147
          ],
          [
            3.5704715,
            51.9812971
          ],
          [
            3.5708545,
            51.9813882
          ],
          [
            3.5726295,
            51.9818874
          ],
          [
            3.5736669,
            51.9822435
          ],
          [
            3.5743208,
            51.9824949
          ],
          [
            3.5752909,
            51.9829106
          ],
          [
            3.5756245,
            51.9830665
          ],
          [
            3.5765359,
            51.9835291
          ],
          [
            3.5771088,
            51.9838505
          ],
          [
            3.5779435,
            51.9843681
          ],
          [
            3.578946,
            51.9850815
          ],
          [
            3.5795552,
            51.9855634
          ],
          [
            3.5798988,
            51.9858812
          ],
          [
            3.5807062,
            51.9866855
          ],
          [
            3.5815912,
            51.9877734
          ],
          [
            3.5817499,
            51.988002
          ],
          [
            3.5822866,
            51.9888937
          ],
          [
            3.5827212,
            51.9898422
          ],
          [
            3.5829624,
            51.9905582
          ],
          [
            3.5831328,
            51.991279
          ],
          [
            3.5831705,
            51.9914963
          ],
          [
            3.5832327,
            51.9920027
          ],
          [
            3.5832495,
            51.9922262
          ],
          [
            3.5832602,
            51.9924842
          ],
          [
            3.5832571,
            51.992959
          ],
          [
            3.5831142,
            51.99416
          ],
          [
            3.5830583,
            51.9944159
          ],
          [
            3.5826898,
            51.9955799
          ],
          [
            3.5822463,
            51.9965227
          ],
          [
            3.5819755,
            51.9969899
          ],
          [
            3.5818459,
            51.9971949
          ],
          [
            3.581531,
            51.9976283
          ],
          [
            3.5812064,
            51.9980749
          ],
          [
            3.5811162,
            51.9981848
          ]
        ]
      },
      "id": "way/113064995"
    },
    {
      "type": "Feature",
      "properties": {
        "@id": "way/113080804",
        "note": "deep water route",
        "seamark:type": "separation_boundary"
      },
      "geometry": {
        "type": "LineString",
        "coordinates": [
          [
            2.7316373,
            52.3416531
          ],
          [
            2.7470795,
            52.3597513
          ],
          [
            2.771181,
            52.3879833
          ],
          [
            2.8223828,
            52.4479003
          ],
          [
            2.9086859,
            52.548709
          ],
          [
            2.9775224,
            52.6289498
          ],
          [
            3.0479309,
            52.710871
          ],
          [
            3.1233303,
            52.798429
          ],
          [
            3.2375,
            52.9291667
          ]
        ]
      },
      "id": "way/113080804"
    },
    {
      "type": "Feature",
      "properties": {
        "@id": "way/113080805",
        "note": "deep water route",
        "seamark:type": "separation_boundary"
      },
      "geometry": {
        "type": "LineString",
        "coordinates": [
          [
            2.7813333,
            53.3646667
          ],
          [
            2.7741413,
            53.3537149
          ],
          [
            2.7436728,
            53.3080415
          ],
          [
            2.7074192,
            53.2521181
          ],
          [
            2.6711655,
            53.1961214
          ],
          [
            2.6349119,
            53.1400516
          ],
          [
            2.5986583,
            53.0839084
          ],
          [
            2.5986439,
            53.0233881
          ],
          [
            2.5986312,
            52.9696446
          ],
          [
            2.598603,
            52.8508426
          ],
          [
            2.5985851,
            52.7749349
          ],
          [
            2.5985634,
            52.6831779
          ],
          [
            2.5985256,
            52.5225308
          ],
          [
            2.5984997,
            52.4119581
          ],
          [
            2.5984734,
            52.299518
          ],
          [
            2.5877799,
            52.1963513
          ],
          [
            2.5801813,
            52.1228972
          ],
          [
            2.5720509,
            52.0441682
          ],
          [
            2.5600658,
            51.9754257
          ],
          [
            2.56,
            51.9146667
          ]
        ]
      },
      "id": "way/113080805"
    },
    {
      "type": "Feature",
      "properties": {
        "@id": "way/113080806",
        "seamark:type": "separation_boundary"
      },
      "geometry": {
        "type": "LineString",
        "coordinates": [
          [
            4.5601326,
            53.486083
          ],
          [
            4.589715,
            53.5387845
          ],
          [
            4.6192973,
            53.5914205
          ]
        ]
      },
      "id": "way/113080806"
    },
    {
      "type": "Feature",
      "properties": {
        "@id": "way/113080807",
        "seamark:type": "separation_boundary"
      },
      "geometry": {
        "type": "LineString",
        "coordinates": [
          [
            4.148,
            54.0311667
          ],
          [
            3.715278,
            54.007039
          ]
        ]
      },
      "id": "way/113080807"
    },
    {
      "type": "Feature",
      "properties": {
        "@id": "way/113080810",
        "note": "deep water route",
        "seamark:type": "separation_boundary"
      },
      "geometry": {
        "type": "LineString",
        "coordinates": [
          [
            3.3666667,
            52.9028333
          ],
          [
            3.2564402,
            52.7783237
          ],
          [
            3.1882827,
            52.7000508
          ],
          [
            3.1038452,
            52.6028866
          ],
          [
            3.0231654,
            52.5098447
          ],
          [
            2.9135717,
            52.3831424
          ],
          [
            2.8628636,
            52.3243948
          ],
          [
            2.7917404,
            52.241864
          ],
          [
            2.7185521,
            52.1567762
          ]
        ]
      },
      "id": "way/113080810"
    },
    {
      "type": "Feature",
      "properties": {
        "@id": "way/113080811",
        "note": "deep water route",
        "seamark:type": "separation_boundary"
      },
      "geometry": {
        "type": "LineString",
        "coordinates": [
          [
            2.908,
            53.3358333
          ],
          [
            2.9011948,
            53.3258588
          ],
          [
            2.871679,
            53.2817596
          ],
          [
            2.8367611,
            53.2283937
          ],
          [
            2.8018431,
            53.1749612
          ],
          [
            2.7669252,
            53.1214621
          ],
          [
            2.7320072,
            53.0678963
          ],
          [
            2.7319624,
            52.9805667
          ],
          [
            2.7319007,
            52.8599705
          ],
          [
            2.7318554,
            52.7712689
          ],
          [
            2.7318082,
            52.6785958
          ],
          [
            2.7317234,
            52.5118
          ],
          [
            2.7316909,
            52.4476371
          ],
          [
            2.7316605,
            52.3876253
          ],
          [
            2.7316461,
            52.359155
          ],
          [
            2.7316373,
            52.3416531
          ]
        ]
      },
      "id": "way/113080811"
    },
    {
      "type": "Feature",
      "properties": {
        "@id": "way/113080817",
        "seamark:type": "separation_boundary"
      },
      "geometry": {
        "type": "LineString",
        "coordinates": [
          [
            7.4484651,
            54.1378463
          ],
          [
            7.4998333,
            54.0832868
          ],
          [
            7.549833,
            54.0268
          ]
        ]
      },
      "id": "way/113080817"
    },
    {
      "type": "Feature",
      "properties": {
        "@id": "way/113080820",
        "seamark:type": "separation_boundary"
      },
      "geometry": {
        "type": "LineString",
        "coordinates": [
          [
            4.1656667,
            53.9526667
          ],
          [
            3.6468333,
            53.7231667
          ],
          [
            3.4733333,
            53.3823333
          ]
        ]
      },
      "id": "way/113080820"
    },
    {
      "type": "Feature",
      "properties": {
        "@id": "way/113080821",
        "seamark:type": "separation_boundary"
      },
      "geometry": {
        "type": "LineString",
        "coordinates": [
          [
            3.6623333,
            53.3315
          ],
          [
            3.7895,
            53.5
          ],
          [
            4.3886667,
            53.765
          ],
          [
            4.7653333,
            53.9993333
          ]
        ]
      },
      "id": "way/113080821"
    },
    {
      "type": "Feature",
      "properties": {
        "@id": "way/113080822",
        "name": "Vlieland Junction",
        "note": "precautionary area",
        "seamark:type": "separation_boundary"
      },
      "geometry": {
        "type": "LineString",
        "coordinates": [
          [
            4.8234705,
            53.5487548
          ],
          [
            4.7998876,
            53.5162659
          ],
          [
            4.7763047,
            53.4837521
          ],
          [
            4.7395541,
            53.4750023
          ],
          [
            4.7028034,
            53.4662507
          ],
          [
            4.726303,
            53.4987645
          ],
          [
            4.7498025,
            53.5312534
          ],
          [
            4.7866365,
            53.540005
          ],
          [
            4.8234705,
            53.5487548
          ]
        ]
      },
      "id": "way/113080822"
    },
    {
      "type": "Feature",
      "properties": {
        "@id": "way/113246815",
        "seamark:name": "Recommended crossing route for small vessels",
        "seamark:type": "separation_boundary"
      },
      "geometry": {
        "type": "LineString",
        "coordinates": [
          [
            4.001425,
            52.0068492
          ],
          [
            4.0431059,
            52.0317106
          ],
          [
            4.0311667,
            52.0366667
          ],
          [
            3.9861429,
            52.0106654
          ],
          [
            4.001425,
            52.0068492
          ]
        ]
      },
      "id": "way/113246815"
    },
    {
      "type": "Feature",
      "properties": {
        "@id": "way/113246816",
        "seamark:name": "Recommended crossing route for small vessels",
        "seamark:type": "separation_boundary"
      },
      "geometry": {
        "type": "LineString",
        "coordinates": [
          [
            3.9299687,
            51.9783519
          ],
          [
            3.945,
            51.973333
          ],
          [
            3.9878796,
            51.9988177
          ],
          [
            3.9721042,
            52.0026757
          ],
          [
            3.9299687,
            51.9783519
          ]
        ]
      },
      "id": "way/113246816"
    },
    {
      "type": "Feature",
      "properties": {
        "@id": "way/113424185",
        "seamark:type": "separation_boundary"
      },
      "geometry": {
        "type": "LineString",
        "coordinates": [
          [
            2.908,
            53.3358333
          ],
          [
            3.0166667,
            53.49
          ],
          [
            3.1833333,
            53.6785
          ],
          [
            3.465553,
            53.884808
          ],
          [
            3.748,
            53.9206667
          ]
        ]
      },
      "id": "way/113424185"
    },
    {
      "type": "Feature",
      "properties": {
        "@id": "way/113729831",
        "ref:imo": "(i)",
        "seamark:name": "Southern Boundary",
        "seamark:type": "separation_boundary"
      },
      "geometry": {
        "type": "LineString",
        "coordinates": [
          [
            1.8636667,
            51.7908333
          ],
          [
            2.118,
            51.8648333
          ]
        ]
      },
      "id": "way/113729831"
    },
    {
      "type": "Feature",
      "properties": {
        "@id": "way/113993429",
        "ref:imo": "(m)",
        "seamark:name": "Western Boundary",
        "seamark:type": "separation_boundary"
      },
      "geometry": {
        "type": "LineString",
        "coordinates": [
          [
            1.7218333,
            51.9416667
          ],
          [
            1.712,
            51.9113333
          ]
        ]
      },
      "id": "way/113993429"
    },
    {
      "type": "Feature",
      "properties": {
        "@id": "way/113993443",
        "ref:imo": "(e)",
        "seamark:name": "Northbound Boundary",
        "seamark:type": "separation_boundary"
      },
      "geometry": {
        "type": "LineString",
        "coordinates": [
          [
            1.8471667,
            51.647
          ],
          [
            1.8356667,
            51.7108333
          ]
        ]
      },
      "id": "way/113993443"
    },
    {
      "type": "Feature",
      "properties": {
        "@id": "way/113993446",
        "seamark:type": "separation_boundary"
      },
      "geometry": {
        "type": "LineString",
        "coordinates": [
          [
            8.0898396,
            53.9659536
          ],
          [
            8.220146,
            53.9889197
          ]
        ]
      },
      "id": "way/113993446"
    },
    {
      "type": "Feature",
      "properties": {
        "@id": "way/113993448",
        "seamark:type": "separation_boundary"
      },
      "geometry": {
        "type": "LineString",
        "coordinates": [
          [
            7.549833,
            54.0268
          ],
          [
            7.5000001,
            54.0197601
          ],
          [
            7.4999973,
            54.0197597
          ],
          [
            7.4086637,
            54.0068062
          ],
          [
            7.253625,
            53.9859803
          ],
          [
            7.1054375,
            53.9649546
          ],
          [
            6.95725,
            53.9439182
          ],
          [
            6.8090625,
            53.9228713
          ],
          [
            6.660875,
            53.9018137
          ],
          [
            6.5126875,
            53.8807455
          ],
          [
            6.3645,
            53.8596667
          ],
          [
            6.2258519,
            53.8329755
          ],
          [
            6.0872037,
            53.8062674
          ],
          [
            5.9485556,
            53.7795422
          ],
          [
            5.8099074,
            53.7528
          ],
          [
            5.6712593,
            53.7260408
          ],
          [
            5.5326111,
            53.6992645
          ],
          [
            5.393963,
            53.6724711
          ],
          [
            5.2553148,
            53.6456608
          ],
          [
            5.115458,
            53.618144
          ]
        ]
      },
      "id": "way/113993448"
    },
    {
      "type": "Feature",
      "properties": {
        "@id": "way/113993456",
        "ref:imo": "(a)",
        "seamark:name": "Western Boundary",
        "seamark:type": "separation_boundary"
      },
      "geometry": {
        "type": "LineString",
        "coordinates": [
          [
            1.6738333,
            51.6348333
          ],
          [
            1.6565,
            51.802
          ],
          [
            1.636,
            51.8036667
          ]
        ]
      },
      "id": "way/113993456"
    },
    {
      "type": "Feature",
      "properties": {
        "@id": "way/113993466",
        "seamark:type": "separation_boundary"
      },
      "geometry": {
        "type": "LineString",
        "coordinates": [
          [
            7.3728742,
            54.220414
          ],
          [
            7.2271666,
            54.2193336
          ],
          [
            7.08,
            54.2175004
          ],
          [
            6.9328333,
            54.2156672
          ],
          [
            6.7856667,
            54.2138338
          ],
          [
            6.6385,
            54.2120004
          ],
          [
            6.4913334,
            54.2101669
          ],
          [
            6.3441667,
            54.2083333
          ],
          [
            6.17375,
            54.1950022
          ],
          [
            6.0033333,
            54.1816667
          ]
        ]
      },
      "id": "way/113993466"
    },
    {
      "type": "Feature",
      "properties": {
        "@id": "way/117560527",
        "seamark:type": "separation_boundary"
      },
      "geometry": {
        "type": "LineString",
        "coordinates": [
          [
            4.8641364,
            53.6045904
          ],
          [
            5.1283333,
            54.0281667
          ]
        ]
      },
      "id": "way/117560527"
    },
    {
      "type": "Feature",
      "properties": {
        "@id": "way/117560529",
        "ref:imo": "(b)",
        "seamark:type": "separation_boundary"
      },
      "geometry": {
        "type": "LineString",
        "coordinates": [
          [
            4.0867967,
            52.627964
          ],
          [
            4.152333,
            52.724667
          ],
          [
            4.165,
            52.7433333
          ],
          [
            4.2835,
            52.8396667
          ],
          [
            4.3722722,
            52.9767361
          ],
          [
            4.4633333,
            53.0636667
          ]
        ]
      },
      "id": "way/117560529"
    },
    {
      "type": "Feature",
      "properties": {
        "@id": "way/117560531",
        "seamark:type": "separation_boundary"
      },
      "geometry": {
        "type": "LineString",
        "coordinates": [
          [
            4.8006349,
            53.6010895
          ],
          [
            5.065,
            54.023
          ]
        ]
      },
      "id": "way/117560531"
    },
    {
      "type": "Feature",
      "properties": {
        "@id": "way/117560538",
        "seamark:type": "separation_boundary"
      },
      "geometry": {
        "type": "LineString",
        "coordinates": [
          [
            4.901,
            54.01
          ],
          [
            4.6192973,
            53.5914205
          ]
        ]
      },
      "id": "way/117560538"
    },
    {
      "type": "Feature",
      "properties": {
        "@id": "way/126610444",
        "seamark:type": "separation_boundary"
      },
      "geometry": {
        "type": "LineString",
        "coordinates": [
          [
            11.9987555,
            54.4511246
          ],
          [
            12.0854743,
            54.4510122
          ],
          [
            12.1568283,
            54.4678062
          ],
          [
            12.1771682,
            54.5258498
          ]
        ]
      },
      "id": "way/126610444"
    },
    {
      "type": "Feature",
      "properties": {
        "@id": "way/126610445",
        "seamark:type": "separation_boundary"
      },
      "geometry": {
        "type": "LineString",
        "coordinates": [
          [
            11.9988333,
            54.3893333
          ],
          [
            12.083867,
            54.389367
          ],
          [
            12.1622,
            54.389367
          ],
          [
            12.252196,
            54.452697
          ],
          [
            12.292196,
            54.5127
          ]
        ]
      },
      "id": "way/126610445"
    },
    {
      "type": "Feature",
      "properties": {
        "@id": "way/126610446",
        "seamark:type": "separation_boundary"
      },
      "geometry": {
        "type": "LineString",
        "coordinates": [
          [
            12.7205,
            54.781
          ],
          [
            12.565145,
            54.7219909
          ],
          [
            12.4115495,
            54.6641119
          ],
          [
            12.2638333,
            54.6076667
          ],
          [
            12.2133333,
            54.5216667
          ],
          [
            12.1883333,
            54.4621667
          ],
          [
            12.175,
            54.4516667
          ]
        ]
      },
      "id": "way/126610446"
    },
    {
      "type": "Feature",
      "properties": {
        "@id": "way/126610447",
        "seamark:type": "separation_boundary"
      },
      "geometry": {
        "type": "LineString",
        "coordinates": [
          [
            12.1983333,
            54.4428333
          ],
          [
            12.220333,
            54.4585
          ],
          [
            12.2533333,
            54.5166667
          ],
          [
            12.2821667,
            54.5893333
          ],
          [
            12.43,
            54.647667
          ],
          [
            12.576,
            54.706333
          ],
          [
            12.7338333,
            54.7676667
          ]
        ]
      },
      "id": "way/126610447"
    },
    {
      "type": "Feature",
      "properties": {
        "@id": "way/126869127",
        "seamark:type": "separation_boundary"
      },
      "geometry": {
        "type": "LineString",
        "coordinates": [
          [
            10.2970888,
            54.5073273
          ],
          [
            10.2617555,
            54.4934937
          ]
        ]
      },
      "id": "way/126869127"
    },
    {
      "type": "Feature",
      "properties": {
        "@id": "way/126869128",
        "seamark:type": "separation_boundary"
      },
      "geometry": {
        "type": "LineString",
        "coordinates": [
          [
            10.2916746,
            54.4685931
          ],
          [
            10.3221746,
            54.4860933
          ]
        ]
      },
      "id": "way/126869128"
    },
    {
      "type": "Feature",
      "properties": {
        "@id": "way/127101946",
        "name": "Hoburgs Bank",
        "note": "Area to be avoided",
        "seamark:type": "separation_boundary"
      },
      "geometry": {
        "type": "LineString",
        "coordinates": [
          [
            18.64615,
            56.8253833
          ],
          [
            18.6986674,
            56.7481395
          ],
          [
            18.7513,
            56.6705667
          ],
          [
            18.6768075,
            56.5350817
          ],
          [
            18.6033667,
            56.4010333
          ],
          [
            18.3702272,
            56.3902212
          ],
          [
            18.14055,
            56.3795667
          ],
          [
            18.1215256,
            56.4834473
          ],
          [
            18.1033,
            56.5827
          ],
          [
            18.3759903,
            56.7048029
          ],
          [
            18.64615,
            56.8253833
          ]
        ]
      },
      "id": "way/127101946"
    },
    {
      "type": "Feature",
      "properties": {
        "@id": "way/127101948",
        "name": "Norra Midsjöbanken",
        "note": "Area to be avoided",
        "seamark:type": "separation_boundary"
      },
      "geometry": {
        "type": "LineString",
        "coordinates": [
          [
            17.6401333,
            56.1312167
          ],
          [
            17.4290673,
            56.0835646
          ],
          [
            17.2195333,
            56.0362
          ],
          [
            17.2280333,
            56.1682833
          ],
          [
            17.4268667,
            56.2502667
          ],
          [
            17.6401333,
            56.1312167
          ]
        ]
      },
      "id": "way/127101948"
    },
    {
      "type": "Feature",
      "properties": {
        "@id": "way/127213008",
        "seamark:type": "separation_boundary"
      },
      "geometry": {
        "type": "LineString",
        "coordinates": [
          [
            20.562,
            59.6988333
          ],
          [
            20.4857092,
            59.7299109
          ],
          [
            20.4085,
            59.7613333
          ]
        ]
      },
      "id": "way/127213008"
    },
    {
      "type": "Feature",
      "properties": {
        "@id": "way/127213019",
        "seamark:type": "separation_boundary"
      },
      "geometry": {
        "type": "LineString",
        "coordinates": [
          [
            20.3266667,
            59.7386667
          ],
          [
            20.4595,
            59.7145
          ],
          [
            20.5056667,
            59.676
          ]
        ]
      },
      "id": "way/127213019"
    },
    {
      "type": "Feature",
      "properties": {
        "@id": "way/129765060",
        "note": "inshore traffic zone boundary",
        "seamark:type": "separation_boundary"
      },
      "geometry": {
        "type": "LineString",
        "coordinates": [
          [
            7.8571405,
            53.7901171
          ],
          [
            7.8176507,
            53.8032349
          ],
          [
            7.552067,
            53.891233
          ]
        ]
      },
      "id": "way/129765060"
    },
    {
      "type": "Feature",
      "properties": {
        "@id": "way/129765069",
        "seamark:type": "separation_boundary"
      },
      "geometry": {
        "type": "LineString",
        "coordinates": [
          [
            7.7752883,
            53.9215096
          ],
          [
            7.552067,
            53.891233
          ],
          [
            7.4056875,
            53.8708494
          ],
          [
            7.2580417,
            53.8498549
          ],
          [
            7.1103958,
            53.8288499
          ],
          [
            6.96275,
            53.8078343
          ],
          [
            6.8151042,
            53.7868082
          ],
          [
            6.6674583,
            53.7657716
          ],
          [
            6.5533333,
            53.7483333
          ],
          [
            6.3746944,
            53.7222778
          ],
          [
            6.2405926,
            53.6980808
          ],
          [
            6.1090185,
            53.6724794
          ],
          [
            5.9774444,
            53.6468624
          ],
          [
            5.8458704,
            53.6212298
          ],
          [
            5.7142963,
            53.5955817
          ],
          [
            5.5827222,
            53.569918
          ],
          [
            5.4511481,
            53.5442387
          ],
          [
            5.3195741,
            53.5185438
          ],
          [
            5.188333,
            53.493333
          ]
        ]
      },
      "id": "way/129765069"
    },
    {
      "type": "Feature",
      "properties": {
        "@id": "way/129828423",
        "seamark:type": "separation_boundary"
      },
      "geometry": {
        "type": "LineString",
        "coordinates": [
          [
            5.1897729,
            53.4838588
          ],
          [
            5.2141529,
            53.3602531
          ]
        ]
      },
      "id": "way/129828423"
    },
    {
      "type": "Feature",
      "properties": {
        "@id": "way/129828425",
        "seamark:type": "separation_boundary"
      },
      "geometry": {
        "type": "LineString",
        "coordinates": [
          [
            4.4633333,
            53.0636667
          ],
          [
            4.5258933,
            53.1231953
          ],
          [
            4.5884763,
            53.1825736
          ]
        ]
      },
      "id": "way/129828425"
    },
    {
      "type": "Feature",
      "properties": {
        "@id": "way/129828426",
        "seamark:type": "separation_boundary"
      },
      "geometry": {
        "type": "LineString",
        "coordinates": [
          [
            4.4986346,
            53.3762455
          ],
          [
            4.5293836,
            53.4311997
          ],
          [
            4.5601326,
            53.486083
          ]
        ]
      },
      "id": "way/129828426"
    },
    {
      "type": "Feature",
      "properties": {
        "@id": "way/129844212",
        "seamark:type": "separation_boundary"
      },
      "geometry": {
        "type": "LineString",
        "coordinates": [
          [
            3.3118333,
            53.063
          ],
          [
            3.2375,
            52.9291667
          ]
        ]
      },
      "id": "way/129844212"
    },
    {
      "type": "Feature",
      "properties": {
        "@id": "way/129844214",
        "seamark:type": "separation_boundary"
      },
      "geometry": {
        "type": "LineString",
        "coordinates": [
          [
            3.3666667,
            52.9028333
          ],
          [
            3.4413333,
            53.0366667
          ]
        ]
      },
      "id": "way/129844214"
    },
    {
      "type": "Feature",
      "properties": {
        "@id": "way/129846906",
        "note": "deep water route",
        "seamark:type": "separation_boundary"
      },
      "geometry": {
        "type": "LineString",
        "coordinates": [
          [
            3.4413333,
            53.0366667
          ],
          [
            3.6623333,
            53.3315
          ]
        ]
      },
      "id": "way/129846906"
    },
    {
      "type": "Feature",
      "properties": {
        "@id": "way/129846907",
        "note": "deep water route",
        "seamark:type": "separation_boundary"
      },
      "geometry": {
        "type": "LineString",
        "coordinates": [
          [
            3.4733333,
            53.3823333
          ],
          [
            3.3118333,
            53.063
          ]
        ]
      },
      "id": "way/129846907"
    },
    {
      "type": "Feature",
      "properties": {
        "@id": "way/129847579",
        "seamark:type": "separation_boundary"
      },
      "geometry": {
        "type": "LineString",
        "coordinates": [
          [
            5.1283333,
            54.0281667
          ],
          [
            6.05,
            54.1016667
          ]
        ]
      },
      "id": "way/129847579"
    },
    {
      "type": "Feature",
      "properties": {
        "@id": "way/129848370",
        "seamark:type": "separation_boundary"
      },
      "geometry": {
        "type": "LineString",
        "coordinates": [
          [
            6.05,
            54.1016667
          ],
          [
            6.1995833,
            54.1134183
          ],
          [
            6.3491667,
            54.1251667
          ],
          [
            6.506381,
            54.1270717
          ],
          [
            6.6635953,
            54.1289767
          ],
          [
            6.8208096,
            54.1308815
          ],
          [
            6.9780238,
            54.1327863
          ],
          [
            7.1352381,
            54.1346909
          ],
          [
            7.2924524,
            54.1365955
          ],
          [
            7.4484651,
            54.1378463
          ]
        ]
      },
      "id": "way/129848370"
    },
    {
      "type": "Feature",
      "properties": {
        "@id": "way/129848371",
        "seamark:type": "separation_boundary",
        "source": "IMO COLREG.2/Circ.66"
      },
      "geometry": {
        "type": "LineString",
        "coordinates": [
          [
            5.1128333,
            54.1023333
          ],
          [
            5.0135,
            54.0945
          ]
        ]
      },
      "id": "way/129848371"
    },
    {
      "type": "Feature",
      "properties": {
        "@id": "way/129851008",
        "seamark:type": "separation_boundary"
      },
      "geometry": {
        "type": "LineString",
        "coordinates": [
          [
            4.1656667,
            53.9526667
          ],
          [
            3.748,
            53.9206667
          ]
        ]
      },
      "id": "way/129851008"
    },
    {
      "type": "Feature",
      "properties": {
        "@id": "way/129851014",
        "seamark:type": "separation_boundary"
      },
      "geometry": {
        "type": "LineString",
        "coordinates": [
          [
            3.715278,
            54.007039
          ],
          [
            3.287214,
            53.9762
          ],
          [
            3.0233333,
            53.74
          ],
          [
            2.94,
            53.6116667
          ],
          [
            2.7813333,
            53.3646667
          ]
        ]
      },
      "id": "way/129851014"
    },
    {
      "type": "Feature",
      "properties": {
        "@id": "way/129914568",
        "seamark:type": "separation_boundary"
      },
      "geometry": {
        "type": "LineString",
        "coordinates": [
          [
            2.4986667,
            51.3575
          ],
          [
            2.4086476,
            51.3324909
          ]
        ]
      },
      "id": "way/129914568"
    },
    {
      "type": "Feature",
      "properties": {
        "@id": "way/129914572",
        "seamark:type": "separation_boundary"
      },
      "geometry": {
        "type": "LineString",
        "coordinates": [
          [
            2.4986667,
            51.3908333
          ],
          [
            2.4403333,
            51.3791667
          ],
          [
            2.366977,
            51.3666644
          ],
          [
            2.2936667,
            51.3541667
          ],
          [
            2.2048333,
            51.3805
          ]
        ]
      },
      "id": "way/129914572"
    },
    {
      "type": "Feature",
      "properties": {
        "@id": "way/129922877",
        "seamark:type": "separation_boundary"
      },
      "geometry": {
        "type": "LineString",
        "coordinates": [
          [
            2.2825,
            51.4495
          ],
          [
            2.2048333,
            51.3805
          ]
        ]
      },
      "id": "way/129922877"
    },
    {
      "type": "Feature",
      "properties": {
        "@id": "way/129922878",
        "seamark:type": "separation_boundary"
      },
      "geometry": {
        "type": "LineString",
        "coordinates": [
          [
            1.7601667,
            51.1625
          ],
          [
            1.7445834,
            51.1667502
          ],
          [
            1.729,
            51.171
          ]
        ]
      },
      "id": "way/129922878"
    },
    {
      "type": "Feature",
      "properties": {
        "@id": "way/129922879",
        "note": "inshore traffic boundary",
        "seamark:type": "separation_boundary"
      },
      "geometry": {
        "type": "LineString",
        "coordinates": [
          [
            -0.0715,
            50.5773333
          ],
          [
            -0.281,
            50.8266667
          ]
        ]
      },
      "id": "way/129922879"
    },
    {
      "type": "Feature",
      "properties": {
        "@id": "way/129922880",
        "seamark:type": "separation_boundary"
      },
      "geometry": {
        "type": "LineString",
        "coordinates": [
          [
            1.9731667,
            51.3671667
          ],
          [
            2.0256667,
            51.3371765
          ],
          [
            2.0781667,
            51.3071667
          ]
        ]
      },
      "id": "way/129922880"
    },
    {
      "type": "Feature",
      "properties": {
        "@id": "way/129922881",
        "note": "inshore traffic boundary",
        "seamark:type": "separation_boundary"
      },
      "geometry": {
        "type": "LineString",
        "coordinates": [
          [
            1.111,
            50.5015
          ],
          [
            1.227375,
            50.5015
          ],
          [
            1.34375,
            50.5015
          ],
          [
            1.460125,
            50.5015
          ],
          [
            1.5765,
            50.5015
          ]
        ]
      },
      "id": "way/129922881"
    },
    {
      "type": "Feature",
      "properties": {
        "@id": "way/129922882",
        "note": "inshore traffic boundary",
        "seamark:type": "separation_boundary"
      },
      "geometry": {
        "type": "LineString",
        "coordinates": [
          [
            1.3706667,
            51.1403333
          ],
          [
            1.3706667,
            51.091276
          ],
          [
            1.3706667,
            51.0421667
          ]
        ]
      },
      "id": "way/129922882"
    },
    {
      "type": "Feature",
      "properties": {
        "@id": "way/129922883",
        "note": "inshore traffic boundary",
        "seamark:type": "separation_boundary"
      },
      "geometry": {
        "type": "LineString",
        "coordinates": [
          [
            1.5116667,
            50.894
          ],
          [
            1.5826667,
            50.8683333
          ]
        ]
      },
      "id": "way/129922883"
    },
    {
      "type": "Feature",
      "properties": {
        "@id": "way/129922890",
        "note": "precautionary area",
        "seamark:type": "separation_boundary"
      },
      "geometry": {
        "type": "LineString",
        "coordinates": [
          [
            2.0671667,
            51.4218333
          ],
          [
            2.0246667,
            51.4461667
          ],
          [
            1.9601667,
            51.3748333
          ],
          [
            1.9731667,
            51.3671667
          ],
          [
            2.0671667,
            51.4218333
          ]
        ]
      },
      "id": "way/129922890"
    },
    {
      "type": "Feature",
      "properties": {
        "@id": "way/129922891",
        "seamark:type": "separation_boundary"
      },
      "geometry": {
        "type": "LineString",
        "coordinates": [
          [
            2.0361667,
            51.561
          ],
          [
            1.95775,
            51.508447
          ],
          [
            1.8793333,
            51.4558333
          ],
          [
            1.8306111,
            51.3825066
          ],
          [
            1.7818889,
            51.3090621
          ],
          [
            1.7331667,
            51.2355
          ],
          [
            1.6240833,
            51.175539
          ],
          [
            1.515,
            51.1155
          ],
          [
            1.4433516,
            51.0784524
          ],
          [
            1.2625244,
            50.9848191
          ],
          [
            1.1533456,
            50.9281941
          ],
          [
            1.0441667,
            50.8715
          ]
        ]
      },
      "id": "way/129922891"
    },
    {
      "type": "Feature",
      "properties": {
        "@id": "way/129922896",
        "seamark:type": "separation_boundary",
        "source": "IMO COLREG.2 Circ.67"
      },
      "geometry": {
        "type": "LineString",
        "coordinates": [
          [
            2.4325,
            51.8255
          ],
          [
            2.4046389,
            51.8068279
          ],
          [
            2.3309444,
            51.757769
          ],
          [
            2.25725,
            51.7086569
          ],
          [
            2.1835556,
            51.6594913
          ],
          [
            2.1098611,
            51.6102724
          ],
          [
            2.0361667,
            51.561
          ]
        ]
      },
      "id": "way/129922896"
    },
    {
      "type": "Feature",
      "properties": {
        "@id": "way/129970396",
        "seamark:type": "separation_boundary",
        "source": "IMO COLREG.2 Circ.67"
      },
      "geometry": {
        "type": "LineString",
        "coordinates": [
          [
            3.5781667,
            52.079
          ],
          [
            3.4708333,
            52.0776667
          ],
          [
            3.4366667,
            52.0771667
          ]
        ]
      },
      "id": "way/129970396"
    },
    {
      "type": "Feature",
      "properties": {
        "@id": "way/129970397",
        "seamark:type": "separation_boundary"
      },
      "geometry": {
        "type": "LineString",
        "coordinates": [
          [
            3.5776667,
            52.084
          ],
          [
            3.5031667,
            52.1103333
          ]
        ]
      },
      "id": "way/129970397"
    },
    {
      "type": "Feature",
      "properties": {
        "@id": "way/129970398",
        "seamark:type": "separation_boundary",
        "source": "IMO COLREG.2 Circ.67"
      },
      "geometry": {
        "type": "LineString",
        "coordinates": [
          [
            3.4048333,
            51.9016667
          ],
          [
            3.5943333,
            51.9376667
          ]
        ]
      },
      "id": "way/129970398"
    },
    {
      "type": "Feature",
      "properties": {
        "@id": "way/129971773",
        "note": "inshore traffic zone",
        "seamark:type": "separation_boundary"
      },
      "geometry": {
        "type": "LineString",
        "coordinates": [
          [
            3.4048333,
            51.9016667
          ],
          [
            3.428625,
            51.8181494
          ],
          [
            3.4524167,
            51.7344771
          ],
          [
            3.4762083,
            51.6506496
          ],
          [
            3.5,
            51.5666667
          ]
        ]
      },
      "id": "way/129971773"
    },
    {
      "type": "Feature",
      "properties": {
        "@id": "way/129988229",
        "seamark:type": "separation_boundary",
        "source": "IMO COLREG.2 Circ.67"
      },
      "geometry": {
        "type": "LineString",
        "coordinates": [
          [
            3.2738333,
            51.8765
          ],
          [
            3.154833,
            51.853667
          ]
        ]
      },
      "id": "way/129988229"
    },
    {
      "type": "Feature",
      "properties": {
        "@id": "way/129988233",
        "seamark:type": "separation_boundary"
      },
      "geometry": {
        "type": "LineString",
        "coordinates": [
          [
            3.3488184,
            52.1645613
          ],
          [
            3.3255,
            52.0756667
          ]
        ]
      },
      "id": "way/129988233"
    },
    {
      "type": "Feature",
      "properties": {
        "@id": "way/136869442",
        "seamark:type": "separation_boundary"
      },
      "geometry": {
        "type": "LineString",
        "coordinates": [
          [
            -5.4383333,
            48.51
          ],
          [
            -5.4141192,
            48.5030821
          ],
          [
            -5.3916667,
            48.4966667
          ]
        ]
      },
      "id": "way/136869442"
    },
    {
      "type": "Feature",
      "properties": {
        "@id": "way/136869443",
        "seamark:type": "separation_boundary"
      },
      "geometry": {
        "type": "LineString",
        "coordinates": [
          [
            -5.215,
            48.6333333
          ],
          [
            -5.2297966,
            48.6473099
          ],
          [
            -5.245,
            48.6616667
          ]
        ]
      },
      "id": "way/136869443"
    },
    {
      "type": "Feature",
      "properties": {
        "@id": "way/136869444",
        "seamark:type": "separation_boundary"
      },
      "geometry": {
        "type": "LineString",
        "coordinates": [
          [
            -5.4183333,
            48.81
          ],
          [
            -5.4475,
            48.8445953
          ],
          [
            -5.4766667,
            48.8791667
          ]
        ]
      },
      "id": "way/136869444"
    },
    {
      "type": "Feature",
      "properties": {
        "@id": "way/136869447",
        "seamark:type": "separation_boundary"
      },
      "geometry": {
        "type": "LineString",
        "coordinates": [
          [
            -5.5416667,
            48.95
          ],
          [
            -5.5712496,
            48.9841784
          ],
          [
            -5.6008333,
            49.0183333
          ]
        ]
      },
      "id": "way/136869447"
    },
    {
      "type": "Feature",
      "properties": {
        "@id": "way/136869448",
        "seamark:type": "separation_boundary"
      },
      "geometry": {
        "type": "LineString",
        "coordinates": [
          [
            -6.0266667,
            48.7
          ],
          [
            -5.9733281,
            48.6808392
          ],
          [
            -5.92,
            48.6616667
          ]
        ]
      },
      "id": "way/136869448"
    },
    {
      "type": "Feature",
      "properties": {
        "@id": "way/136869449",
        "seamark:type": "separation_boundary"
      },
      "geometry": {
        "type": "LineString",
        "coordinates": [
          [
            -5.81,
            48.6233333
          ],
          [
            -5.7575,
            48.6041703
          ],
          [
            -5.705,
            48.585
          ]
        ]
      },
      "id": "way/136869449"
    },
    {
      "type": "Feature",
      "properties": {
        "@id": "way/136869450",
        "seamark:type": "separation_boundary"
      },
      "geometry": {
        "type": "LineString",
        "coordinates": [
          [
            -5.3675,
            48.4898333
          ],
          [
            -5.1338637,
            48.4222134
          ],
          [
            -5.022001,
            48.4660711
          ],
          [
            -5.1983333,
            48.62
          ]
        ]
      },
      "id": "way/136869450"
    },
    {
      "type": "Feature",
      "properties": {
        "@id": "way/153641172",
        "seamark:type": "separation_boundary"
      },
      "geometry": {
        "type": "LineString",
        "coordinates": [
          [
            28.0227823,
            43.147241
          ],
          [
            28.0257292,
            43.1481426
          ],
          [
            28.0278946,
            43.1492323
          ],
          [
            28.0305329,
            43.1505073
          ],
          [
            28.033104,
            43.1519049
          ],
          [
            28.0357759,
            43.1535722
          ],
          [
            28.0378932,
            43.1550923
          ],
          [
            28.0403803,
            43.1571027
          ],
          [
            28.0425144,
            43.1589537
          ],
          [
            28.044531,
            43.1610253
          ],
          [
            28.0462786,
            43.1631091
          ],
          [
            28.0478918,
            43.1652786
          ],
          [
            28.0493538,
            43.1676318
          ],
          [
            28.0505133,
            43.169887
          ],
          [
            28.0515888,
            43.172191
          ],
          [
            28.0523114,
            43.1744215
          ],
          [
            28.0528323,
            43.1764067
          ],
          [
            28.053034,
            43.177767
          ]
        ]
      },
      "id": "way/153641172"
    },
    {
      "type": "Feature",
      "properties": {
        "@id": "way/153641179",
        "seamark:type": "separation_boundary"
      },
      "geometry": {
        "type": "LineString",
        "coordinates": [
          [
            28.0620574,
            43.2237674
          ],
          [
            28.0320116,
            43.214762
          ]
        ]
      },
      "id": "way/153641179"
    },
    {
      "type": "Feature",
      "properties": {
        "@id": "way/153641185",
        "seamark:type": "separation_boundary"
      },
      "geometry": {
        "type": "LineString",
        "coordinates": [
          [
            27.9682075,
            43.1500994
          ],
          [
            27.9660211,
            43.1513131
          ],
          [
            27.9626465,
            43.1532202
          ],
          [
            27.959557,
            43.1553353
          ],
          [
            27.9564676,
            43.157797
          ],
          [
            27.9542337,
            43.159912
          ],
          [
            27.9521424,
            43.1622002
          ],
          [
            27.9500986,
            43.1650083
          ],
          [
            27.9483875,
            43.167643
          ],
          [
            27.9470091,
            43.1699656
          ],
          [
            27.9457258,
            43.1728774
          ],
          [
            27.9448703,
            43.1761703
          ],
          [
            27.9442049,
            43.1791511
          ],
          [
            27.9438722,
            43.1820624
          ],
          [
            27.9439197,
            43.1846617
          ],
          [
            27.9442485,
            43.1872151
          ],
          [
            27.9448189,
            43.1906805
          ],
          [
            27.9460547,
            43.194319
          ],
          [
            27.9475756,
            43.1975761
          ],
          [
            27.9493342,
            43.2005559
          ],
          [
            27.9515681,
            43.2037087
          ],
          [
            27.9539446,
            43.2063417
          ],
          [
            27.9564637,
            43.2088014
          ],
          [
            27.9594106,
            43.2109839
          ],
          [
            27.9623574,
            43.213097
          ],
          [
            27.9659697,
            43.2151753
          ],
          [
            27.9688086,
            43.2166707
          ],
          [
            27.9716067,
            43.2182081
          ]
        ]
      },
      "id": "way/153641185"
    },
    {
      "type": "Feature",
      "properties": {
        "@id": "way/153641189",
        "seamark:type": "separation_boundary"
      },
      "geometry": {
        "type": "LineString",
        "coordinates": [
          [
            28.0508998,
            43.1951411
          ],
          [
            28.0499252,
            43.197334
          ],
          [
            28.0489673,
            43.1989633
          ],
          [
            28.0474045,
            43.2013642
          ]
        ]
      },
      "id": "way/153641189"
    },
    {
      "type": "Feature",
      "properties": {
        "@id": "way/153641191",
        "seamark:type": "separation_boundary"
      },
      "geometry": {
        "type": "LineString",
        "coordinates": [
          [
            28.0320116,
            43.214762
          ],
          [
            28.0292548,
            43.2162168
          ],
          [
            28.0264506,
            43.2174638
          ],
          [
            28.0232423,
            43.2187454
          ],
          [
            28.0196538,
            43.219975
          ],
          [
            28.0164693,
            43.2208409
          ],
          [
            28.0132848,
            43.2215509
          ],
          [
            28.0107992,
            43.2222257
          ]
        ]
      },
      "id": "way/153641191"
    },
    {
      "type": "Feature",
      "properties": {
        "@id": "way/162917797",
        "seamark:type": "separation_boundary"
      },
      "geometry": {
        "type": "LineString",
        "coordinates": [
          [
            27.760497,
            63.0906564
          ],
          [
            27.7545752,
            63.0896926
          ],
          [
            27.7529325,
            63.0830557
          ],
          [
            27.7521314,
            63.0800121
          ],
          [
            27.7514622,
            63.078644
          ],
          [
            27.7515737,
            63.0777992
          ],
          [
            27.7543622,
            63.0774411
          ],
          [
            27.7552749,
            63.07925
          ],
          [
            27.7573231,
            63.0823717
          ],
          [
            27.7596047,
            63.0859108
          ],
          [
            27.7628089,
            63.0899267
          ],
          [
            27.760497,
            63.0906564
          ]
        ]
      },
      "id": "way/162917797"
    },
    {
      "type": "Feature",
      "properties": {
        "@id": "way/162918465",
        "seamark:type": "separation_boundary"
      },
      "geometry": {
        "type": "LineString",
        "coordinates": [
          [
            28.6323951,
            62.0283023
          ],
          [
            28.6401624,
            62.0290157
          ],
          [
            28.6391484,
            62.0316218
          ],
          [
            28.6071768,
            62.0417827
          ],
          [
            28.6046316,
            62.0401283
          ],
          [
            28.6323951,
            62.0283023
          ]
        ]
      },
      "id": "way/162918465"
    },
    {
      "type": "Feature",
      "properties": {
        "@id": "way/162918481",
        "seamark:type": "separation_boundary"
      },
      "geometry": {
        "type": "LineString",
        "coordinates": [
          [
            28.6575628,
            62.0188648
          ],
          [
            28.6658979,
            62.0166192
          ],
          [
            28.6766463,
            62.0149349
          ],
          [
            28.6799317,
            62.0154487
          ],
          [
            28.6750442,
            62.0187411
          ],
          [
            28.6531011,
            62.0260859
          ],
          [
            28.6575628,
            62.0188648
          ]
        ]
      },
      "id": "way/162918481"
    },
    {
      "type": "Feature",
      "properties": {
        "@id": "way/171432730",
        "seamark:type": "separation_boundary"
      },
      "geometry": {
        "type": "LineString",
        "coordinates": [
          [
            28.3374831,
            60.528568
          ],
          [
            28.3376305,
            60.4718412
          ],
          [
            28.2078256,
            60.4337879
          ],
          [
            28.0644101,
            60.4113523
          ],
          [
            27.98926,
            60.3595875
          ],
          [
            27.9440709,
            60.3284209
          ],
          [
            27.8497426,
            60.2632671
          ],
          [
            27.7766311,
            60.2126787
          ],
          [
            27.7710369,
            60.2132814
          ],
          [
            27.7663188,
            60.2133484
          ],
          [
            27.7621737,
            60.2131977
          ],
          [
            27.7576242,
            60.2127289
          ],
          [
            27.7516592,
            60.2117412
          ],
          [
            27.7488958,
            60.2110045
          ],
          [
            27.740774,
            60.2087609
          ],
          [
            27.5591056,
            60.1538588
          ],
          [
            27.3794309,
            60.0994689
          ],
          [
            27.1882701,
            60.0415032
          ],
          [
            27.0411571,
            59.9968248
          ],
          [
            26.961355,
            60.0036996
          ]
        ]
      },
      "id": "way/171432730"
    },
    {
      "type": "Feature",
      "properties": {
        "@id": "way/171432764",
        "seamark:type": "separation_boundary"
      },
      "geometry": {
        "type": "LineString",
        "coordinates": [
          [
            28.3957592,
            60.0475896
          ],
          [
            28.5283697,
            60.0320051
          ],
          [
            28.5788833,
            60.0312333
          ],
          [
            28.5861333,
            60.0311833
          ],
          [
            28.5893464,
            60.0310616
          ],
          [
            28.5950531,
            60.0309601
          ],
          [
            28.6005009,
            60.0308632
          ],
          [
            28.6015745,
            60.0308441
          ],
          [
            28.62185,
            60.0304833
          ],
          [
            28.76085,
            60.0282833
          ]
        ]
      },
      "id": "way/171432764"
    },
    {
      "type": "Feature",
      "properties": {
        "@id": "way/171432833",
        "seamark:type": "separation_boundary"
      },
      "geometry": {
        "type": "LineString",
        "coordinates": [
          [
            26.72957,
            59.9810578
          ],
          [
            26.6721388,
            59.9855121
          ],
          [
            26.5115334,
            59.9632879
          ]
        ]
      },
      "id": "way/171432833"
    },
    {
      "type": "Feature",
      "properties": {
        "@id": "way/171432835",
        "seamark:type": "separation_boundary"
      },
      "geometry": {
        "type": "LineString",
        "coordinates": [
          [
            25.6782563,
            59.8394654
          ],
          [
            25.7830809,
            59.8481503
          ],
          [
            25.88403,
            59.8650565
          ]
        ]
      },
      "id": "way/171432835"
    },
    {
      "type": "Feature",
      "properties": {
        "@id": "way/171432849",
        "seamark:type": "separation_boundary"
      },
      "geometry": {
        "type": "LineString",
        "coordinates": [
          [
            25.8314408,
            59.944079
          ],
          [
            25.7433315,
            59.9292331
          ],
          [
            25.6516753,
            59.92172
          ]
        ]
      },
      "id": "way/171432849"
    },
    {
      "type": "Feature",
      "properties": {
        "@id": "way/171432850",
        "seamark:type": "separation_boundary"
      },
      "geometry": {
        "type": "LineString",
        "coordinates": [
          [
            26.742249,
            60.0222882
          ],
          [
            26.5791345,
            60.0344547
          ],
          [
            26.4941718,
            60.0232525
          ]
        ]
      },
      "id": "way/171432850"
    },
    {
      "type": "Feature",
      "properties": {
        "@id": "way/171432901",
        "seamark:type": "separation_boundary"
      },
      "geometry": {
        "type": "LineString",
        "coordinates": [
          [
            28.3957592,
            60.0475896
          ],
          [
            28.2498006,
            60.1131815
          ],
          [
            28.120452,
            60.1296583
          ],
          [
            28.1075189,
            60.1312807
          ],
          [
            27.9551935,
            60.1507567
          ],
          [
            27.7823475,
            60.1728093
          ],
          [
            27.5891484,
            60.1144852
          ],
          [
            27.4324159,
            60.0670939
          ],
          [
            27.2352504,
            60.0073799
          ],
          [
            27.0953702,
            59.9649434
          ],
          [
            27.0874572,
            59.9625411
          ],
          [
            27.0795416,
            59.960154
          ],
          [
            27.0578345,
            59.953555
          ],
          [
            26.9475421,
            59.962674
          ]
        ]
      },
      "id": "way/171432901"
    },
    {
      "type": "Feature",
      "properties": {
        "@id": "way/171432947",
        "seamark:type": "separation_boundary"
      },
      "geometry": {
        "type": "LineString",
        "coordinates": [
          [
            28.371137,
            60.5479568
          ],
          [
            28.3711286,
            60.4711166
          ],
          [
            28.3678596,
            60.4711207
          ],
          [
            28.3071065,
            60.4384083
          ],
          [
            28.0982746,
            60.4062621
          ],
          [
            28.0194664,
            60.352171
          ],
          [
            27.9728262,
            60.3201164
          ],
          [
            27.8783703,
            60.255103
          ],
          [
            27.8051647,
            60.2046271
          ],
          [
            27.97283,
            60.1830267
          ],
          [
            28.1367213,
            60.1618988
          ],
          [
            28.2810167,
            60.1432833
          ],
          [
            28.3258333,
            60.1235833
          ],
          [
            28.3362824,
            60.1189152
          ],
          [
            28.3467927,
            60.1143
          ],
          [
            28.3752833,
            60.1016
          ],
          [
            28.4395333,
            60.1098333
          ],
          [
            28.4563,
            60.0953167
          ],
          [
            28.4378333,
            60.0802
          ]
        ]
      },
      "id": "way/171432947"
    },
    {
      "type": "Feature",
      "properties": {
        "@id": "way/173232507",
        "seamark:type": "separation_boundary"
      },
      "geometry": {
        "type": "LineString",
        "coordinates": [
          [
            19.002,
            60.1631667
          ],
          [
            19.0285,
            60.1471667
          ]
        ]
      },
      "id": "way/173232507"
    },
    {
      "type": "Feature",
      "properties": {
        "@id": "way/173232511",
        "seamark:type": "separation_boundary"
      },
      "geometry": {
        "type": "LineString",
        "coordinates": [
          [
            19.0646667,
            60.4481667
          ],
          [
            19.076,
            60.4918333
          ]
        ]
      },
      "id": "way/173232511"
    },
    {
      "type": "Feature",
      "properties": {
        "@id": "way/173232519",
        "seamark:type": "separation_boundary"
      },
      "geometry": {
        "type": "LineString",
        "coordinates": [
          [
            25.1587549,
            59.8864556
          ],
          [
            25.0939878,
            59.8792984
          ]
        ]
      },
      "id": "way/173232519"
    },
    {
      "type": "Feature",
      "properties": {
        "@id": "way/173232520",
        "seamark:type": "separation_boundary"
      },
      "geometry": {
        "type": "LineString",
        "coordinates": [
          [
            24.7533455,
            59.6373341
          ],
          [
            24.7301478,
            59.6373341
          ]
        ]
      },
      "id": "way/173232520"
    },
    {
      "type": "Feature",
      "properties": {
        "@id": "way/173232522",
        "seamark:type": "separation_boundary"
      },
      "geometry": {
        "type": "LineString",
        "coordinates": [
          [
            18.9393333,
            60.4923333
          ],
          [
            18.9508333,
            60.4481667
          ]
        ]
      },
      "id": "way/173232522"
    },
    {
      "type": "Feature",
      "properties": {
        "@id": "way/173232527",
        "seamark:type": "separation_boundary"
      },
      "geometry": {
        "type": "LineString",
        "coordinates": [
          [
            19.98,
            59.7375
          ],
          [
            19.929,
            59.7373333
          ]
        ]
      },
      "id": "way/173232527"
    },
    {
      "type": "Feature",
      "properties": {
        "@id": "way/173232534",
        "seamark:type": "separation_boundary"
      },
      "geometry": {
        "type": "LineString",
        "coordinates": [
          [
            25.1350415,
            59.7862981
          ],
          [
            25.1998838,
            59.7936677
          ]
        ]
      },
      "id": "way/173232534"
    },
    {
      "type": "Feature",
      "properties": {
        "@id": "way/173232540",
        "seamark:type": "separation_boundary"
      },
      "geometry": {
        "type": "LineString",
        "coordinates": [
          [
            19.1315,
            60.1893333
          ],
          [
            19.105,
            60.2055
          ]
        ]
      },
      "id": "way/173232540"
    },
    {
      "type": "Feature",
      "properties": {
        "@id": "way/173232544",
        "seamark:type": "separation_boundary"
      },
      "geometry": {
        "type": "LineString",
        "coordinates": [
          [
            22.5123052,
            59.3423487
          ],
          [
            22.6422216,
            59.3928046
          ],
          [
            22.8011061,
            59.4218302
          ]
        ]
      },
      "id": "way/173232544"
    },
    {
      "type": "Feature",
      "properties": {
        "@id": "way/173232546",
        "seamark:type": "separation_boundary"
      },
      "geometry": {
        "type": "LineString",
        "coordinates": [
          [
            20.5021667,
            59.565
          ],
          [
            20.3839465,
            59.565
          ],
          [
            20.2631667,
            59.565
          ],
          [
            20.2631667,
            59.5045
          ]
        ]
      },
      "id": "way/173232546"
    },
    {
      "type": "Feature",
      "properties": {
        "@id": "way/173232547",
        "seamark:type": "separation_boundary"
      },
      "geometry": {
        "type": "LineString",
        "coordinates": [
          [
            24.575452,
            59.8215717
          ],
          [
            24.335503,
            59.7947316
          ],
          [
            24.2677175,
            59.7845983
          ]
        ]
      },
      "id": "way/173232547"
    },
    {
      "type": "Feature",
      "properties": {
        "@id": "way/173232548",
        "seamark:type": "separation_boundary"
      },
      "geometry": {
        "type": "LineString",
        "coordinates": [
          [
            22.6923249,
            59.5784867
          ],
          [
            22.4911005,
            59.5422308
          ],
          [
            22.3116833,
            59.4724505
          ]
        ]
      },
      "id": "way/173232548"
    },
    {
      "type": "Feature",
      "properties": {
        "@id": "way/173232560",
        "seamark:type": "separation_boundary"
      },
      "geometry": {
        "type": "LineString",
        "coordinates": [
          [
            24.321355,
            59.6929736
          ],
          [
            24.3828602,
            59.7021994
          ],
          [
            24.5082807,
            59.7163197
          ]
        ]
      },
      "id": "way/173232560"
    },
    {
      "type": "Feature",
      "properties": {
        "@id": "way/173232561",
        "seamark:type": "separation_boundary"
      },
      "geometry": {
        "type": "LineString",
        "coordinates": [
          [
            20.5021667,
            59.632
          ],
          [
            20.3210015,
            59.632
          ],
          [
            20.112,
            59.632
          ],
          [
            19.9195,
            59.7265
          ]
        ]
      },
      "id": "way/173232561"
    },
    {
      "type": "Feature",
      "properties": {
        "@id": "way/173232568",
        "seamark:type": "separation_boundary"
      },
      "geometry": {
        "type": "LineString",
        "coordinates": [
          [
            24.7692838,
            59.4995378
          ],
          [
            24.6889145,
            59.6062159
          ],
          [
            24.7080103,
            59.6206579
          ],
          [
            24.7532818,
            59.6206696
          ]
        ]
      },
      "id": "way/173232568"
    },
    {
      "type": "Feature",
      "properties": {
        "@id": "way/173232573",
        "seamark:type": "separation_boundary"
      },
      "geometry": {
        "type": "LineString",
        "coordinates": [
          [
            19.9946667,
            59.5045
          ],
          [
            19.9946667,
            59.5691667
          ],
          [
            20.0306667,
            59.5691667
          ],
          [
            20.0306667,
            59.5045
          ]
        ]
      },
      "id": "way/173232573"
    },
    {
      "type": "Feature",
      "properties": {
        "@id": "way/173232576",
        "seamark:type": "separation_boundary"
      },
      "geometry": {
        "type": "LineString",
        "coordinates": [
          [
            19.9817745,
            59.7825894
          ],
          [
            19.8445581,
            59.7894701
          ]
        ]
      },
      "id": "way/173232576"
    },
    {
      "type": "Feature",
      "properties": {
        "@id": "way/173232583",
        "seamark:type": "separation_boundary"
      },
      "geometry": {
        "type": "LineString",
        "coordinates": [
          [
            24.3328379,
            59.4915033
          ],
          [
            24.544178,
            59.4914974
          ],
          [
            24.5658833,
            59.4939833
          ],
          [
            24.6302714,
            59.5013315
          ],
          [
            24.6973616,
            59.505236
          ],
          [
            24.7386471,
            59.4936562
          ]
        ]
      },
      "id": "way/173232583"
    },
    {
      "type": "Feature",
      "properties": {
        "@id": "way/173232593",
        "seamark:type": "separation_boundary"
      },
      "geometry": {
        "type": "LineString",
        "coordinates": [
          [
            24.6291822,
            59.6120309
          ],
          [
            24.6582894,
            59.6002884
          ],
          [
            24.6923096,
            59.5552295
          ],
          [
            24.6732949,
            59.5323176
          ],
          [
            24.5642008,
            59.5081495
          ],
          [
            24.3327337,
            59.5081613
          ]
        ]
      },
      "id": "way/173232593"
    },
    {
      "type": "Feature",
      "properties": {
        "@id": "way/173232596",
        "seamark:type": "separation_boundary"
      },
      "geometry": {
        "type": "LineString",
        "coordinates": [
          [
            19.911237,
            59.5046216
          ],
          [
            19.9533333,
            59.5815
          ],
          [
            19.8596667,
            59.6595
          ],
          [
            19.7971667,
            59.6815
          ]
        ]
      },
      "id": "way/173232596"
    },
    {
      "type": "Feature",
      "properties": {
        "@id": "way/178758314",
        "seamark:type": "separation_boundary"
      },
      "geometry": {
        "type": "LineString",
        "coordinates": [
          [
            13.0991333,
            54.8011833
          ],
          [
            13.2360167,
            54.8283167
          ]
        ]
      },
      "id": "way/178758314"
    },
    {
      "type": "Feature",
      "properties": {
        "@id": "way/178758315",
        "seamark:type": "separation_boundary"
      },
      "geometry": {
        "type": "LineString",
        "coordinates": [
          [
            13.1888667,
            54.9071
          ],
          [
            13.0520167,
            54.8799833
          ]
        ]
      },
      "id": "way/178758315"
    },
    {
      "type": "Feature",
      "properties": {
        "@id": "way/178774274",
        "seamark:type": "separation_boundary"
      },
      "geometry": {
        "type": "LineString",
        "coordinates": [
          [
            12.6781217,
            55.2180543
          ],
          [
            12.6749928,
            55.2784429
          ],
          [
            12.8555851,
            55.2406554
          ]
        ]
      },
      "id": "way/178774274"
    },
    {
      "type": "Feature",
      "properties": {
        "@id": "way/178774276",
        "seamark:type": "separation_boundary"
      },
      "geometry": {
        "type": "LineString",
        "coordinates": [
          [
            12.6323588,
            55.420383
          ],
          [
            12.6055144,
            55.3270008
          ],
          [
            12.6045391,
            55.3259778
          ],
          [
            12.6027113,
            55.3239397
          ],
          [
            12.6011337,
            55.321835
          ],
          [
            12.5998136,
            55.3196736
          ],
          [
            12.5987574,
            55.3174655
          ],
          [
            12.59797,
            55.3152213
          ],
          [
            12.5974552,
            55.3129515
          ],
          [
            12.5972153,
            55.3106668
          ],
          [
            12.5972515,
            55.308378
          ],
          [
            12.5975636,
            55.3060959
          ],
          [
            12.5981501,
            55.3038313
          ],
          [
            12.5990084,
            55.3015947
          ],
          [
            12.6001342,
            55.2993969
          ],
          [
            12.6015224,
            55.297248
          ],
          [
            12.6031664,
            55.2951584
          ],
          [
            12.6050584,
            55.2931378
          ],
          [
            12.6071878,
            55.2911974
          ],
          [
            12.6095458,
            55.2893446
          ],
          [
            12.6121214,
            55.2875881
          ],
          [
            12.6149025,
            55.2859363
          ],
          [
            12.615945,
            55.2853739
          ],
          [
            12.6198918,
            55.2175841
          ]
        ]
      },
      "id": "way/178774276"
    },
    {
      "type": "Feature",
      "properties": {
        "@id": "way/178840839",
        "seamark:type": "separation_boundary"
      },
      "geometry": {
        "type": "LineString",
        "coordinates": [
          [
            14.275,
            54.6666667
          ],
          [
            14.405,
            54.6416667
          ],
          [
            14.4916667,
            54.65
          ]
        ]
      },
      "id": "way/178840839"
    },
    {
      "type": "Feature",
      "properties": {
        "@id": "way/178840841",
        "seamark:type": "separation_boundary"
      },
      "geometry": {
        "type": "LineString",
        "coordinates": [
          [
            14.2416667,
            54.6
          ],
          [
            14.4,
            54.575
          ],
          [
            14.5083333,
            54.5833333
          ]
        ]
      },
      "id": "way/178840841"
    },
    {
      "type": "Feature",
      "properties": {
        "@id": "way/178847828",
        "seamark:type": "separation_boundary"
      },
      "geometry": {
        "type": "LineString",
        "coordinates": [
          [
            14.671383,
            55.372478
          ],
          [
            15.0854834,
            55.4794954
          ],
          [
            15.49965,
            55.5863833
          ]
        ]
      },
      "id": "way/178847828"
    },
    {
      "type": "Feature",
      "properties": {
        "@id": "way/178847833",
        "seamark:type": "separation_boundary"
      },
      "geometry": {
        "type": "LineString",
        "coordinates": [
          [
            21.4646,
            59.0974333
          ],
          [
            21.2831195,
            58.9509371
          ],
          [
            21.1016389,
            58.8038161
          ],
          [
            20.9201584,
            58.6560685
          ],
          [
            20.7386778,
            58.5076928
          ],
          [
            20.5571973,
            58.3586872
          ],
          [
            20.3757167,
            58.20905
          ]
        ]
      },
      "id": "way/178847833"
    },
    {
      "type": "Feature",
      "properties": {
        "@id": "way/178857149",
        "seamark:information": "precautionary area",
        "seamark:name": "South Åland Sea",
        "seamark:type": "separation_boundary"
      },
      "geometry": {
        "type": "LineString",
        "coordinates": [
          [
            19.6831667,
            59.7506667
          ],
          [
            19.7971667,
            59.6815
          ],
          [
            19.82025,
            59.6900011
          ],
          [
            19.8433333,
            59.6985
          ],
          [
            19.8591667,
            59.7043333
          ],
          [
            19.8893333,
            59.7154185
          ],
          [
            19.9195,
            59.7265
          ],
          [
            19.929,
            59.7373333
          ],
          [
            19.9130833,
            59.7471681
          ],
          [
            19.8971667,
            59.757
          ],
          [
            19.8808333,
            59.7671667
          ],
          [
            19.8626957,
            59.7783202
          ],
          [
            19.8445581,
            59.7894701
          ],
          [
            19.785,
            59.7928333
          ],
          [
            19.7664798,
            59.7851685
          ],
          [
            19.7479596,
            59.777502
          ],
          [
            19.7199348,
            59.7658976
          ],
          [
            19.7015507,
            59.758283
          ],
          [
            19.6831667,
            59.7506667
          ]
        ]
      },
      "id": "way/178857149"
    },
    {
      "type": "Feature",
      "properties": {
        "@id": "way/178857150",
        "seamark:type": "separation_boundary"
      },
      "geometry": {
        "type": "LineString",
        "coordinates": [
          [
            19.785,
            59.7928333
          ],
          [
            19.7583333,
            59.8091667
          ]
        ]
      },
      "id": "way/178857150"
    },
    {
      "type": "Feature",
      "properties": {
        "@id": "way/178857152",
        "seamark:type": "separation_boundary"
      },
      "geometry": {
        "type": "LineString",
        "coordinates": [
          [
            19.6831667,
            59.7506667
          ],
          [
            19.6565,
            59.7668333
          ]
        ]
      },
      "id": "way/178857152"
    },
    {
      "type": "Feature",
      "properties": {
        "@id": "way/178934527",
        "seamark:information": "circular precautionary area of radius of 6.5 nautical miles",
        "seamark:type": "separation_boundary"
      },
      "geometry": {
        "type": "LineString",
        "coordinates": [
          [
            19.7914694,
            59.8559999
          ],
          [
            19.7879478,
            59.8448325
          ],
          [
            19.7821214,
            59.8339074
          ],
          [
            19.774054,
            59.8233449
          ],
          [
            19.763834,
            59.8132609
          ],
          [
            19.7583333,
            59.8091667
          ],
          [
            19.7397997,
            59.801466
          ],
          [
            19.7212662,
            59.7937636
          ],
          [
            19.6933675,
            59.7821658
          ],
          [
            19.6749337,
            59.7745004
          ],
          [
            19.6565,
            59.7668333
          ],
          [
            19.6440393,
            59.7644477
          ],
          [
            19.6222948,
            59.7615137
          ],
          [
            19.6000604,
            59.7597401
          ],
          [
            19.5775797,
            59.7591468
          ],
          [
            19.555099,
            59.7597401
          ],
          [
            19.5328646,
            59.7615137
          ],
          [
            19.51112,
            59.7644477
          ],
          [
            19.4901037,
            59.7685099
          ],
          [
            19.4700457,
            59.7736552
          ],
          [
            19.4511659,
            59.7798269
          ],
          [
            19.4336712,
            59.7869567
          ],
          [
            19.4177531,
            59.794966
          ],
          [
            19.4035861,
            59.8037664
          ],
          [
            19.3913254,
            59.8132609
          ],
          [
            19.3811054,
            59.8233449
          ],
          [
            19.373038,
            59.8339074
          ],
          [
            19.3672115,
            59.8448325
          ],
          [
            19.3636899,
            59.8559999
          ],
          [
            19.3625118,
            59.8672872
          ],
          [
            19.3636899,
            59.8785707
          ],
          [
            19.3672115,
            59.8897269
          ],
          [
            19.373038,
            59.9006335
          ],
          [
            19.3811054,
            59.9111716
          ],
          [
            19.3913254,
            59.921226
          ],
          [
            19.4035861,
            59.930687
          ],
          [
            19.4177531,
            59.9394515
          ],
          [
            19.4336712,
            59.9474242
          ],
          [
            19.4511659,
            59.9545182
          ],
          [
            19.4700457,
            59.9606564
          ],
          [
            19.4901037,
            59.9657721
          ],
          [
            19.51112,
            59.9698097
          ],
          [
            19.5328646,
            59.9727255
          ],
          [
            19.555099,
            59.9744877
          ],
          [
            19.5775797,
            59.9750772
          ],
          [
            19.6000604,
            59.9744877
          ],
          [
            19.6222948,
            59.9727255
          ],
          [
            19.6440393,
            59.9698097
          ],
          [
            19.6650557,
            59.9657721
          ],
          [
            19.6851136,
            59.9606564
          ],
          [
            19.7039934,
            59.9545182
          ],
          [
            19.7214882,
            59.9474242
          ],
          [
            19.7374063,
            59.9394515
          ],
          [
            19.7515733,
            59.930687
          ],
          [
            19.763834,
            59.921226
          ],
          [
            19.774054,
            59.9111716
          ],
          [
            19.7746404,
            59.9105052
          ],
          [
            19.7821214,
            59.9006335
          ],
          [
            19.7879478,
            59.8897269
          ],
          [
            19.7914694,
            59.8785707
          ],
          [
            19.7926476,
            59.8672872
          ],
          [
            19.7914694,
            59.8559999
          ]
        ]
      },
      "id": "way/178934527"
    },
    {
      "type": "Feature",
      "properties": {
        "@id": "way/179062059",
        "seamark:information": "precautionary area",
        "seamark:name": "TSS In Bornholmsgat",
        "seamark:type": "separation_boundary"
      },
      "geometry": {
        "type": "LineString",
        "coordinates": [
          [
            14.396,
            55.1727833
          ],
          [
            14.33405,
            55.2005667
          ],
          [
            14.31575,
            55.2087667
          ],
          [
            14.2537167,
            55.2365167
          ],
          [
            14.0998333,
            55.2410167
          ],
          [
            14.0957167,
            55.1960333
          ],
          [
            14.0945,
            55.1827667
          ],
          [
            14.1181,
            55.137
          ],
          [
            14.18,
            55.10925
          ],
          [
            14.19825,
            55.1010667
          ],
          [
            14.26005,
            55.0732833
          ],
          [
            14.396,
            55.1727833
          ]
        ]
      },
      "id": "way/179062059"
    },
    {
      "type": "Feature",
      "properties": {
        "@id": "way/179062062",
        "seamark:type": "separation_boundary"
      },
      "geometry": {
        "type": "LineString",
        "coordinates": [
          [
            14,
            55.2438333
          ],
          [
            14.0998333,
            55.2410167
          ]
        ]
      },
      "id": "way/179062062"
    },
    {
      "type": "Feature",
      "properties": {
        "@id": "way/179062065",
        "seamark:type": "separation_boundary"
      },
      "geometry": {
        "type": "LineString",
        "coordinates": [
          [
            14.56025,
            55.4590833
          ],
          [
            14.5098917,
            55.4227168
          ],
          [
            14.4595333,
            55.3863167
          ]
        ]
      },
      "id": "way/179062065"
    },
    {
      "type": "Feature",
      "properties": {
        "@id": "way/179062066",
        "seamark:type": "separation_boundary"
      },
      "geometry": {
        "type": "LineString",
        "coordinates": [
          [
            14,
            55.1404667
          ],
          [
            14.1181,
            55.137
          ]
        ]
      },
      "id": "way/179062066"
    },
    {
      "type": "Feature",
      "properties": {
        "@id": "way/179062067",
        "seamark:type": "separation_boundary"
      },
      "geometry": {
        "type": "LineString",
        "coordinates": [
          [
            14.396,
            55.1727833
          ],
          [
            14.4736,
            55.2293
          ]
        ]
      },
      "id": "way/179062067"
    },
    {
      "type": "Feature",
      "properties": {
        "@id": "way/179062072",
        "seamark:type": "separation_boundary"
      },
      "geometry": {
        "type": "LineString",
        "coordinates": [
          [
            14.0734,
            54.9831167
          ],
          [
            14.1608833,
            55.0003333
          ],
          [
            14.26005,
            55.0732833
          ]
        ]
      },
      "id": "way/179062072"
    },
    {
      "type": "Feature",
      "properties": {
        "@id": "way/179062075",
        "seamark:type": "separation_boundary"
      },
      "geometry": {
        "type": "LineString",
        "coordinates": [
          [
            14.1181,
            55.137
          ],
          [
            14.0518833,
            55.0881833
          ],
          [
            14.0148833,
            55.0808667
          ]
        ]
      },
      "id": "way/179062075"
    },
    {
      "type": "Feature",
      "properties": {
        "@id": "way/179064582",
        "seamark:type": "separation_boundary",
        "source": "UfS 2021-05-20 Nr 859"
      },
      "geometry": {
        "type": "LineString",
        "coordinates": [
          [
            16.9585,
            54.8093333
          ],
          [
            17.2215,
            54.871
          ],
          [
            17.3715,
            54.867
          ]
        ]
      },
      "id": "way/179064582"
    },
    {
      "type": "Feature",
      "properties": {
        "@id": "way/179064583",
        "seamark:type": "separation_boundary"
      },
      "geometry": {
        "type": "LineString",
        "coordinates": [
          [
            16.7558333,
            54.8501667
          ],
          [
            16.4828333,
            54.8276667
          ]
        ]
      },
      "id": "way/179064583"
    },
    {
      "type": "Feature",
      "properties": {
        "@id": "way/179064584",
        "seamark:type": "separation_boundary",
        "source": "UfS 2021-05-20 Nr 859"
      },
      "geometry": {
        "type": "LineString",
        "coordinates": [
          [
            17.3678333,
            54.9243333
          ],
          [
            17.2103333,
            54.9188333
          ],
          [
            16.9331667,
            54.8713333
          ]
        ]
      },
      "id": "way/179064584"
    },
    {
      "type": "Feature",
      "properties": {
        "@id": "way/179064592",
        "seamark:type": "separation_boundary"
      },
      "geometry": {
        "type": "LineString",
        "coordinates": [
          [
            16.4995,
            54.7616667
          ],
          [
            16.772,
            54.7843333
          ]
        ]
      },
      "id": "way/179064592"
    },
    {
      "type": "Feature",
      "properties": {
        "@id": "way/179344482",
        "seamark:type": "separation_boundary"
      },
      "geometry": {
        "type": "LineString",
        "coordinates": [
          [
            21.0293333,
            63.5736667
          ],
          [
            21.0646667,
            63.5786667
          ]
        ]
      },
      "id": "way/179344482"
    },
    {
      "type": "Feature",
      "properties": {
        "@id": "way/179344483",
        "seamark:type": "separation_boundary"
      },
      "geometry": {
        "type": "LineString",
        "coordinates": [
          [
            20.6321667,
            63.4686667
          ],
          [
            20.614,
            63.457
          ]
        ]
      },
      "id": "way/179344483"
    },
    {
      "type": "Feature",
      "properties": {
        "@id": "way/179344484",
        "seamark:type": "separation_boundary"
      },
      "geometry": {
        "type": "LineString",
        "coordinates": [
          [
            21.0554333,
            63.59005
          ],
          [
            21.021,
            63.584
          ]
        ]
      },
      "id": "way/179344484"
    },
    {
      "type": "Feature",
      "properties": {
        "@id": "way/179344485",
        "seamark:type": "separation_boundary"
      },
      "geometry": {
        "type": "LineString",
        "coordinates": [
          [
            20.7566667,
            63.5451667
          ],
          [
            20.6848333,
            63.5371667
          ]
        ]
      },
      "id": "way/179344485"
    },
    {
      "type": "Feature",
      "properties": {
        "@id": "way/179344487",
        "seamark:type": "separation_boundary"
      },
      "geometry": {
        "type": "LineString",
        "coordinates": [
          [
            20.6386667,
            63.4505
          ],
          [
            20.6546667,
            63.4628333
          ]
        ]
      },
      "id": "way/179344487"
    },
    {
      "type": "Feature",
      "properties": {
        "@id": "way/179344492",
        "seamark:type": "separation_boundary"
      },
      "geometry": {
        "type": "LineString",
        "coordinates": [
          [
            20.7295,
            63.5198333
          ],
          [
            20.7706667,
            63.5381667
          ]
        ]
      },
      "id": "way/179344492"
    },
    {
      "type": "Feature",
      "properties": {
        "@id": "way/179416062",
        "ref:imo": "(q)",
        "seamark:name": "Galloper",
        "seamark:type": "separation_boundary"
      },
      "geometry": {
        "type": "LineString",
        "coordinates": [
          [
            1.8488333,
            51.7488333
          ],
          [
            2.0005,
            51.6888333
          ]
        ]
      },
      "id": "way/179416062"
    },
    {
      "type": "Feature",
      "properties": {
        "@id": "way/179416063",
        "seamark:information": "1 nautical mile diameter Area to be Avoided",
        "seamark:name": "Area to be Avoided",
        "seamark:type": "separation_boundary"
      },
      "geometry": {
        "type": "LineString",
        "coordinates": [
          [
            1.7737165,
            51.8278018
          ],
          [
            1.7754721,
            51.8285488
          ],
          [
            1.7770148,
            51.8294578
          ],
          [
            1.7783056,
            51.8305061
          ],
          [
            1.7793123,
            51.8316671
          ],
          [
            1.7800094,
            51.8329119
          ],
          [
            1.7803796,
            51.8342091
          ],
          [
            1.7804134,
            51.835526
          ],
          [
            1.78011,
            51.8368297
          ],
          [
            1.7794771,
            51.8380873
          ],
          [
            1.7785306,
            51.8392674
          ],
          [
            1.7772942,
            51.8403402
          ],
          [
            1.7758593,
            51.8412463
          ],
          [
            1.774218,
            51.8420069
          ],
          [
            1.7724085,
            51.8426045
          ],
          [
            1.770473,
            51.843025
          ],
          [
            1.7684564,
            51.8432588
          ],
          [
            1.7664058,
            51.8433002
          ],
          [
            1.7643688,
            51.8431485
          ],
          [
            1.7623929,
            51.8428071
          ],
          [
            1.760524,
            51.8422839
          ],
          [
            1.7588057,
            51.8415912
          ],
          [
            1.757278,
            51.840745
          ],
          [
            1.7559764,
            51.8397651
          ],
          [
            1.7549312,
            51.8386742
          ],
          [
            1.7541667,
            51.8374977
          ],
          [
            1.7537008,
            51.8362631
          ],
          [
            1.7535443,
            51.834999
          ],
          [
            1.7537185,
            51.8336659
          ],
          [
            1.7542364,
            51.8323674
          ],
          [
            1.7550847,
            51.831137
          ],
          [
            1.7562414,
            51.8300065
          ],
          [
            1.7576766,
            51.8290054
          ],
          [
            1.759353,
            51.8281595
          ],
          [
            1.7612273,
            51.8274907
          ],
          [
            1.7632509,
            51.8270164
          ],
          [
            1.7653714,
            51.8267488
          ],
          [
            1.7675339,
            51.826695
          ],
          [
            1.7696824,
            51.8268562
          ],
          [
            1.7717612,
            51.8272284
          ],
          [
            1.7737165,
            51.8278018
          ]
        ]
      },
      "id": "way/179416063"
    },
    {
      "type": "Feature",
      "properties": {
        "@id": "way/179439559",
        "seamark:type": "separation_boundary"
      },
      "geometry": {
        "type": "LineString",
        "coordinates": [
          [
            -9.6066667,
            43.35
          ],
          [
            -9.415,
            43.2309498
          ],
          [
            -9.2233333,
            43.1116667
          ]
        ]
      },
      "id": "way/179439559"
    },
    {
      "type": "Feature",
      "properties": {
        "@id": "way/179439561",
        "seamark:type": "separation_boundary"
      },
      "geometry": {
        "type": "LineString",
        "coordinates": [
          [
            -9.27,
            42.8816667
          ],
          [
            -9.2719056,
            42.8816667
          ],
          [
            -9.5016667,
            42.8816667
          ],
          [
            -9.7333333,
            42.8816667
          ]
        ]
      },
      "id": "way/179439561"
    },
    {
      "type": "Feature",
      "properties": {
        "@id": "way/179439566",
        "seamark:type": "separation_boundary"
      },
      "geometry": {
        "type": "LineString",
        "coordinates": [
          [
            -10.2283333,
            42.8816667
          ],
          [
            -10.2283333,
            43.099553
          ],
          [
            -10.2283333,
            43.3166667
          ],
          [
            -10.0858333,
            43.5233333
          ]
        ]
      },
      "id": "way/179439566"
    },
    {
      "type": "Feature",
      "properties": {
        "@id": "way/179502352",
        "seamark:type": "separation_boundary"
      },
      "geometry": {
        "type": "LineString",
        "coordinates": [
          [
            18.7695,
            54.5241667
          ],
          [
            18.6845,
            54.5256667
          ]
        ]
      },
      "id": "way/179502352"
    },
    {
      "type": "Feature",
      "properties": {
        "@id": "way/179502355",
        "seamark:type": "separation_boundary"
      },
      "geometry": {
        "type": "LineString",
        "coordinates": [
          [
            18.791,
            54.5131667
          ],
          [
            18.7248333,
            54.4691667
          ]
        ]
      },
      "id": "way/179502355"
    },
    {
      "type": "Feature",
      "properties": {
        "@id": "way/179502358",
        "seamark:type": "separation_boundary"
      },
      "geometry": {
        "type": "LineString",
        "coordinates": [
          [
            18.7703333,
            54.5406667
          ],
          [
            18.6855,
            54.5423333
          ]
        ]
      },
      "id": "way/179502358"
    },
    {
      "type": "Feature",
      "properties": {
        "@id": "way/179502362",
        "seamark:type": "separation_boundary"
      },
      "geometry": {
        "type": "LineString",
        "coordinates": [
          [
            18.6855,
            54.5423333
          ],
          [
            18.6855,
            54.6943333
          ]
        ]
      },
      "id": "way/179502362"
    },
    {
      "type": "Feature",
      "properties": {
        "@id": "way/179502365",
        "seamark:type": "separation_boundary"
      },
      "geometry": {
        "type": "LineString",
        "coordinates": [
          [
            18.7475,
            54.672
          ],
          [
            18.9306667,
            54.672
          ]
        ]
      },
      "id": "way/179502365"
    },
    {
      "type": "Feature",
      "properties": {
        "@id": "way/179502367",
        "seamark:type": "separation_boundary"
      },
      "geometry": {
        "type": "LineString",
        "coordinates": [
          [
            18.7695,
            54.5241667
          ],
          [
            18.7033333,
            54.4801667
          ]
        ]
      },
      "id": "way/179502367"
    },
    {
      "type": "Feature",
      "properties": {
        "@id": "way/179502368",
        "seamark:type": "separation_boundary"
      },
      "geometry": {
        "type": "LineString",
        "coordinates": [
          [
            18.664,
            54.5341667
          ],
          [
            18.7008333,
            54.465
          ]
        ]
      },
      "id": "way/179502368"
    },
    {
      "type": "Feature",
      "properties": {
        "@id": "way/179502370",
        "seamark:type": "separation_boundary"
      },
      "geometry": {
        "type": "LineString",
        "coordinates": [
          [
            19.0358333,
            54.6691667
          ],
          [
            19.0635,
            54.615
          ],
          [
            18.9285,
            54.4516667
          ]
        ]
      },
      "id": "way/179502370"
    },
    {
      "type": "Feature",
      "properties": {
        "@id": "way/179502374",
        "seamark:type": "separation_boundary"
      },
      "geometry": {
        "type": "LineString",
        "coordinates": [
          [
            18.9928333,
            54.4336667
          ],
          [
            19.1398333,
            54.6115
          ],
          [
            19.1043333,
            54.681
          ]
        ]
      },
      "id": "way/179502374"
    },
    {
      "type": "Feature",
      "properties": {
        "@id": "way/179502378",
        "seamark:type": "separation_boundary"
      },
      "geometry": {
        "type": "LineString",
        "coordinates": [
          [
            18.8101667,
            54.526
          ],
          [
            18.909,
            54.4705
          ],
          [
            18.909,
            54.4313333
          ]
        ]
      },
      "id": "way/179502378"
    },
    {
      "type": "Feature",
      "properties": {
        "@id": "way/179502381",
        "seamark:type": "separation_boundary"
      },
      "geometry": {
        "type": "LineString",
        "coordinates": [
          [
            18.9306667,
            54.672
          ],
          [
            18.8806667,
            54.6103333
          ],
          [
            18.8691667,
            54.5905
          ],
          [
            18.8015,
            54.5455
          ]
        ]
      },
      "id": "way/179502381"
    },
    {
      "type": "Feature",
      "properties": {
        "@id": "way/179502383",
        "seamark:type": "separation_boundary"
      },
      "geometry": {
        "type": "LineString",
        "coordinates": [
          [
            18.9693333,
            54.6613333
          ],
          [
            18.9193333,
            54.5996667
          ],
          [
            18.8908333,
            54.5795
          ],
          [
            18.8231667,
            54.5345
          ]
        ]
      },
      "id": "way/179502383"
    },
    {
      "type": "Feature",
      "properties": {
        "@id": "way/179502390",
        "seamark:name": "precautionary area",
        "seamark:type": "separation_boundary"
      },
      "geometry": {
        "type": "LineString",
        "coordinates": [
          [
            18.8231667,
            54.5345
          ],
          [
            18.8123333,
            54.54
          ],
          [
            18.8015,
            54.5455
          ],
          [
            18.7703333,
            54.5406667
          ],
          [
            18.77,
            54.5323333
          ],
          [
            18.7695,
            54.5241667
          ],
          [
            18.7801667,
            54.5186667
          ],
          [
            18.791,
            54.5131667
          ],
          [
            18.8101667,
            54.526
          ],
          [
            18.8231667,
            54.5345
          ]
        ]
      },
      "id": "way/179502390"
    },
    {
      "type": "Feature",
      "properties": {
        "@id": "way/179586827",
        "seamark:type": "separation_boundary"
      },
      "geometry": {
        "type": "LineString",
        "coordinates": [
          [
            -23.4916667,
            63.5333333
          ],
          [
            -23.5205,
            63.5716667
          ]
        ]
      },
      "id": "way/179586827"
    },
    {
      "type": "Feature",
      "properties": {
        "@id": "way/179586830",
        "seamark:type": "separation_boundary"
      },
      "geometry": {
        "type": "LineString",
        "coordinates": [
          [
            -23.601,
            63.5136667
          ],
          [
            -23.6333333,
            63.5561667
          ]
        ]
      },
      "id": "way/179586830"
    },
    {
      "type": "Feature",
      "properties": {
        "@id": "way/179586833",
        "seamark:type": "separation_boundary"
      },
      "geometry": {
        "type": "LineString",
        "coordinates": [
          [
            -22.69,
            64.12
          ],
          [
            -22.7918333,
            64.12
          ],
          [
            -22.8343333,
            64.0985
          ]
        ]
      },
      "id": "way/179586833"
    },
    {
      "type": "Feature",
      "properties": {
        "@id": "way/179586837",
        "seamark:type": "separation_boundary"
      },
      "geometry": {
        "type": "LineString",
        "coordinates": [
          [
            -22.69,
            64.171
          ],
          [
            -22.849,
            64.171
          ],
          [
            -22.9243333,
            64.13
          ]
        ]
      },
      "id": "way/179586837"
    },
    {
      "type": "Feature",
      "properties": {
        "@id": "way/179586840",
        "seamark:type": "separation_boundary"
      },
      "geometry": {
        "type": "LineString",
        "coordinates": [
          [
            -22.69,
            64.12
          ],
          [
            -22.69,
            64.171
          ],
          [
            -22.5543333,
            64.171
          ],
          [
            -22.5543333,
            64.12
          ],
          [
            -22.69,
            64.12
          ]
        ]
      },
      "id": "way/179586840"
    },
    {
      "type": "Feature",
      "properties": {
        "@id": "way/179586841",
        "seamark:type": "separation_boundary"
      },
      "geometry": {
        "type": "LineString",
        "coordinates": [
          [
            -22.9908333,
            64.0938333
          ],
          [
            -22.9243333,
            64.13
          ],
          [
            -22.8343333,
            64.0985
          ],
          [
            -22.9116667,
            64.059
          ],
          [
            -22.9908333,
            64.0938333
          ]
        ]
      },
      "id": "way/179586841"
    },
    {
      "type": "Feature",
      "properties": {
        "@id": "way/179586842",
        "seamark:type": "separation_boundary"
      },
      "geometry": {
        "type": "LineString",
        "coordinates": [
          [
            -23.6166667,
            63.7
          ],
          [
            -23.5205,
            63.5716667
          ],
          [
            -23.6333333,
            63.5561667
          ],
          [
            -23.7281667,
            63.6833333
          ],
          [
            -23.6166667,
            63.7
          ]
        ]
      },
      "id": "way/179586842"
    },
    {
      "type": "Feature",
      "properties": {
        "@id": "way/179604616",
        "seamark:type": "separation_boundary"
      },
      "geometry": {
        "type": "LineString",
        "coordinates": [
          [
            12.7061674,
            55.9846828
          ],
          [
            12.6858611,
            56.0199782
          ],
          [
            12.6658019,
            56.0557974
          ]
        ]
      },
      "id": "way/179604616"
    },
    {
      "type": "Feature",
      "properties": {
        "@id": "way/179604619",
        "seamark:type": "separation_boundary"
      },
      "geometry": {
        "type": "LineString",
        "coordinates": [
          [
            12.6558333,
            56.0133333
          ],
          [
            12.6645007,
            55.9996665
          ],
          [
            12.6664167,
            55.9804
          ]
        ]
      },
      "id": "way/179604619"
    },
    {
      "type": "Feature",
      "properties": {
        "@id": "way/179615244",
        "seamark:type": "separation_boundary"
      },
      "geometry": {
        "type": "LineString",
        "coordinates": [
          [
            -60.555,
            45.3558333
          ],
          [
            -60.575,
            45.3716667
          ]
        ]
      },
      "id": "way/179615244"
    },
    {
      "type": "Feature",
      "properties": {
        "@id": "way/179615246",
        "seamark:type": "separation_boundary"
      },
      "geometry": {
        "type": "LineString",
        "coordinates": [
          [
            -60.575,
            45.3716667
          ],
          [
            -60.5266667,
            45.3691667
          ]
        ]
      },
      "id": "way/179615246"
    },
    {
      "type": "Feature",
      "properties": {
        "@id": "way/179615248",
        "seamark:type": "separation_boundary"
      },
      "geometry": {
        "type": "LineString",
        "coordinates": [
          [
            -60.775,
            45.3816667
          ],
          [
            -61.0753333,
            45.3815
          ],
          [
            -61.1805,
            45.4686667
          ]
        ]
      },
      "id": "way/179615248"
    },
    {
      "type": "Feature",
      "properties": {
        "@id": "way/179615257",
        "seamark:type": "separation_boundary"
      },
      "geometry": {
        "type": "LineString",
        "coordinates": [
          [
            -60.775,
            45.3816667
          ],
          [
            -60.74,
            45.3546667
          ],
          [
            -60.8063333,
            45.2411667
          ]
        ]
      },
      "id": "way/179615257"
    },
    {
      "type": "Feature",
      "properties": {
        "@id": "way/179615262",
        "seamark:type": "separation_boundary"
      },
      "geometry": {
        "type": "LineString",
        "coordinates": [
          [
            -60.3866667,
            45.4333333
          ],
          [
            -60.695,
            45.4238333
          ],
          [
            -61.0543333,
            45.4128333
          ],
          [
            -61.1048333,
            45.4271667
          ],
          [
            -61.1656667,
            45.4783333
          ]
        ]
      },
      "id": "way/179615262"
    },
    {
      "type": "Feature",
      "properties": {
        "@id": "way/179619277",
        "seamark:type": "separation_boundary"
      },
      "geometry": {
        "type": "LineString",
        "coordinates": [
          [
            14.7861667,
            69.7298333
          ],
          [
            14.6335142,
            69.6810457
          ],
          [
            14.4372949,
            69.6181689
          ],
          [
            14.2677876,
            69.5637018
          ],
          [
            14.0884231,
            69.5059157
          ],
          [
            13.9130878,
            69.4492765
          ],
          [
            13.7395513,
            69.393071
          ],
          [
            13.5724579,
            69.3388133
          ],
          [
            13.3906795,
            69.2796321
          ],
          [
            13.2307211,
            69.2274207
          ],
          [
            13.0418077,
            69.1655963
          ],
          [
            12.8736732,
            69.1104242
          ],
          [
            12.6929359,
            69.050961
          ],
          [
            12.532612,
            68.9980786
          ],
          [
            12.3440641,
            68.9357235
          ],
          [
            12.1875493,
            68.8838279
          ],
          [
            11.9951923,
            68.819881
          ],
          [
            11.8349341,
            68.7664639
          ],
          [
            11.6463205,
            68.7034309
          ],
          [
            11.4729646,
            68.6453395
          ],
          [
            11.2974487,
            68.5863704
          ],
          [
            11.1161611,
            68.5252993
          ],
          [
            10.9485769,
            68.468697
          ],
          [
            10.7711368,
            68.4086108
          ],
          [
            10.5997051,
            68.3504077
          ],
          [
            10.4251349,
            68.2909855
          ],
          [
            10.2508333,
            68.2315
          ]
        ]
      },
      "id": "way/179619277"
    },
    {
      "type": "Feature",
      "properties": {
        "@id": "way/179619755",
        "seamark:type": "separation_boundary"
      },
      "geometry": {
        "type": "LineString",
        "coordinates": [
          [
            14.9541667,
            69.8735
          ],
          [
            14.8138922,
            69.828564
          ],
          [
            14.673,
            69.7833333
          ]
        ]
      },
      "id": "way/179619755"
    },
    {
      "type": "Feature",
      "properties": {
        "@id": "way/179619756",
        "seamark:type": "separation_boundary"
      },
      "geometry": {
        "type": "LineString",
        "coordinates": [
          [
            15.2125,
            69.7753333
          ],
          [
            15.0893232,
            69.735804
          ],
          [
            14.9308333,
            69.6848333
          ]
        ]
      },
      "id": "way/179619756"
    },
    {
      "type": "Feature",
      "properties": {
        "@id": "way/179619758",
        "seamark:type": "separation_boundary"
      },
      "geometry": {
        "type": "LineString",
        "coordinates": [
          [
            25.4468333,
            71.6916667
          ],
          [
            25.1736145,
            71.6748819
          ],
          [
            24.8902333,
            71.657457
          ],
          [
            24.6416393,
            71.642158
          ],
          [
            24.3336333,
            71.6231856
          ],
          [
            24.0453949,
            71.6054136
          ],
          [
            23.7770333,
            71.5888523
          ],
          [
            23.4848596,
            71.5708051
          ],
          [
            23.2204333,
            71.5544572
          ],
          [
            22.940264,
            71.5371206
          ],
          [
            22.6638333,
            71.52
          ]
        ]
      },
      "id": "way/179619758"
    },
    {
      "type": "Feature",
      "properties": {
        "@id": "way/179619759",
        "seamark:type": "separation_boundary"
      },
      "geometry": {
        "type": "LineString",
        "coordinates": [
          [
            28.7108333,
            71.4713333
          ],
          [
            28.5520237,
            71.4848983
          ],
          [
            28.3928683,
            71.4984832
          ],
          [
            28.2039666,
            71.5145946
          ],
          [
            28.0758359,
            71.5255151
          ],
          [
            27.8753305,
            71.5425917
          ],
          [
            27.6971,
            71.5577583
          ],
          [
            27.5430793,
            71.5708551
          ],
          [
            27.3834528,
            71.5844192
          ],
          [
            27.1902333,
            71.6008248
          ],
          [
            27.0318318,
            71.6142636
          ],
          [
            26.8717838,
            71.6278325
          ],
          [
            26.6833667,
            71.6437942
          ],
          [
            26.5481072,
            71.6552444
          ],
          [
            26.3816238,
            71.6693283
          ],
          [
            26.1765,
            71.6866667
          ]
        ]
      },
      "id": "way/179619759"
    },
    {
      "type": "Feature",
      "properties": {
        "@id": "way/179619762",
        "seamark:type": "separation_boundary"
      },
      "geometry": {
        "type": "LineString",
        "coordinates": [
          [
            31.7366667,
            70.7036667
          ],
          [
            31.5742139,
            70.7443209
          ],
          [
            31.4126667,
            70.7846667
          ]
        ]
      },
      "id": "way/179619762"
    },
    {
      "type": "Feature",
      "properties": {
        "@id": "way/179619763",
        "seamark:type": "separation_boundary"
      },
      "geometry": {
        "type": "LineString",
        "coordinates": [
          [
            9.1621667,
            67.6666667
          ],
          [
            9.0894972,
            67.6101482
          ],
          [
            9.0046667,
            67.544
          ]
        ]
      },
      "id": "way/179619763"
    },
    {
      "type": "Feature",
      "properties": {
        "@id": "way/179619764",
        "seamark:type": "separation_boundary"
      },
      "geometry": {
        "type": "LineString",
        "coordinates": [
          [
            18.6341667,
            70.928
          ],
          [
            18.4300258,
            70.8668872
          ],
          [
            18.2403334,
            70.8088624
          ],
          [
            18.060791,
            70.7543121
          ],
          [
            17.8465,
            70.6890088
          ],
          [
            17.6559657,
            70.6307661
          ],
          [
            17.4526667,
            70.5684353
          ],
          [
            17.2800153,
            70.5153496
          ],
          [
            17.0588334,
            70.4471384
          ],
          [
            16.8666284,
            70.3876772
          ],
          [
            16.665,
            70.325114
          ],
          [
            16.4937962,
            70.2718408
          ],
          [
            16.2711667,
            70.2023585
          ],
          [
            16.0840322,
            70.1437724
          ],
          [
            15.8773334,
            70.078868
          ],
          [
            15.6940408,
            70.021143
          ],
          [
            15.4835,
            69.9546387
          ],
          [
            15.2994632,
            69.8961143
          ],
          [
            15.0896667,
            69.8296667
          ]
        ]
      },
      "id": "way/179619764"
    },
    {
      "type": "Feature",
      "properties": {
        "@id": "way/179619765",
        "seamark:type": "separation_boundary"
      },
      "geometry": {
        "type": "LineString",
        "coordinates": [
          [
            31.9816667,
            70.8098333
          ],
          [
            31.8183599,
            70.8497269
          ],
          [
            31.6531667,
            70.89
          ]
        ]
      },
      "id": "way/179619765"
    },
    {
      "type": "Feature",
      "properties": {
        "@id": "way/179619766",
        "seamark:type": "separation_boundary"
      },
      "geometry": {
        "type": "LineString",
        "coordinates": [
          [
            22.0001667,
            71.451
          ],
          [
            21.9233719,
            71.4401102
          ],
          [
            21.8407149,
            71.4283821
          ],
          [
            21.6969231,
            71.4079628
          ],
          [
            21.5370278,
            71.3852312
          ],
          [
            21.3384697,
            71.3569658
          ],
          [
            21.0738889,
            71.3192375
          ],
          [
            20.8550367,
            71.2879743
          ],
          [
            20.61075,
            71.2530182
          ],
          [
            20.400127,
            71.2228286
          ],
          [
            20.1476111,
            71.1865726
          ],
          [
            19.9071851,
            71.1519897
          ],
          [
            19.6844722,
            71.1199001
          ],
          [
            19.4512874,
            71.0862452
          ],
          [
            19.2213333,
            71.053
          ]
        ]
      },
      "id": "way/179619766"
    },
    {
      "type": "Feature",
      "properties": {
        "@id": "way/179619768",
        "seamark:type": "separation_boundary"
      },
      "geometry": {
        "type": "LineString",
        "coordinates": [
          [
            31.5203333,
            70.8405
          ],
          [
            31.3733901,
            70.8764485
          ],
          [
            31.2268201,
            70.912241
          ],
          [
            31.0618333,
            70.9524538
          ],
          [
            30.9075231,
            70.9899905
          ],
          [
            30.7676307,
            71.0239584
          ],
          [
            30.6033333,
            71.0637776
          ],
          [
            30.4499976,
            71.1008675
          ],
          [
            30.2996707,
            71.1371616
          ],
          [
            30.1448333,
            71.1744745
          ],
          [
            29.9846174,
            71.2130086
          ],
          [
            29.8292105,
            71.2503135
          ],
          [
            29.6863333,
            71.2845476
          ],
          [
            29.5556164,
            71.3158152
          ],
          [
            29.4011166,
            71.3527069
          ],
          [
            29.2278333,
            71.394
          ]
        ]
      },
      "id": "way/179619768"
    },
    {
      "type": "Feature",
      "properties": {
        "@id": "way/179619771",
        "seamark:type": "separation_boundary"
      },
      "geometry": {
        "type": "LineString",
        "coordinates": [
          [
            9.868,
            68.0473333
          ],
          [
            9.7815067,
            67.9832413
          ],
          [
            9.6856667,
            67.9120156
          ],
          [
            9.5942314,
            67.8438595
          ],
          [
            9.5033333,
            67.7759058
          ],
          [
            9.4118557,
            67.7073191
          ],
          [
            9.321,
            67.639
          ]
        ]
      },
      "id": "way/179619771"
    },
    {
      "type": "Feature",
      "properties": {
        "@id": "way/179619772",
        "seamark:type": "separation_boundary"
      },
      "geometry": {
        "type": "LineString",
        "coordinates": [
          [
            9.4721667,
            67.6048333
          ],
          [
            9.3937557,
            67.5449193
          ],
          [
            9.3146667,
            67.4843333
          ]
        ]
      },
      "id": "way/179619772"
    },
    {
      "type": "Feature",
      "properties": {
        "@id": "way/179619774",
        "seamark:type": "separation_boundary"
      },
      "geometry": {
        "type": "LineString",
        "coordinates": [
          [
            26.2233333,
            71.7508333
          ],
          [
            26.0233888,
            71.767007
          ],
          [
            25.822,
            71.7838333
          ],
          [
            25.6217135,
            71.7707294
          ],
          [
            25.4113333,
            71.7565
          ]
        ]
      },
      "id": "way/179619774"
    },
    {
      "type": "Feature",
      "properties": {
        "@id": "way/179619776",
        "seamark:type": "separation_boundary"
      },
      "geometry": {
        "type": "LineString",
        "coordinates": [
          [
            10.1033333,
            68.273
          ],
          [
            9.9998659,
            68.2352646
          ],
          [
            9.8723333,
            68.1886667
          ],
          [
            9.7977986,
            68.1368834
          ],
          [
            9.7168333,
            68.0805
          ]
        ]
      },
      "id": "way/179619776"
    },
    {
      "type": "Feature",
      "properties": {
        "@id": "way/179619777",
        "seamark:type": "separation_boundary"
      },
      "geometry": {
        "type": "LineString",
        "coordinates": [
          [
            29.0913333,
            71.343
          ],
          [
            29.0136026,
            71.3624111
          ],
          [
            28.9063333,
            71.3891667
          ],
          [
            28.7971371,
            71.3974218
          ],
          [
            28.677,
            71.4065
          ]
        ]
      },
      "id": "way/179619777"
    },
    {
      "type": "Feature",
      "properties": {
        "@id": "way/179619779",
        "seamark:type": "separation_boundary"
      },
      "geometry": {
        "type": "LineString",
        "coordinates": [
          [
            22.6885,
            71.4528333
          ],
          [
            22.5338804,
            71.4429557
          ],
          [
            22.3833333,
            71.4333333
          ],
          [
            22.2444575,
            71.4135278
          ],
          [
            22.0971667,
            71.3925
          ]
        ]
      },
      "id": "way/179619779"
    },
    {
      "type": "Feature",
      "properties": {
        "@id": "way/179619781",
        "seamark:type": "separation_boundary"
      },
      "geometry": {
        "type": "LineString",
        "coordinates": [
          [
            10.3648333,
            68.1803333
          ],
          [
            10.2599521,
            68.1455677
          ],
          [
            10.1583333,
            68.1118333
          ],
          [
            10.0880927,
            68.0599564
          ],
          [
            10.035,
            68.0206667
          ]
        ]
      },
      "id": "way/179619781"
    },
    {
      "type": "Feature",
      "properties": {
        "@id": "way/179619783",
        "seamark:type": "separation_boundary"
      },
      "geometry": {
        "type": "LineString",
        "coordinates": [
          [
            26.106,
            71.6223333
          ],
          [
            25.9640782,
            71.6338743
          ],
          [
            25.8066667,
            71.6466667
          ],
          [
            25.6652302,
            71.6375591
          ],
          [
            25.4961667,
            71.6266667
          ]
        ]
      },
      "id": "way/179619783"
    },
    {
      "type": "Feature",
      "properties": {
        "@id": "way/179619787",
        "seamark:type": "separation_boundary"
      },
      "geometry": {
        "type": "LineString",
        "coordinates": [
          [
            19.1301667,
            71.112
          ],
          [
            18.9684711,
            71.0881533
          ],
          [
            18.797,
            71.0628333
          ],
          [
            18.6515175,
            71.0209311
          ],
          [
            18.5056667,
            70.9788333
          ]
        ]
      },
      "id": "way/179619787"
    },
    {
      "type": "Feature",
      "properties": {
        "@id": "way/179619789",
        "seamark:type": "separation_boundary"
      },
      "geometry": {
        "type": "LineString",
        "coordinates": [
          [
            29.3396667,
            71.451
          ],
          [
            29.2200698,
            71.4790606
          ],
          [
            29.088,
            71.51
          ],
          [
            28.9386559,
            71.5223421
          ],
          [
            28.7793333,
            71.5355
          ]
        ]
      },
      "id": "way/179619789"
    },
    {
      "type": "Feature",
      "properties": {
        "@id": "way/179619790",
        "seamark:type": "separation_boundary"
      },
      "geometry": {
        "type": "LineString",
        "coordinates": [
          [
            22.607,
            71.5833333
          ],
          [
            22.4345429,
            71.5722659
          ],
          [
            22.2565,
            71.5608333
          ],
          [
            22.0918285,
            71.5375135
          ],
          [
            21.9271667,
            71.5141667
          ]
        ]
      },
      "id": "way/179619790"
    },
    {
      "type": "Feature",
      "properties": {
        "@id": "way/179619791",
        "seamark:type": "separation_boundary"
      },
      "geometry": {
        "type": "LineString",
        "coordinates": [
          [
            19.2941667,
            70.99
          ],
          [
            19.1724708,
            70.9726658
          ],
          [
            19.01,
            70.9495
          ],
          [
            18.9073157,
            70.9187248
          ],
          [
            18.7783333,
            70.88
          ]
        ]
      },
      "id": "way/179619791"
    },
    {
      "type": "Feature",
      "properties": {
        "@id": "way/179980704",
        "seamark:type": "separation_boundary"
      },
      "geometry": {
        "type": "LineString",
        "coordinates": [
          [
            4.1041667,
            61.9
          ],
          [
            4.1041667,
            61.7297444
          ],
          [
            4.1041667,
            61.5585428
          ],
          [
            4.1041667,
            61.3863915
          ],
          [
            4.1041667,
            61.2132868
          ],
          [
            4.1041667,
            61.039225
          ],
          [
            4.1041667,
            60.8642024
          ],
          [
            4.1041667,
            60.6882153
          ],
          [
            4.1041667,
            60.5112602
          ],
          [
            4.1041667,
            60.3333333
          ]
        ]
      },
      "id": "way/179980704"
    },
    {
      "type": "Feature",
      "properties": {
        "@id": "way/179980706",
        "seamark:type": "separation_boundary"
      },
      "geometry": {
        "type": "LineString",
        "coordinates": [
          [
            3.9745,
            59.0833333
          ],
          [
            3.9745,
            58.975
          ]
        ]
      },
      "id": "way/179980706"
    },
    {
      "type": "Feature",
      "properties": {
        "@id": "way/179980708",
        "seamark:type": "separation_boundary"
      },
      "geometry": {
        "type": "LineString",
        "coordinates": [
          [
            3.97,
            60.3333333
          ],
          [
            3.9705,
            60.25
          ]
        ]
      },
      "id": "way/179980708"
    },
    {
      "type": "Feature",
      "properties": {
        "@id": "way/179980709",
        "seamark:type": "separation_boundary"
      },
      "geometry": {
        "type": "LineString",
        "coordinates": [
          [
            4.2453333,
            61.9833333
          ],
          [
            4.245,
            61.9
          ]
        ]
      },
      "id": "way/179980709"
    },
    {
      "type": "Feature",
      "properties": {
        "@id": "way/179980712",
        "seamark:type": "separation_boundary"
      },
      "geometry": {
        "type": "LineString",
        "coordinates": [
          [
            3.963,
            61.9833333
          ],
          [
            3.9633333,
            61.9
          ]
        ]
      },
      "id": "way/179980712"
    },
    {
      "type": "Feature",
      "properties": {
        "@id": "way/179980713",
        "seamark:type": "separation_boundary"
      },
      "geometry": {
        "type": "LineString",
        "coordinates": [
          [
            4.2383333,
            60.3333333
          ],
          [
            4.2378333,
            60.25
          ]
        ]
      },
      "id": "way/179980713"
    },
    {
      "type": "Feature",
      "properties": {
        "@id": "way/179980717",
        "seamark:type": "separation_boundary"
      },
      "geometry": {
        "type": "LineString",
        "coordinates": [
          [
            4.0386667,
            63.0186667
          ],
          [
            3.9583333,
            62.9296667
          ],
          [
            3.9586667,
            62.8333333
          ]
        ]
      },
      "id": "way/179980717"
    },
    {
      "type": "Feature",
      "properties": {
        "@id": "way/179980719",
        "seamark:type": "separation_boundary"
      },
      "geometry": {
        "type": "LineString",
        "coordinates": [
          [
            4.3086667,
            62.9675
          ],
          [
            4.25,
            62.9033333
          ],
          [
            4.2495,
            62.8333333
          ]
        ]
      },
      "id": "way/179980719"
    },
    {
      "type": "Feature",
      "properties": {
        "@id": "way/179980720",
        "seamark:type": "separation_boundary"
      },
      "geometry": {
        "type": "LineString",
        "coordinates": [
          [
            4.2338333,
            59.0833333
          ],
          [
            4.2338333,
            59.0288333
          ],
          [
            4.3325,
            58.975
          ]
        ]
      },
      "id": "way/179980720"
    },
    {
      "type": "Feature",
      "properties": {
        "@id": "way/179980725",
        "seamark:type": "separation_boundary"
      },
      "geometry": {
        "type": "LineString",
        "coordinates": [
          [
            4.1041667,
            62.8333333
          ],
          [
            4.1041667,
            62.6652598
          ],
          [
            4.1041667,
            62.4962271
          ],
          [
            4.1041667,
            62.326231
          ],
          [
            4.1041667,
            62.1552678
          ],
          [
            4.1041667,
            61.9833333
          ]
        ]
      },
      "id": "way/179980725"
    },
    {
      "type": "Feature",
      "properties": {
        "@id": "way/179980726",
        "seamark:type": "separation_boundary"
      },
      "geometry": {
        "type": "LineString",
        "coordinates": [
          [
            4.1041667,
            60.25
          ],
          [
            4.1041667,
            60.0858125
          ],
          [
            4.1041667,
            59.9208031
          ],
          [
            4.1041667,
            59.7549692
          ],
          [
            4.1041667,
            59.5883079
          ],
          [
            4.1041667,
            59.4208167
          ],
          [
            4.1041667,
            59.2524927
          ],
          [
            4.1041667,
            59.0833333
          ]
        ]
      },
      "id": "way/179980726"
    },
    {
      "type": "Feature",
      "properties": {
        "@id": "way/179984909",
        "seamark:type": "separation_boundary"
      },
      "geometry": {
        "type": "LineString",
        "coordinates": [
          [
            9.4846667,
            58.4921667
          ],
          [
            9.5888333,
            58.555
          ]
        ]
      },
      "id": "way/179984909"
    },
    {
      "type": "Feature",
      "properties": {
        "@id": "way/179984917",
        "seamark:type": "separation_boundary"
      },
      "geometry": {
        "type": "LineString",
        "coordinates": [
          [
            9.6766667,
            58.405
          ],
          [
            9.7808333,
            58.4678333
          ]
        ]
      },
      "id": "way/179984917"
    },
    {
      "type": "Feature",
      "properties": {
        "@id": "way/179984919",
        "seamark:type": "separation_boundary"
      },
      "geometry": {
        "type": "LineString",
        "coordinates": [
          [
            6.4466667,
            57.7388333
          ],
          [
            6.5505,
            57.6913333
          ],
          [
            6.6875,
            57.6886667
          ]
        ]
      },
      "id": "way/179984919"
    },
    {
      "type": "Feature",
      "properties": {
        "@id": "way/179984921",
        "seamark:type": "separation_boundary"
      },
      "geometry": {
        "type": "LineString",
        "coordinates": [
          [
            8.7083333,
            58.0445
          ],
          [
            8.772,
            58.0621667
          ],
          [
            8.8188333,
            58.0908333
          ]
        ]
      },
      "id": "way/179984921"
    },
    {
      "type": "Feature",
      "properties": {
        "@id": "way/179984923",
        "seamark:type": "separation_boundary"
      },
      "geometry": {
        "type": "LineString",
        "coordinates": [
          [
            7.7091667,
            57.7958333
          ],
          [
            7.828,
            57.793
          ],
          [
            7.9333333,
            57.8233333
          ]
        ]
      },
      "id": "way/179984923"
    },
    {
      "type": "Feature",
      "properties": {
        "@id": "way/179984928",
        "seamark:type": "separation_boundary"
      },
      "geometry": {
        "type": "LineString",
        "coordinates": [
          [
            8.8258333,
            57.9266667
          ],
          [
            8.9303333,
            57.9561667
          ],
          [
            9.0078333,
            58.003
          ]
        ]
      },
      "id": "way/179984928"
    },
    {
      "type": "Feature",
      "properties": {
        "@id": "way/179984931",
        "seamark:type": "separation_boundary"
      },
      "geometry": {
        "type": "LineString",
        "coordinates": [
          [
            5.3695,
            58.4066667
          ],
          [
            5.4291667,
            58.3733333
          ],
          [
            5.495,
            58.3438333
          ]
        ]
      },
      "id": "way/179984931"
    },
    {
      "type": "Feature",
      "properties": {
        "@id": "way/179984933",
        "seamark:type": "separation_boundary"
      },
      "geometry": {
        "type": "LineString",
        "coordinates": [
          [
            5.1846667,
            58.3158333
          ],
          [
            5.2545,
            58.2766667
          ],
          [
            5.3316667,
            58.2421667
          ]
        ]
      },
      "id": "way/179984933"
    },
    {
      "type": "Feature",
      "properties": {
        "@id": "way/179984940",
        "seamark:type": "separation_boundary"
      },
      "geometry": {
        "type": "LineString",
        "coordinates": [
          [
            7.6953333,
            57.6641667
          ],
          [
            7.8828333,
            57.6596667
          ],
          [
            8.0041667,
            57.6653333
          ]
        ]
      },
      "id": "way/179984940"
    },
    {
      "type": "Feature",
      "properties": {
        "@id": "way/179984941",
        "seamark:type": "separation_boundary"
      },
      "geometry": {
        "type": "LineString",
        "coordinates": [
          [
            6.6086667,
            57.84
          ],
          [
            6.6466667,
            57.8225
          ],
          [
            6.6975,
            57.8213333
          ]
        ]
      },
      "id": "way/179984941"
    },
    {
      "type": "Feature",
      "properties": {
        "@id": "way/179984943",
        "seamark:type": "separation_boundary"
      },
      "geometry": {
        "type": "LineString",
        "coordinates": [
          [
            7.9205,
            57.745
          ],
          [
            8.2027222,
            57.8255685
          ],
          [
            8.4849444,
            57.9059573
          ],
          [
            8.7671667,
            57.9861667
          ]
        ]
      },
      "id": "way/179984943"
    },
    {
      "type": "Feature",
      "properties": {
        "@id": "way/179984944",
        "seamark:type": "separation_boundary"
      },
      "geometry": {
        "type": "LineString",
        "coordinates": [
          [
            8.9133333,
            58.0463333
          ],
          [
            9.1354444,
            58.1811198
          ],
          [
            9.3575556,
            58.3153972
          ],
          [
            9.5796667,
            58.4491667
          ]
        ]
      },
      "id": "way/179984944"
    },
    {
      "type": "Feature",
      "properties": {
        "@id": "way/179984945",
        "seamark:type": "separation_boundary"
      },
      "geometry": {
        "type": "LineString",
        "coordinates": [
          [
            6.6928333,
            57.7555
          ],
          [
            7.0283889,
            57.7471131
          ],
          [
            7.3639444,
            57.7387242
          ],
          [
            7.6995,
            57.7303333
          ]
        ]
      },
      "id": "way/179984945"
    },
    {
      "type": "Feature",
      "properties": {
        "@id": "way/179984955",
        "seamark:type": "separation_boundary"
      },
      "geometry": {
        "type": "LineString",
        "coordinates": [
          [
            5.4141667,
            58.2933333
          ],
          [
            5.6368333,
            58.1931673
          ],
          [
            5.8595,
            58.0927181
          ],
          [
            6.0821667,
            57.9919852
          ],
          [
            6.3048333,
            57.8909683
          ],
          [
            6.5275,
            57.7896667
          ]
        ]
      },
      "id": "way/179984955"
    },
    {
      "type": "Feature",
      "properties": {
        "@id": "way/179990021",
        "seamark:type": "separation_boundary"
      },
      "geometry": {
        "type": "LineString",
        "coordinates": [
          [
            17.653,
            57.4988333
          ],
          [
            17.633,
            57.4785
          ],
          [
            17.6188333,
            57.4605
          ]
        ]
      },
      "id": "way/179990021"
    },
    {
      "type": "Feature",
      "properties": {
        "@id": "way/179997935",
        "seamark:type": "separation_boundary"
      },
      "geometry": {
        "type": "LineString",
        "coordinates": [
          [
            17.6673333,
            56.005
          ],
          [
            17.5211667,
            55.9845
          ]
        ]
      },
      "id": "way/179997935"
    },
    {
      "type": "Feature",
      "properties": {
        "@id": "way/179997936",
        "seamark:type": "separation_boundary"
      },
      "geometry": {
        "type": "LineString",
        "coordinates": [
          [
            17.5641667,
            55.8745
          ],
          [
            17.7291667,
            55.8975
          ]
        ]
      },
      "id": "way/179997936"
    },
    {
      "type": "Feature",
      "properties": {
        "@id": "way/179997937",
        "seamark:type": "separation_boundary"
      },
      "geometry": {
        "type": "LineString",
        "coordinates": [
          [
            15.1934667,
            55.6554
          ],
          [
            14.8768584,
            55.5573643
          ],
          [
            14.56025,
            55.4590833
          ]
        ]
      },
      "id": "way/179997937"
    },
    {
      "type": "Feature",
      "properties": {
        "@id": "way/179997938",
        "seamark:type": "separation_boundary"
      },
      "geometry": {
        "type": "LineString",
        "coordinates": [
          [
            18.769,
            56.434
          ],
          [
            18.7136667,
            56.3773333
          ],
          [
            18.6003333,
            56.3371667
          ]
        ]
      },
      "id": "way/179997938"
    },
    {
      "type": "Feature",
      "properties": {
        "@id": "way/179997939",
        "seamark:type": "separation_boundary"
      },
      "geometry": {
        "type": "LineString",
        "coordinates": [
          [
            18.716,
            56.2368333
          ],
          [
            18.8633333,
            56.2871667
          ],
          [
            18.9531667,
            56.379
          ]
        ]
      },
      "id": "way/179997939"
    },
    {
      "type": "Feature",
      "properties": {
        "@id": "way/179997943",
        "seamark:type": "separation_boundary"
      },
      "geometry": {
        "type": "LineString",
        "coordinates": [
          [
            17.7291667,
            55.8975
          ],
          [
            17.975875,
            55.9826135
          ],
          [
            18.2225833,
            56.0675401
          ],
          [
            18.4692917,
            56.1522799
          ],
          [
            18.716,
            56.2368333
          ]
        ]
      },
      "id": "way/179997943"
    },
    {
      "type": "Feature",
      "properties": {
        "@id": "way/179997945",
        "seamark:type": "separation_boundary"
      },
      "geometry": {
        "type": "LineString",
        "coordinates": [
          [
            18.6003333,
            56.3371667
          ],
          [
            18.3670833,
            56.2543943
          ],
          [
            18.1338333,
            56.1714425
          ],
          [
            17.9005833,
            56.0883112
          ],
          [
            17.6673333,
            56.005
          ]
        ]
      },
      "id": "way/179997945"
    },
    {
      "type": "Feature",
      "properties": {
        "@id": "way/179997946",
        "seamark:type": "separation_boundary"
      },
      "geometry": {
        "type": "LineString",
        "coordinates": [
          [
            19.8824333,
            57.31485
          ],
          [
            19.98731,
            57.4470637
          ],
          [
            20.0921867,
            57.5788012
          ],
          [
            20.1970633,
            57.7100635
          ],
          [
            20.30194,
            57.8408517
          ],
          [
            20.4068167,
            57.9711667
          ]
        ]
      },
      "id": "way/179997946"
    },
    {
      "type": "Feature",
      "properties": {
        "@id": "way/179997949",
        "seamark:type": "separation_boundary"
      },
      "geometry": {
        "type": "LineString",
        "coordinates": [
          [
            20.3757167,
            58.20905
          ],
          [
            20.2396734,
            58.0426608
          ],
          [
            20.10363,
            57.8754934
          ],
          [
            19.9675867,
            57.7075456
          ],
          [
            19.8315433,
            57.5388152
          ],
          [
            19.6955,
            57.3693
          ]
        ]
      },
      "id": "way/179997949"
    },
    {
      "type": "Feature",
      "properties": {
        "@id": "way/179997951",
        "seamark:type": "separation_boundary"
      },
      "geometry": {
        "type": "LineString",
        "coordinates": [
          [
            19.6955,
            57.3693
          ],
          [
            19.5410833,
            57.2150407
          ],
          [
            19.3866667,
            57.0601339
          ],
          [
            19.23225,
            56.904578
          ],
          [
            19.0778333,
            56.7483714
          ],
          [
            18.9234167,
            56.5915126
          ],
          [
            18.769,
            56.434
          ]
        ]
      },
      "id": "way/179997951"
    },
    {
      "type": "Feature",
      "properties": {
        "@id": "way/179997952",
        "seamark:type": "separation_boundary"
      },
      "geometry": {
        "type": "LineString",
        "coordinates": [
          [
            20.4068167,
            57.9711667
          ],
          [
            20.6249556,
            58.1441124
          ],
          [
            20.8430945,
            58.316222
          ],
          [
            21.0612334,
            58.487498
          ],
          [
            21.2793722,
            58.657943
          ],
          [
            21.4975111,
            58.8275595
          ],
          [
            21.71565,
            58.99635
          ]
        ]
      },
      "id": "way/179997952"
    },
    {
      "type": "Feature",
      "properties": {
        "@id": "way/179997954",
        "seamark:type": "separation_boundary"
      },
      "geometry": {
        "type": "LineString",
        "coordinates": [
          [
            18.9531667,
            56.379
          ],
          [
            19.1080444,
            56.5366028
          ],
          [
            19.2629222,
            56.6935524
          ],
          [
            19.4178,
            56.8498503
          ],
          [
            19.5726778,
            57.0054982
          ],
          [
            19.7275555,
            57.1604976
          ],
          [
            19.8824333,
            57.31485
          ]
        ]
      },
      "id": "way/179997954"
    },
    {
      "type": "Feature",
      "properties": {
        "@id": "way/179997958",
        "seamark:type": "separation_boundary"
      },
      "geometry": {
        "type": "LineString",
        "coordinates": [
          [
            15.49965,
            55.5863833
          ],
          [
            15.7577146,
            55.6225142
          ],
          [
            16.0157792,
            55.6586119
          ],
          [
            16.2738438,
            55.6946763
          ],
          [
            16.5319083,
            55.7307074
          ],
          [
            16.7899729,
            55.7667054
          ],
          [
            17.0480375,
            55.8026701
          ],
          [
            17.3061021,
            55.8386016
          ],
          [
            17.5641667,
            55.8745
          ]
        ]
      },
      "id": "way/179997958"
    },
    {
      "type": "Feature",
      "properties": {
        "@id": "way/179997960",
        "seamark:type": "separation_boundary"
      },
      "geometry": {
        "type": "LineString",
        "coordinates": [
          [
            17.5211667,
            55.9845
          ],
          [
            17.2302042,
            55.9435146
          ],
          [
            16.9392417,
            55.9024859
          ],
          [
            16.6482792,
            55.8614136
          ],
          [
            16.3573167,
            55.820298
          ],
          [
            16.0663542,
            55.7791388
          ],
          [
            15.7753917,
            55.7379361
          ],
          [
            15.4844292,
            55.6966898
          ],
          [
            15.1934667,
            55.6554
          ]
        ]
      },
      "id": "way/179997960"
    },
    {
      "type": "Feature",
      "properties": {
        "@id": "way/180056488",
        "seamark:type": "separation_boundary"
      },
      "geometry": {
        "type": "LineString",
        "coordinates": [
          [
            34.2485,
            44.2998333
          ],
          [
            34.1218333,
            44.2998333
          ]
        ]
      },
      "id": "way/180056488"
    },
    {
      "type": "Feature",
      "properties": {
        "@id": "way/180056489",
        "seamark:type": "separation_boundary"
      },
      "geometry": {
        "type": "LineString",
        "coordinates": [
          [
            33.1485,
            44.634
          ],
          [
            33.2218333,
            44.6298333
          ]
        ]
      },
      "id": "way/180056489"
    },
    {
      "type": "Feature",
      "properties": {
        "@id": "way/180056490",
        "seamark:type": "separation_boundary"
      },
      "geometry": {
        "type": "LineString",
        "coordinates": [
          [
            33.2218333,
            44.6298333
          ],
          [
            33.1771667,
            44.5473333
          ]
        ]
      },
      "id": "way/180056490"
    },
    {
      "type": "Feature",
      "properties": {
        "@id": "way/180056495",
        "seamark:type": "separation_boundary"
      },
      "geometry": {
        "type": "LineString",
        "coordinates": [
          [
            33.2076667,
            44.4515
          ],
          [
            33.3014167,
            44.3757158
          ],
          [
            33.3951667,
            44.2998333
          ]
        ]
      },
      "id": "way/180056495"
    },
    {
      "type": "Feature",
      "properties": {
        "@id": "way/180056496",
        "seamark:type": "separation_boundary"
      },
      "geometry": {
        "type": "LineString",
        "coordinates": [
          [
            33.2343333,
            44.5015
          ],
          [
            33.3021667,
            44.6265
          ]
        ]
      },
      "id": "way/180056496"
    },
    {
      "type": "Feature",
      "properties": {
        "@id": "way/180056497",
        "seamark:type": "separation_boundary"
      },
      "geometry": {
        "type": "LineString",
        "coordinates": [
          [
            34.0685,
            44.2998333
          ],
          [
            33.8740556,
            44.2998333
          ],
          [
            33.6796111,
            44.2998333
          ],
          [
            33.4851667,
            44.2998333
          ]
        ]
      },
      "id": "way/180056497"
    },
    {
      "type": "Feature",
      "properties": {
        "@id": "way/180056500",
        "seamark:type": "separation_boundary"
      },
      "geometry": {
        "type": "LineString",
        "coordinates": [
          [
            33.4885,
            44.2498333
          ],
          [
            33.5185,
            44.2498333
          ]
        ]
      },
      "id": "way/180056500"
    },
    {
      "type": "Feature",
      "properties": {
        "@id": "way/180056504",
        "seamark:type": "separation_boundary"
      },
      "geometry": {
        "type": "LineString",
        "coordinates": [
          [
            33.2971667,
            44.6685
          ],
          [
            33.2621667,
            44.7223333
          ]
        ]
      },
      "id": "way/180056504"
    },
    {
      "type": "Feature",
      "properties": {
        "@id": "way/180056506",
        "seamark:type": "separation_boundary"
      },
      "geometry": {
        "type": "LineString",
        "coordinates": [
          [
            34.0968333,
            44.2498333
          ],
          [
            34.2485,
            44.2498333
          ]
        ]
      },
      "id": "way/180056506"
    },
    {
      "type": "Feature",
      "properties": {
        "@id": "way/180056508",
        "seamark:type": "separation_boundary"
      },
      "geometry": {
        "type": "LineString",
        "coordinates": [
          [
            33.5485,
            44.2498333
          ],
          [
            33.7135,
            44.2498333
          ],
          [
            33.8785,
            44.2498333
          ],
          [
            34.0435,
            44.2498333
          ]
        ]
      },
      "id": "way/180056508"
    },
    {
      "type": "Feature",
      "properties": {
        "@id": "way/180056511",
        "seamark:type": "separation_boundary"
      },
      "geometry": {
        "type": "LineString",
        "coordinates": [
          [
            33.4151667,
            44.2831667
          ],
          [
            33.4368333,
            44.2665
          ]
        ]
      },
      "id": "way/180056511"
    },
    {
      "type": "Feature",
      "properties": {
        "@id": "way/180056514",
        "seamark:type": "separation_boundary"
      },
      "geometry": {
        "type": "LineString",
        "coordinates": [
          [
            33.1758333,
            44.4765
          ],
          [
            33.1938333,
            44.4623333
          ]
        ]
      },
      "id": "way/180056514"
    },
    {
      "type": "Feature",
      "properties": {
        "@id": "way/180056515",
        "seamark:type": "separation_boundary"
      },
      "geometry": {
        "type": "LineString",
        "coordinates": [
          [
            33.4851667,
            44.2998333
          ],
          [
            33.35975,
            44.4007535
          ],
          [
            33.2343333,
            44.5015
          ]
        ]
      },
      "id": "way/180056515"
    },
    {
      "type": "Feature",
      "properties": {
        "@id": "way/180056521",
        "seamark:type": "separation_boundary"
      },
      "geometry": {
        "type": "LineString",
        "coordinates": [
          [
            33.2218333,
            44.674
          ],
          [
            33.1485,
            44.6848333
          ]
        ]
      },
      "id": "way/180056521"
    },
    {
      "type": "Feature",
      "properties": {
        "@id": "way/180056523",
        "seamark:type": "separation_boundary"
      },
      "geometry": {
        "type": "LineString",
        "coordinates": [
          [
            34.0868333,
            44.2831667
          ],
          [
            34.0785,
            44.2665
          ]
        ]
      },
      "id": "way/180056523"
    },
    {
      "type": "Feature",
      "properties": {
        "@id": "way/180056525",
        "seamark:type": "separation_boundary"
      },
      "geometry": {
        "type": "LineString",
        "coordinates": [
          [
            33.2218333,
            44.7223333
          ],
          [
            33.2218333,
            44.674
          ]
        ]
      },
      "id": "way/180056525"
    },
    {
      "type": "Feature",
      "properties": {
        "@id": "way/180056527",
        "seamark:type": "separation_boundary"
      },
      "geometry": {
        "type": "LineString",
        "coordinates": [
          [
            33.3818333,
            44.642
          ],
          [
            33.3818333,
            44.634
          ]
        ]
      },
      "id": "way/180056527"
    },
    {
      "type": "Feature",
      "properties": {
        "@id": "way/180056533",
        "seamark:type": "separation_boundary"
      },
      "geometry": {
        "type": "LineString",
        "coordinates": [
          [
            33.4618333,
            44.6411667
          ],
          [
            33.3988333,
            44.6498333
          ],
          [
            33.3568333,
            44.6556667
          ],
          [
            33.3086667,
            44.662
          ]
        ]
      },
      "id": "way/180056533"
    },
    {
      "type": "Feature",
      "properties": {
        "@id": "way/180056537",
        "seamark:type": "separation_boundary"
      },
      "geometry": {
        "type": "LineString",
        "coordinates": [
          [
            33.3073333,
            44.6298333
          ],
          [
            33.3568333,
            44.6271667
          ],
          [
            33.3988333,
            44.6248333
          ],
          [
            33.4618333,
            44.6215
          ]
        ]
      },
      "id": "way/180056537"
    },
    {
      "type": "Feature",
      "properties": {
        "@id": "way/180062277",
        "seamark:type": "separation_boundary"
      },
      "geometry": {
        "type": "LineString",
        "coordinates": [
          [
            -9.6871667,
            38.8651667
          ],
          [
            -9.4510584,
            38.8651417
          ]
        ]
      },
      "id": "way/180062277"
    },
    {
      "type": "Feature",
      "properties": {
        "@id": "way/180062281",
        "seamark:type": "separation_boundary"
      },
      "geometry": {
        "type": "LineString",
        "coordinates": [
          [
            -9.6665,
            38.6623333
          ],
          [
            -9.4856667,
            38.7093333
          ]
        ]
      },
      "id": "way/180062281"
    },
    {
      "type": "Feature",
      "properties": {
        "@id": "way/180062288",
        "seamark:type": "separation_boundary"
      },
      "geometry": {
        "type": "LineString",
        "coordinates": [
          [
            -10.1948333,
            38.5653333
          ],
          [
            -10.2295,
            38.6826667
          ],
          [
            -10.2296667,
            38.8651667
          ]
        ]
      },
      "id": "way/180062288"
    },
    {
      "type": "Feature",
      "properties": {
        "@id": "way/180214556",
        "seamark:type": "separation_boundary"
      },
      "geometry": {
        "type": "LineString",
        "coordinates": [
          [
            10.9218333,
            55.9101667
          ],
          [
            10.8654382,
            55.8719685
          ],
          [
            10.8438889,
            55.8570388
          ],
          [
            10.8223333,
            55.8423333
          ]
        ]
      },
      "id": "way/180214556"
    },
    {
      "type": "Feature",
      "properties": {
        "@id": "way/180214558",
        "seamark:type": "separation_boundary"
      },
      "geometry": {
        "type": "LineString",
        "coordinates": [
          [
            10.7999379,
            55.8429757
          ],
          [
            10.8035725,
            55.8876059
          ],
          [
            10.9424243,
            55.9244199
          ]
        ]
      },
      "id": "way/180214558"
    },
    {
      "type": "Feature",
      "properties": {
        "@id": "way/180214560",
        "seamark:type": "separation_boundary"
      },
      "geometry": {
        "type": "LineString",
        "coordinates": [
          [
            10.8223333,
            55.8423333
          ],
          [
            10.822811,
            55.8628014
          ],
          [
            10.8229961,
            55.8707304
          ],
          [
            10.8266638,
            55.8796997
          ],
          [
            10.8406639,
            55.8889481
          ],
          [
            10.9218333,
            55.9101667
          ]
        ]
      },
      "id": "way/180214560"
    },
    {
      "type": "Feature",
      "properties": {
        "@id": "way/180387150",
        "seamark:type": "separation_boundary"
      },
      "geometry": {
        "type": "LineString",
        "coordinates": [
          [
            11.0461667,
            55.3616667
          ],
          [
            11.0466667,
            55.3248333
          ]
        ]
      },
      "id": "way/180387150"
    },
    {
      "type": "Feature",
      "properties": {
        "@id": "way/180387152",
        "seamark:type": "separation_boundary"
      },
      "geometry": {
        "type": "LineString",
        "coordinates": [
          [
            11.0225,
            55.3635
          ],
          [
            11.0265,
            55.3503333
          ],
          [
            11.0251721,
            55.3403261
          ],
          [
            11.0235929,
            55.3152247
          ]
        ]
      },
      "id": "way/180387152"
    },
    {
      "type": "Feature",
      "properties": {
        "@id": "way/180539494",
        "seamark:type": "separation_boundary"
      },
      "geometry": {
        "type": "LineString",
        "coordinates": [
          [
            32.5391667,
            29.51
          ],
          [
            32.565,
            29.46
          ]
        ]
      },
      "id": "way/180539494"
    },
    {
      "type": "Feature",
      "properties": {
        "@id": "way/180539495",
        "seamark:type": "separation_boundary"
      },
      "geometry": {
        "type": "LineString",
        "coordinates": [
          [
            32.4991667,
            29.5946667
          ],
          [
            32.5391667,
            29.51
          ]
        ]
      },
      "id": "way/180539495"
    },
    {
      "type": "Feature",
      "properties": {
        "@id": "way/180539496",
        "seamark:type": "separation_boundary"
      },
      "geometry": {
        "type": "LineString",
        "coordinates": [
          [
            32.5016667,
            29.6263333
          ],
          [
            32.45,
            29.6185
          ]
        ]
      },
      "id": "way/180539496"
    },
    {
      "type": "Feature",
      "properties": {
        "@id": "way/180539498",
        "seamark:type": "separation_boundary"
      },
      "geometry": {
        "type": "LineString",
        "coordinates": [
          [
            32.5133333,
            29.7766667
          ],
          [
            32.5016667,
            29.6263333
          ]
        ]
      },
      "id": "way/180539498"
    },
    {
      "type": "Feature",
      "properties": {
        "@id": "way/180539499",
        "seamark:type": "separation_boundary"
      },
      "geometry": {
        "type": "LineString",
        "coordinates": [
          [
            32.5016667,
            29.6263333
          ],
          [
            32.4991667,
            29.5946667
          ]
        ]
      },
      "id": "way/180539499"
    },
    {
      "type": "Feature",
      "properties": {
        "@id": "way/180539501",
        "seamark:type": "separation_boundary"
      },
      "geometry": {
        "type": "LineString",
        "coordinates": [
          [
            32.4891667,
            29.5083333
          ],
          [
            32.565,
            29.46
          ]
        ]
      },
      "id": "way/180539501"
    },
    {
      "type": "Feature",
      "properties": {
        "@id": "way/180539505",
        "seamark:type": "separation_boundary"
      },
      "geometry": {
        "type": "LineString",
        "coordinates": [
          [
            33.34,
            28.1233333
          ],
          [
            33.4677778,
            28.0195445
          ],
          [
            33.5955555,
            27.9156555
          ],
          [
            33.7233333,
            27.8116667
          ],
          [
            33.8233333,
            27.7075
          ],
          [
            33.9441667,
            27.5925603
          ],
          [
            34.065,
            27.4775
          ]
        ]
      },
      "id": "way/180539505"
    },
    {
      "type": "Feature",
      "properties": {
        "@id": "way/180539506",
        "seamark:type": "separation_boundary"
      },
      "geometry": {
        "type": "LineString",
        "coordinates": [
          [
            33.2833333,
            28.1633333
          ],
          [
            33.3233333,
            28.1133333
          ],
          [
            33.3933333,
            28.155
          ],
          [
            33.3566667,
            28.2033333
          ],
          [
            33.2833333,
            28.1633333
          ]
        ]
      },
      "id": "way/180539506"
    },
    {
      "type": "Feature",
      "properties": {
        "@id": "way/180539512",
        "seamark:type": "separation_boundary"
      },
      "geometry": {
        "type": "LineString",
        "coordinates": [
          [
            32.565,
            29.46
          ],
          [
            32.6475,
            29.2984613
          ],
          [
            32.73,
            29.1366667
          ],
          [
            32.7794444,
            29.0123718
          ],
          [
            32.8288889,
            28.8879272
          ],
          [
            32.8783333,
            28.7633333
          ],
          [
            32.96125,
            28.6352344
          ],
          [
            33.0441667,
            28.5069789
          ],
          [
            33.1270833,
            28.3785673
          ],
          [
            33.21,
            28.25
          ],
          [
            33.2833333,
            28.1633333
          ]
        ]
      },
      "id": "way/180539512"
    },
    {
      "type": "Feature",
      "properties": {
        "@id": "way/180539514",
        "seamark:type": "separation_boundary"
      },
      "geometry": {
        "type": "LineString",
        "coordinates": [
          [
            33.3483333,
            28.1991667
          ],
          [
            33.2588889,
            28.3329462
          ],
          [
            33.1694444,
            28.4665575
          ],
          [
            33.08,
            28.6
          ],
          [
            33.0116667,
            28.7419562
          ],
          [
            32.9433333,
            28.8837198
          ],
          [
            32.875,
            29.0252902
          ],
          [
            32.8066667,
            29.1666667
          ],
          [
            32.7491667,
            29.273389
          ],
          [
            32.6916667,
            29.38
          ],
          [
            32.59,
            29.5908333
          ],
          [
            32.5566667,
            29.7766667
          ]
        ]
      },
      "id": "way/180539514"
    },
    {
      "type": "Feature",
      "properties": {
        "@id": "way/180539516",
        "seamark:type": "separation_boundary"
      },
      "geometry": {
        "type": "LineString",
        "coordinates": [
          [
            34.1433333,
            27.5525
          ],
          [
            33.99625,
            27.6529628
          ],
          [
            33.8491667,
            27.7533333
          ],
          [
            33.7558333,
            27.8558333
          ],
          [
            33.7108333,
            27.8958333
          ],
          [
            33.64,
            27.9391667
          ],
          [
            33.5166667,
            28.0471375
          ],
          [
            33.3933333,
            28.155
          ]
        ]
      },
      "id": "way/180539516"
    },
    {
      "type": "Feature",
      "properties": {
        "@id": "way/180551657",
        "seamark:type": "separation_boundary"
      },
      "geometry": {
        "type": "LineString",
        "coordinates": [
          [
            -5.428,
            36.0201667
          ],
          [
            -5.483,
            36.0058333
          ]
        ]
      },
      "id": "way/180551657"
    },
    {
      "type": "Feature",
      "properties": {
        "@id": "way/180551663",
        "seamark:type": "separation_boundary"
      },
      "geometry": {
        "type": "LineString",
        "coordinates": [
          [
            -5.4566667,
            35.9391667
          ],
          [
            -5.428,
            35.9473333
          ]
        ]
      },
      "id": "way/180551663"
    },
    {
      "type": "Feature",
      "properties": {
        "@id": "way/180551667",
        "seamark:type": "separation_boundary"
      },
      "geometry": {
        "type": "LineString",
        "coordinates": [
          [
            -5.5645,
            35.9845
          ],
          [
            -5.608,
            35.9735
          ],
          [
            -5.7496667,
            35.9735
          ]
        ]
      },
      "id": "way/180551667"
    },
    {
      "type": "Feature",
      "properties": {
        "@id": "way/180551668",
        "seamark:type": "separation_boundary"
      },
      "geometry": {
        "type": "LineString",
        "coordinates": [
          [
            -5.7496667,
            35.8751667
          ],
          [
            -5.608,
            35.8968333
          ],
          [
            -5.5375,
            35.9161667
          ]
        ]
      },
      "id": "way/180551668"
    },
    {
      "type": "Feature",
      "properties": {
        "@id": "way/180551673",
        "note": "seamark:type=precautionary_area is not rendered",
        "seamark:information": "precautionary_area",
        "seamark:name": "In the Strait of Gibraltar TSS",
        "seamark:type": "separation_boundary"
      },
      "geometry": {
        "type": "LineString",
        "coordinates": [
          [
            -5.483,
            36.0058333
          ],
          [
            -5.5645,
            35.9845
          ],
          [
            -5.5375,
            35.9161667
          ],
          [
            -5.4566667,
            35.9391667
          ],
          [
            -5.483,
            36.0058333
          ]
        ]
      },
      "id": "way/180551673"
    },
    {
      "type": "Feature",
      "properties": {
        "@id": "way/180551674",
        "note": "seamark:type=precautionary_area is not rendered",
        "seamark:information": "precautionary_area",
        "seamark:type": "separation_boundary"
      },
      "geometry": {
        "type": "LineString",
        "coordinates": [
          [
            -5.328,
            36.0466667
          ],
          [
            -5.428,
            36.0201667
          ],
          [
            -5.428,
            35.9473333
          ],
          [
            -5.3091667,
            35.9796667
          ],
          [
            -5.328,
            36.0466667
          ]
        ]
      },
      "id": "way/180551674"
    },
    {
      "type": "Feature",
      "properties": {
        "@id": "way/180568639",
        "seamark:type": "separation_boundary"
      },
      "geometry": {
        "type": "LineString",
        "coordinates": [
          [
            33.3086667,
            44.662
          ],
          [
            33.2971667,
            44.6685
          ]
        ]
      },
      "id": "way/180568639"
    },
    {
      "type": "Feature",
      "properties": {
        "@id": "way/180568640",
        "seamark:type": "separation_boundary"
      },
      "geometry": {
        "type": "LineString",
        "coordinates": [
          [
            33.3021667,
            44.6265
          ],
          [
            33.3073333,
            44.6298333
          ]
        ]
      },
      "id": "way/180568640"
    },
    {
      "type": "Feature",
      "properties": {
        "@id": "way/180750434",
        "seamark:type": "separation_boundary"
      },
      "geometry": {
        "type": "LineString",
        "coordinates": [
          [
            -9.1953333,
            37.0416667
          ],
          [
            -8.9965468,
            37.0229195
          ]
        ]
      },
      "id": "way/180750434"
    },
    {
      "type": "Feature",
      "properties": {
        "@id": "way/180750435",
        "seamark:type": "separation_boundary"
      },
      "geometry": {
        "type": "LineString",
        "coordinates": [
          [
            -8.9541667,
            36.8356667
          ],
          [
            -8.9491667,
            36.9945
          ]
        ]
      },
      "id": "way/180750435"
    },
    {
      "type": "Feature",
      "properties": {
        "@id": "way/180750439",
        "seamark:type": "separation_boundary"
      },
      "geometry": {
        "type": "LineString",
        "coordinates": [
          [
            -9.0991667,
            36.4178333
          ],
          [
            -9.3588333,
            36.4766667
          ],
          [
            -9.51,
            36.6075275
          ],
          [
            -9.6611667,
            36.7381667
          ],
          [
            -9.7206667,
            36.944
          ]
        ]
      },
      "id": "way/180750439"
    },
    {
      "type": "Feature",
      "properties": {
        "@id": "way/182075712",
        "seamark:type": "separation_boundary"
      },
      "geometry": {
        "type": "LineString",
        "coordinates": [
          [
            103.8630308,
            1.2213311
          ],
          [
            103.85186,
            1.213279
          ],
          [
            103.8399337,
            1.2091201
          ],
          [
            103.8070881,
            1.2131646
          ],
          [
            103.8128687,
            1.2069857
          ],
          [
            103.8196299,
            1.2015582
          ],
          [
            103.8382898,
            1.1992688
          ],
          [
            103.8565963,
            1.2066178
          ],
          [
            103.8672102,
            1.2123581
          ],
          [
            103.8647624,
            1.217632
          ],
          [
            103.8630308,
            1.2213311
          ]
        ]
      },
      "id": "way/182075712"
    },
    {
      "type": "Feature",
      "properties": {
        "@id": "way/182075716",
        "seamark:type": "separation_boundary"
      },
      "geometry": {
        "type": "LineString",
        "coordinates": [
          [
            101.6554943,
            2.3563906
          ],
          [
            101.679677,
            2.3870707
          ],
          [
            101.6883095,
            2.3977564
          ],
          [
            101.7131758,
            2.4299289
          ],
          [
            101.6451121,
            2.4827127
          ],
          [
            101.6200198,
            2.4510797
          ],
          [
            101.6119782,
            2.441335
          ],
          [
            101.5866715,
            2.4097387
          ],
          [
            101.6006921,
            2.3986305
          ],
          [
            101.6554943,
            2.3563906
          ]
        ]
      },
      "id": "way/182075716"
    },
    {
      "type": "Feature",
      "properties": {
        "@id": "way/182075721",
        "seamark:type": "separation_boundary"
      },
      "geometry": {
        "type": "LineString",
        "coordinates": [
          [
            103.5366574,
            1.0989693
          ],
          [
            103.5476422,
            1.1176445
          ],
          [
            103.5799939,
            1.1724647
          ],
          [
            103.6023226,
            1.2103006
          ],
          [
            103.4936424,
            1.2381154
          ],
          [
            103.4935758,
            1.2379648
          ],
          [
            103.4732894,
            1.2019596
          ],
          [
            103.4570556,
            1.1747411
          ],
          [
            103.4445847,
            1.1531294
          ],
          [
            103.5366574,
            1.0989693
          ]
        ]
      },
      "id": "way/182075721"
    },
    {
      "type": "Feature",
      "properties": {
        "@id": "way/182075728",
        "seamark:type": "separation_boundary"
      },
      "geometry": {
        "type": "LineString",
        "coordinates": [
          [
            103.5366574,
            1.0989693
          ],
          [
            103.6591581,
            1.0266727
          ],
          [
            103.726405,
            1.0835365
          ],
          [
            103.76911,
            1.1299813
          ],
          [
            103.8099089,
            1.1577852
          ],
          [
            103.8257835,
            1.1653328
          ],
          [
            103.8440798,
            1.1741142
          ],
          [
            103.8775903,
            1.1900838
          ],
          [
            103.9049432,
            1.2017884
          ],
          [
            103.9593966,
            1.2249423
          ],
          [
            104.0578886,
            1.2341173
          ]
        ]
      },
      "id": "way/182075728"
    },
    {
      "type": "Feature",
      "properties": {
        "@id": "way/182075730",
        "seamark:type": "separation_boundary"
      },
      "geometry": {
        "type": "LineString",
        "coordinates": [
          [
            104.0534999,
            1.2765572
          ],
          [
            103.9982517,
            1.2669537
          ],
          [
            103.9179923,
            1.2345112
          ],
          [
            103.8957678,
            1.2229497
          ],
          [
            103.8690881,
            1.2084631
          ],
          [
            103.8516724,
            1.1992416
          ],
          [
            103.8367653,
            1.1931162
          ],
          [
            103.8177245,
            1.1852819
          ],
          [
            103.7898744,
            1.1741026
          ],
          [
            103.7383225,
            1.1441324
          ],
          [
            103.6741115,
            1.1916304
          ],
          [
            103.6023226,
            1.2103006
          ]
        ]
      },
      "id": "way/182075730"
    },
    {
      "type": "Feature",
      "properties": {
        "@id": "way/182075742",
        "seamark:type": "separation_boundary"
      },
      "geometry": {
        "type": "LineString",
        "coordinates": [
          [
            101.902127,
            2.049375
          ],
          [
            101.995089,
            1.999465
          ],
          [
            102.0235706,
            2.0311019
          ],
          [
            102.0365947,
            2.0456926
          ],
          [
            102.0650763,
            2.0784634
          ],
          [
            102.075528,
            2.0901126
          ],
          [
            102.102202,
            2.1198371
          ],
          [
            102.0154595,
            2.1928664
          ],
          [
            101.9905931,
            2.1616033
          ],
          [
            101.9816014,
            2.150221
          ],
          [
            101.9567351,
            2.1183549
          ],
          [
            101.9301306,
            2.0846817
          ],
          [
            101.902127,
            2.049375
          ]
        ]
      },
      "id": "way/182075742"
    },
    {
      "type": "Feature",
      "properties": {
        "@id": "way/182075748",
        "seamark:type": "separation_boundary"
      },
      "geometry": {
        "type": "LineString",
        "coordinates": [
          [
            103.63925,
            1.2052833
          ],
          [
            103.6615096,
            1.1995363
          ],
          [
            103.7266167,
            1.2369167
          ],
          [
            103.7634481,
            1.2420557
          ],
          [
            103.7612828,
            1.256515
          ],
          [
            103.7595389,
            1.2547248
          ],
          [
            103.7515429,
            1.2534628
          ],
          [
            103.7340667,
            1.2559167
          ],
          [
            103.7187929,
            1.2446658
          ],
          [
            103.7083,
            1.2341
          ],
          [
            103.7067529,
            1.2496128
          ],
          [
            103.67695,
            1.2192
          ],
          [
            103.63925,
            1.2052833
          ]
        ]
      },
      "id": "way/182075748"
    },
    {
      "type": "Feature",
      "properties": {
        "@id": "way/182075767",
        "seamark:type": "separation_boundary"
      },
      "geometry": {
        "type": "LineString",
        "coordinates": [
          [
            101.6554943,
            2.3563906
          ],
          [
            101.9567351,
            2.1183549
          ]
        ]
      },
      "id": "way/182075767"
    },
    {
      "type": "Feature",
      "properties": {
        "@id": "way/182075769",
        "seamark:type": "separation_boundary"
      },
      "geometry": {
        "type": "LineString",
        "coordinates": [
          [
            102.0154595,
            2.1928664
          ],
          [
            101.7131758,
            2.4299289
          ]
        ]
      },
      "id": "way/182075769"
    },
    {
      "type": "Feature",
      "properties": {
        "@id": "way/182075770",
        "seamark:type": "separation_boundary"
      },
      "geometry": {
        "type": "LineString",
        "coordinates": [
          [
            103.874763,
            1.1963338
          ],
          [
            103.8410772,
            1.1819495
          ]
        ]
      },
      "id": "way/182075770"
    },
    {
      "type": "Feature",
      "properties": {
        "@id": "way/182075774",
        "seamark:type": "separation_boundary"
      },
      "geometry": {
        "type": "LineString",
        "coordinates": [
          [
            100.7171215,
            2.9110638
          ],
          [
            101.1449594,
            2.6863186
          ]
        ]
      },
      "id": "way/182075774"
    },
    {
      "type": "Feature",
      "properties": {
        "@id": "way/182075800",
        "seamark:type": "separation_boundary"
      },
      "geometry": {
        "type": "LineString",
        "coordinates": [
          [
            101.5866715,
            2.4097387
          ],
          [
            101.3859332,
            2.5667606
          ],
          [
            101.2051308,
            2.6562026
          ]
        ]
      },
      "id": "way/182075800"
    },
    {
      "type": "Feature",
      "properties": {
        "@id": "way/182075801",
        "seamark:type": "separation_boundary"
      },
      "geometry": {
        "type": "LineString",
        "coordinates": [
          [
            103.8387902,
            1.1878306
          ],
          [
            103.8615592,
            1.1987087
          ],
          [
            103.8715359,
            1.2032731
          ]
        ]
      },
      "id": "way/182075801"
    },
    {
      "type": "Feature",
      "properties": {
        "@id": "way/182075811",
        "seamark:type": "separation_boundary"
      },
      "geometry": {
        "type": "LineString",
        "coordinates": [
          [
            104.4366593,
            1.4225738
          ],
          [
            104.3228605,
            1.3222856
          ],
          [
            104.2486148,
            1.3093518
          ]
        ]
      },
      "id": "way/182075811"
    },
    {
      "type": "Feature",
      "properties": {
        "@id": "way/182075815",
        "seamark:type": "separation_boundary"
      },
      "geometry": {
        "type": "LineString",
        "coordinates": [
          [
            101.6451121,
            2.4827127
          ],
          [
            101.4657581,
            2.6232081
          ],
          [
            101.2483572,
            2.7378026
          ]
        ]
      },
      "id": "way/182075815"
    },
    {
      "type": "Feature",
      "properties": {
        "@id": "way/182075816",
        "seamark:type": "separation_boundary"
      },
      "geometry": {
        "type": "LineString",
        "coordinates": [
          [
            104.4617234,
            1.3875335
          ],
          [
            104.3285274,
            1.2704522
          ],
          [
            104.2490153,
            1.2557051
          ]
        ]
      },
      "id": "way/182075816"
    },
    {
      "type": "Feature",
      "properties": {
        "@id": "way/182075817",
        "seamark:type": "separation_boundary"
      },
      "geometry": {
        "type": "LineString",
        "coordinates": [
          [
            103.8200043,
            1.180147
          ],
          [
            103.7967747,
            1.1709602
          ],
          [
            103.7555,
            1.1433333
          ]
        ]
      },
      "id": "way/182075817"
    },
    {
      "type": "Feature",
      "properties": {
        "@id": "way/182075818",
        "seamark:type": "separation_boundary"
      },
      "geometry": {
        "type": "LineString",
        "coordinates": [
          [
            101.1897964,
            2.7712845
          ],
          [
            100.9977717,
            2.874674
          ],
          [
            100.8076473,
            3.0476959
          ]
        ]
      },
      "id": "way/182075818"
    },
    {
      "type": "Feature",
      "properties": {
        "@id": "way/182076245",
        "seamark:type": "separation_boundary"
      },
      "geometry": {
        "type": "LineString",
        "coordinates": [
          [
            103.7340667,
            1.2559167
          ],
          [
            103.7507833,
            1.2646833
          ],
          [
            103.7462833,
            1.2732667
          ],
          [
            103.7302983,
            1.2606239
          ],
          [
            103.7067529,
            1.2496128
          ]
        ]
      },
      "id": "way/182076245"
    },
    {
      "type": "Feature",
      "properties": {
        "@id": "way/182076288",
        "seamark:type": "separation_boundary"
      },
      "geometry": {
        "type": "LineString",
        "coordinates": [
          [
            103.6474984,
            1.0600068
          ],
          [
            103.6500099,
            1.0495162
          ],
          [
            103.7128102,
            1.0824967
          ],
          [
            103.7785797,
            1.1482769
          ],
          [
            103.8029304,
            1.1657875
          ],
          [
            103.8223102,
            1.1740649
          ]
        ]
      },
      "id": "way/182076288"
    },
    {
      "type": "Feature",
      "properties": {
        "@id": "way/182076311",
        "seamark:type": "separation_boundary"
      },
      "geometry": {
        "type": "LineString",
        "coordinates": [
          [
            103.7266167,
            1.2369167
          ],
          [
            103.7634481,
            1.2420557
          ],
          [
            103.7612828,
            1.256515
          ],
          [
            103.7595389,
            1.2547248
          ],
          [
            103.7515429,
            1.2534628
          ],
          [
            103.7340667,
            1.2559167
          ]
        ]
      },
      "id": "way/182076311"
    },
    {
      "type": "Feature",
      "properties": {
        "@id": "way/182076325",
        "seamark:type": "separation_boundary"
      },
      "geometry": {
        "type": "LineString",
        "coordinates": [
          [
            103.8223102,
            1.1740649
          ],
          [
            103.8257835,
            1.1653328
          ],
          [
            103.8440798,
            1.1741142
          ],
          [
            103.8410772,
            1.1819495
          ],
          [
            103.8387902,
            1.1878306
          ],
          [
            103.8367653,
            1.1931162
          ],
          [
            103.8177245,
            1.1852819
          ],
          [
            103.8200043,
            1.180147
          ],
          [
            103.8223102,
            1.1740649
          ]
        ]
      },
      "id": "way/182076325"
    },
    {
      "type": "Feature",
      "properties": {
        "@id": "way/182076343",
        "seamark:type": "separation_boundary"
      },
      "geometry": {
        "type": "LineString",
        "coordinates": [
          [
            103.9049432,
            1.2017884
          ],
          [
            103.8986734,
            1.2161901
          ],
          [
            103.8957678,
            1.2229497
          ],
          [
            103.8690881,
            1.2084631
          ],
          [
            103.8715359,
            1.2032731
          ],
          [
            103.874763,
            1.1963338
          ],
          [
            103.8775903,
            1.1900838
          ],
          [
            103.9049432,
            1.2017884
          ]
        ]
      },
      "id": "way/182076343"
    },
    {
      "type": "Feature",
      "properties": {
        "@id": "way/182076349",
        "seamark:type": "separation_boundary"
      },
      "geometry": {
        "type": "LineString",
        "coordinates": [
          [
            102.0365947,
            2.0456926
          ],
          [
            102.0926251,
            1.9942857
          ],
          [
            102.2194133,
            1.8768807
          ],
          [
            102.4827685,
            1.7523255
          ],
          [
            102.7788713,
            1.6131605
          ],
          [
            102.8933063,
            1.5430026
          ],
          [
            103.0089246,
            1.4721169
          ],
          [
            103.1836388,
            1.366898
          ],
          [
            103.3778651,
            1.192854
          ],
          [
            103.4445847,
            1.1531294
          ]
        ]
      },
      "id": "way/182076349"
    },
    {
      "type": "Feature",
      "properties": {
        "@id": "way/182076351",
        "seamark:type": "separation_boundary"
      },
      "geometry": {
        "type": "LineString",
        "coordinates": [
          [
            104.0578886,
            1.2341173
          ],
          [
            104.2490153,
            1.2557051
          ],
          [
            104.2488234,
            1.2837504
          ],
          [
            104.2488234,
            1.2881756
          ],
          [
            104.2486148,
            1.3093518
          ],
          [
            104.0534999,
            1.2765572
          ],
          [
            104.0549628,
            1.2611499
          ],
          [
            104.05538,
            1.2569563
          ],
          [
            104.0578886,
            1.2341173
          ]
        ]
      },
      "id": "way/182076351"
    },
    {
      "type": "Feature",
      "properties": {
        "@id": "way/182076356",
        "seamark:type": "separation_boundary"
      },
      "geometry": {
        "type": "LineString",
        "coordinates": [
          [
            102.102202,
            2.1198371
          ],
          [
            102.2750092,
            1.9663307
          ],
          [
            102.5450618,
            1.844237
          ],
          [
            102.8420675,
            1.7110299
          ],
          [
            102.9969906,
            1.6413063
          ],
          [
            103.0724693,
            1.576829
          ],
          [
            103.2423632,
            1.4301227
          ],
          [
            103.4197879,
            1.2532564
          ],
          [
            103.4935758,
            1.2379648
          ]
        ]
      },
      "id": "way/182076356"
    },
    {
      "type": "Feature",
      "properties": {
        "@id": "way/182076357",
        "seamark:type": "separation_boundary"
      },
      "geometry": {
        "type": "LineString",
        "coordinates": [
          [
            101.2051308,
            2.6562026
          ],
          [
            101.2247654,
            2.6934847
          ],
          [
            101.2282532,
            2.6999085
          ],
          [
            101.2483572,
            2.7378026
          ],
          [
            101.1897964,
            2.7712845
          ],
          [
            101.1689509,
            2.7317305
          ],
          [
            101.1643739,
            2.723293
          ],
          [
            101.1449594,
            2.6863186
          ],
          [
            101.2051308,
            2.6562026
          ]
        ]
      },
      "id": "way/182076357"
    },
    {
      "type": "Feature",
      "properties": {
        "@id": "way/195964017",
        "seamark:type": "separation_boundary"
      },
      "geometry": {
        "type": "LineString",
        "coordinates": [
          [
            23.766009,
            37.6775281
          ],
          [
            23.6652447,
            37.8450106
          ]
        ]
      },
      "id": "way/195964017"
    },
    {
      "type": "Feature",
      "properties": {
        "@id": "way/195964018",
        "seamark:type": "separation_boundary"
      },
      "geometry": {
        "type": "LineString",
        "coordinates": [
          [
            23.5971414,
            37.8217511
          ],
          [
            23.6982518,
            37.6539982
          ]
        ]
      },
      "id": "way/195964018"
    },
    {
      "type": "Feature",
      "properties": {
        "@id": "way/197417768",
        "seamark:type": "separation_boundary"
      },
      "geometry": {
        "type": "LineString",
        "coordinates": [
          [
            31.9683333,
            31.7258333
          ],
          [
            32.2058333,
            31.5216667
          ]
        ]
      },
      "id": "way/197417768"
    },
    {
      "type": "Feature",
      "properties": {
        "@id": "way/197417771",
        "seamark:type": "separation_boundary"
      },
      "geometry": {
        "type": "LineString",
        "coordinates": [
          [
            32.2333979,
            31.5449444
          ],
          [
            32.0008333,
            31.745
          ]
        ]
      },
      "id": "way/197417771"
    },
    {
      "type": "Feature",
      "properties": {
        "@id": "way/197417779",
        "seamark:type": "separation_boundary"
      },
      "geometry": {
        "type": "LineString",
        "coordinates": [
          [
            31.675,
            31.7516667
          ],
          [
            31.7834043,
            31.629012
          ]
        ]
      },
      "id": "way/197417779"
    },
    {
      "type": "Feature",
      "properties": {
        "@id": "way/197417780",
        "seamark:type": "separation_boundary"
      },
      "geometry": {
        "type": "LineString",
        "coordinates": [
          [
            31.8,
            31.625
          ],
          [
            31.9683333,
            31.7258333
          ]
        ]
      },
      "id": "way/197417780"
    },
    {
      "type": "Feature",
      "properties": {
        "@id": "way/197417782",
        "seamark:type": "separation_boundary"
      },
      "geometry": {
        "type": "LineString",
        "coordinates": [
          [
            32.372748,
            31.5711521
          ],
          [
            32.755,
            31.7666667
          ]
        ]
      },
      "id": "way/197417782"
    },
    {
      "type": "Feature",
      "properties": {
        "@id": "way/197417787",
        "seamark:type": "separation_boundary"
      },
      "geometry": {
        "type": "LineString",
        "coordinates": [
          [
            31.9499665,
            31.7416386
          ],
          [
            31.7966667,
            31.65
          ]
        ]
      },
      "id": "way/197417787"
    },
    {
      "type": "Feature",
      "properties": {
        "@id": "way/197417788",
        "seamark:type": "separation_boundary"
      },
      "geometry": {
        "type": "LineString",
        "coordinates": [
          [
            32.5866667,
            31.7666667
          ],
          [
            32.5866667,
            31.72
          ],
          [
            32.3466667,
            31.5966667
          ]
        ]
      },
      "id": "way/197417788"
    },
    {
      "type": "Feature",
      "properties": {
        "@id": "way/197417830",
        "seamark:type": "separation_boundary"
      },
      "geometry": {
        "type": "LineString",
        "coordinates": [
          [
            31.9325,
            31.7566667
          ],
          [
            31.9499665,
            31.7416386
          ],
          [
            31.9578813,
            31.734828
          ],
          [
            31.9600543,
            31.732958
          ],
          [
            31.9683333,
            31.7258333
          ],
          [
            31.9809036,
            31.733247
          ],
          [
            31.9882625,
            31.7375869
          ],
          [
            32.0008333,
            31.745
          ],
          [
            31.992,
            31.7566667
          ],
          [
            31.9325,
            31.7566667
          ]
        ]
      },
      "id": "way/197417830"
    },
    {
      "type": "Feature",
      "properties": {
        "@id": "way/204248132",
        "seamark:name": "Limite du port de Caen-Ouistreham",
        "seamark:type": "separation_boundary"
      },
      "geometry": {
        "type": "LineString",
        "coordinates": [
          [
            -0.252158,
            49.2918674
          ],
          [
            -0.2521955,
            49.301572
          ],
          [
            -0.2177682,
            49.3016285
          ],
          [
            -0.2175847,
            49.2863693
          ]
        ]
      },
      "id": "way/204248132"
    },
    {
      "type": "Feature",
      "properties": {
        "@id": "way/204248133",
        "seamark:type": "separation_boundary"
      },
      "geometry": {
        "type": "LineString",
        "coordinates": [
          [
            -0.2493813,
            49.2614395
          ],
          [
            -0.2471978,
            49.2640301
          ],
          [
            -0.2469354,
            49.2643414
          ],
          [
            -0.2456519,
            49.2658642
          ],
          [
            -0.245418,
            49.2661417
          ],
          [
            -0.2436027,
            49.2682952
          ]
        ]
      },
      "id": "way/204248133"
    },
    {
      "type": "Feature",
      "properties": {
        "@id": "way/207844188",
        "seamark:type": "separation_boundary"
      },
      "geometry": {
        "type": "LineString",
        "coordinates": [
          [
            113.8596845,
            22.1862289
          ],
          [
            113.9066059,
            22.1940971
          ]
        ]
      },
      "id": "way/207844188"
    },
    {
      "type": "Feature",
      "properties": {
        "@id": "way/207844190",
        "seamark:type": "separation_boundary"
      },
      "geometry": {
        "type": "LineString",
        "coordinates": [
          [
            113.9295338,
            22.2048559
          ],
          [
            114.0066521,
            22.2137846
          ]
        ]
      },
      "id": "way/207844190"
    },
    {
      "type": "Feature",
      "properties": {
        "@id": "way/207844193",
        "seamark:type": "separation_boundary"
      },
      "geometry": {
        "type": "LineString",
        "coordinates": [
          [
            114.0832833,
            22.26375
          ],
          [
            114.0498078,
            22.2342038
          ],
          [
            114.024872,
            22.2213729
          ],
          [
            114.0094238,
            22.2063706
          ],
          [
            113.92995,
            22.1970833
          ]
        ]
      },
      "id": "way/207844193"
    },
    {
      "type": "Feature",
      "properties": {
        "@id": "way/207844194",
        "seamark:type": "separation_boundary"
      },
      "geometry": {
        "type": "LineString",
        "coordinates": [
          [
            113.8500121,
            22.1936393
          ],
          [
            113.855033,
            22.1932314
          ],
          [
            113.9062758,
            22.2016812
          ]
        ]
      },
      "id": "way/207844194"
    },
    {
      "type": "Feature",
      "properties": {
        "@id": "way/207844195",
        "seamark:type": "separation_boundary",
        "source": "https://www.hydro.gov.hk/ntm/notice/2023-15.pdf"
      },
      "geometry": {
        "type": "LineString",
        "coordinates": [
          [
            113.92995,
            22.1884667
          ],
          [
            113.9666833,
            22.1737333
          ],
          [
            114.0520333,
            22.1737333
          ],
          [
            114.0900167,
            22.2598333
          ]
        ]
      },
      "id": "way/207844195"
    },
    {
      "type": "Feature",
      "properties": {
        "@id": "way/207844203",
        "seamark:type": "separation_boundary",
        "source": "https://www.hydro.gov.hk/ntm/notice/2023-15.pdf"
      },
      "geometry": {
        "type": "LineString",
        "coordinates": [
          [
            114.0832833,
            22.26375
          ],
          [
            114.0482667,
            22.1843833
          ],
          [
            113.9618,
            22.1843
          ],
          [
            113.92995,
            22.1970833
          ]
        ]
      },
      "id": "way/207844203"
    },
    {
      "type": "Feature",
      "properties": {
        "@id": "way/207844206",
        "seamark:type": "separation_boundary"
      },
      "geometry": {
        "type": "LineString",
        "coordinates": [
          [
            114.0066521,
            22.2137846
          ],
          [
            114.0204698,
            22.2266701
          ],
          [
            114.0441361,
            22.2392294
          ],
          [
            114.077348,
            22.2678199
          ],
          [
            114.0803458,
            22.265873
          ],
          [
            114.0832833,
            22.26375
          ],
          [
            114.0900167,
            22.2598333
          ]
        ]
      },
      "id": "way/207844206"
    },
    {
      "type": "Feature",
      "properties": {
        "@id": "way/207859971",
        "seamark:type": "separation_boundary"
      },
      "geometry": {
        "type": "LineString",
        "coordinates": [
          [
            114.3357833,
            22.2331833
          ],
          [
            114.2983,
            22.2311333
          ]
        ]
      },
      "id": "way/207859971"
    },
    {
      "type": "Feature",
      "properties": {
        "@id": "way/207859972",
        "seamark:type": "separation_boundary"
      },
      "geometry": {
        "type": "LineString",
        "coordinates": [
          [
            114.3357833,
            22.2034667
          ],
          [
            114.2969,
            22.20625
          ]
        ]
      },
      "id": "way/207859972"
    },
    {
      "type": "Feature",
      "properties": {
        "@id": "way/207904952",
        "seamark:information": "Northern Boundary, Central Fairway",
        "seamark:type": "separation_boundary",
        "source": "Boundaries of the Central Fairway, Sch 3, Cap 313A"
      },
      "geometry": {
        "type": "LineString",
        "coordinates": [
          [
            114.1516167,
            22.2976333
          ],
          [
            114.1429833,
            22.3
          ]
        ]
      },
      "id": "way/207904952"
    },
    {
      "type": "Feature",
      "properties": {
        "@id": "way/207904953",
        "seamark:information": "Southern Boundary, Central Fairway",
        "seamark:type": "separation_boundary",
        "source": "Boundaries of the Central Fairway, Sch 3, Cap 313A"
      },
      "geometry": {
        "type": "LineString",
        "coordinates": [
          [
            114.1672667,
            22.2879
          ],
          [
            114.1518746,
            22.2914502
          ],
          [
            114.1512964,
            22.2915836
          ],
          [
            114.1457658,
            22.2928593
          ],
          [
            114.1455167,
            22.2929167
          ]
        ]
      },
      "id": "way/207904953"
    },
    {
      "type": "Feature",
      "properties": {
        "@id": "way/207904954",
        "seamark:information": "Northern Boundary, North Green Island Fairway",
        "seamark:type": "separation_boundary",
        "source": "Boundaries of the North Green Island Fairway, Sch 3, Cap 313A, transformed from HK80 to WGS"
      },
      "geometry": {
        "type": "LineString",
        "coordinates": [
          [
            114.1046,
            22.2882
          ],
          [
            114.1014333,
            22.2936167
          ],
          [
            114.1098333,
            22.2936167
          ],
          [
            114.1170667,
            22.2936167
          ],
          [
            114.1218167,
            22.2936167
          ]
        ]
      },
      "id": "way/207904954"
    },
    {
      "type": "Feature",
      "properties": {
        "@id": "way/207904955",
        "seamark:information": "Western Boundary, Western Fairway",
        "seamark:type": "separation_boundary",
        "source": "Boundaries of the Western Fairway, Sch 3, Cap 313A"
      },
      "geometry": {
        "type": "LineString",
        "coordinates": [
          [
            114.0819,
            22.32375
          ],
          [
            114.1046667,
            22.2690333
          ]
        ]
      },
      "id": "way/207904955"
    },
    {
      "type": "Feature",
      "properties": {
        "@id": "way/207904956",
        "seamark:information": "Northern Boundary, Southern Fairway",
        "seamark:type": "separation_boundary",
        "source": "Boundaries of the Southern Fairway, Sch 3, Cap 313A, transformed from HK80 to WGS"
      },
      "geometry": {
        "type": "LineString",
        "coordinates": [
          [
            114.1095833,
            22.2797167
          ],
          [
            114.1237833,
            22.2882
          ]
        ]
      },
      "id": "way/207904956"
    },
    {
      "type": "Feature",
      "properties": {
        "@id": "way/207904957",
        "seamark:information": "Northern Boundary, Southern Fairway",
        "seamark:type": "separation_boundary",
        "source": "Boundaries of the Southern Fairway, Sch 3, Cap 313A, transformed from HK80 to WGS"
      },
      "geometry": {
        "type": "LineString",
        "coordinates": [
          [
            114.1218167,
            22.2936167
          ],
          [
            114.1357833,
            22.2964833
          ],
          [
            114.1404167,
            22.2974167
          ]
        ]
      },
      "id": "way/207904957"
    },
    {
      "type": "Feature",
      "properties": {
        "@id": "way/207904958",
        "seamark:information": "Southern Boundary, North Green Island Fairway",
        "seamark:type": "separation_boundary",
        "source": "Boundaries of the Boundaries of the North Green Island Fairway, Sch 3, Cap 313A, transformed from HK80 to WGS"
      },
      "geometry": {
        "type": "LineString",
        "coordinates": [
          [
            114.1046,
            22.2882
          ],
          [
            114.1237833,
            22.2882
          ]
        ]
      },
      "id": "way/207904958"
    },
    {
      "type": "Feature",
      "properties": {
        "@id": "way/207904959",
        "seamark:information": "Northern Boundary, Kap Shui Mun Fairway",
        "seamark:type": "separation_boundary",
        "source": "Boundaries of the Kap Shui Mun Fairway, Sch 3, Cap 313A"
      },
      "geometry": {
        "type": "LineString",
        "coordinates": [
          [
            114.0535667,
            22.3482
          ],
          [
            114.0613333,
            22.3382
          ],
          [
            114.0805,
            22.3279167
          ]
        ]
      },
      "id": "way/207904959"
    },
    {
      "type": "Feature",
      "properties": {
        "@id": "way/207904960",
        "seamark:information": "Eastern Boundary, Western Fairway",
        "seamark:type": "separation_boundary",
        "source": "Boundaries of the Western Fairway, Sch 3, Cap 313A"
      },
      "geometry": {
        "type": "LineString",
        "coordinates": [
          [
            114.0985667,
            22.3054167
          ],
          [
            114.0994,
            22.2970833
          ],
          [
            114.1135667,
            22.2729167
          ]
        ]
      },
      "id": "way/207904960"
    },
    {
      "type": "Feature",
      "properties": {
        "@id": "way/207904961",
        "seamark:information": "Northern Boundary, Central Fairway",
        "seamark:type": "separation_boundary",
        "source": "Boundaries of the Central Fairway, Sch 3, Cap 313A"
      },
      "geometry": {
        "type": "LineString",
        "coordinates": [
          [
            114.1677833,
            22.2912667
          ],
          [
            114.1568833,
            22.2937667
          ],
          [
            114.1532833,
            22.2976333
          ]
        ]
      },
      "id": "way/207904961"
    },
    {
      "type": "Feature",
      "properties": {
        "@id": "way/207904963",
        "seamark:information": "Northern Boundary, Eastern Fairway",
        "seamark:type": "separation_boundary",
        "source": "Boundaries of the Eastern Fairway, Sch 3, Cap 313A"
      },
      "geometry": {
        "type": "LineString",
        "coordinates": [
          [
            114.24245,
            22.2843
          ],
          [
            114.23635,
            22.2879167
          ],
          [
            114.20745,
            22.2995833
          ]
        ]
      },
      "id": "way/207904963"
    },
    {
      "type": "Feature",
      "properties": {
        "@id": "way/207904964",
        "seamark:information": "Southern Boundary, Eastern Fairway",
        "seamark:type": "separation_boundary",
        "source": "Boundaries of the Eastern Fairway, Sch 3, Cap 313A"
      },
      "geometry": {
        "type": "LineString",
        "coordinates": [
          [
            114.2402333,
            22.28125
          ],
          [
            114.2345333,
            22.2845833
          ],
          [
            114.20745,
            22.2956833
          ]
        ]
      },
      "id": "way/207904964"
    },
    {
      "type": "Feature",
      "properties": {
        "@id": "way/207904965",
        "seamark:information": "Southern Boundary, Southern Fairway",
        "seamark:type": "separation_boundary",
        "source": "Boundaries of the Southern Fairway, Sch 3, Cap 313A, transformed from HK80 to WGS"
      },
      "geometry": {
        "type": "LineString",
        "coordinates": [
          [
            114.1108333,
            22.2775667
          ],
          [
            114.1319,
            22.2901333
          ],
          [
            114.1455167,
            22.2929167
          ]
        ]
      },
      "id": "way/207904965"
    },
    {
      "type": "Feature",
      "properties": {
        "@id": "way/207904966",
        "seamark:information": "Southern Boundary, Kap Shui Mun Fairway",
        "seamark:type": "separation_boundary",
        "source": "Boundaries of the Kap Shui Mun Fairway, Sch 3, Cap 313A"
      },
      "geometry": {
        "type": "LineString",
        "coordinates": [
          [
            114.0519,
            22.3470833
          ],
          [
            114.0619,
            22.3343
          ],
          [
            114.0819,
            22.32375
          ]
        ]
      },
      "id": "way/207904966"
    },
    {
      "type": "Feature",
      "properties": {
        "@id": "way/207904967",
        "seamark:information": "Eastern Boundary, Yau Ma Tei Fairway",
        "seamark:type": "separation_boundary",
        "source": "Boundaries of the Yau Ma Tei Fairway, Sch 3, Cap 313A"
      },
      "geometry": {
        "type": "LineString",
        "coordinates": [
          [
            114.1532833,
            22.2976333
          ],
          [
            114.1532833,
            22.3179167
          ],
          [
            114.1494,
            22.3243
          ],
          [
            114.14495,
            22.3270833
          ]
        ]
      },
      "id": "way/207904967"
    },
    {
      "type": "Feature",
      "properties": {
        "@id": "way/207904968",
        "seamark:information": "Northern Boundary, Hung Hom Fairway",
        "seamark:type": "separation_boundary",
        "source": "Boundaries of the Hung Hom Fairway, Sch 3, Cap 313A"
      },
      "geometry": {
        "type": "LineString",
        "coordinates": [
          [
            114.20745,
            22.2995833
          ],
          [
            114.1909333,
            22.2995833
          ],
          [
            114.1734333,
            22.2913833
          ],
          [
            114.1677833,
            22.2912667
          ]
        ]
      },
      "id": "way/207904968"
    },
    {
      "type": "Feature",
      "properties": {
        "@id": "way/207904969",
        "seamark:information": "Southern Boundary, Hung Hom Fairway",
        "seamark:type": "separation_boundary",
        "source": "Boundaries of the Hung Hom Fairway, Sch 3, Cap 313A"
      },
      "geometry": {
        "type": "LineString",
        "coordinates": [
          [
            114.20745,
            22.2956833
          ],
          [
            114.1901,
            22.2954167
          ],
          [
            114.1744,
            22.28805
          ],
          [
            114.1672667,
            22.2879
          ]
        ]
      },
      "id": "way/207904969"
    },
    {
      "type": "Feature",
      "properties": {
        "@id": "way/207904970",
        "seamark:information": "Eastern Boundary, Yau Ma Tei Fairway",
        "seamark:type": "separation_boundary",
        "source": "Boundaries of the Yau Ma Tei Fairway, Sch 3, Cap 313A"
      },
      "geometry": {
        "type": "LineString",
        "coordinates": [
          [
            114.1516167,
            22.2976333
          ],
          [
            114.1516167,
            22.3179167
          ],
          [
            114.1482833,
            22.3234667
          ],
          [
            114.1441167,
            22.3257
          ]
        ]
      },
      "id": "way/207904970"
    },
    {
      "type": "Feature",
      "properties": {
        "@id": "way/207904971",
        "seamark:information": "Southern Boundary, Ma Wan Fairway",
        "seamark:type": "separation_boundary",
        "source": "Boundaries of the Ma Wan Fairway, Sch 3, Cap 313A"
      },
      "geometry": {
        "type": "LineString",
        "coordinates": [
          [
            114.0566167,
            22.3570833
          ],
          [
            114.068,
            22.3570833
          ],
          [
            114.0702333,
            22.3548667
          ],
          [
            114.0805,
            22.3279167
          ]
        ]
      },
      "id": "way/207904971"
    },
    {
      "type": "Feature",
      "properties": {
        "@id": "way/209028346",
        "seamark:type": "separation_boundary"
      },
      "geometry": {
        "type": "LineString",
        "coordinates": [
          [
            114.1046667,
            22.2690333
          ],
          [
            114.1163333,
            22.2479167
          ],
          [
            114.1186167,
            22.2439667
          ]
        ]
      },
      "id": "way/209028346"
    },
    {
      "type": "Feature",
      "properties": {
        "@id": "way/220138728",
        "seamark:type": "separation_boundary"
      },
      "geometry": {
        "type": "LineString",
        "coordinates": [
          [
            50.2052358,
            26.6841993
          ],
          [
            50.2067952,
            26.7010233
          ],
          [
            50.2069042,
            26.709015
          ],
          [
            50.1959587,
            26.7396732
          ],
          [
            50.1833112,
            26.7918458
          ],
          [
            50.1790688,
            26.8232298
          ],
          [
            50.1939759,
            26.849859
          ],
          [
            50.1940639,
            26.8500835
          ],
          [
            50.2177743,
            26.9197744
          ],
          [
            50.2195937,
            26.9277507
          ],
          [
            50.3987045,
            27.0833277
          ],
          [
            50.7015739,
            27.0947334
          ]
        ]
      },
      "id": "way/220138728"
    },
    {
      "type": "Feature",
      "properties": {
        "@id": "way/220138750",
        "seamark:type": "separation_boundary"
      },
      "geometry": {
        "type": "LineString",
        "coordinates": [
          [
            55.4996826,
            26.3793962
          ],
          [
            55.1288344,
            26.3129186
          ],
          [
            54.5027053,
            26.3843835
          ]
        ]
      },
      "id": "way/220138750"
    },
    {
      "type": "Feature",
      "properties": {
        "@id": "way/220138751",
        "seamark:type": "separation_boundary"
      },
      "geometry": {
        "type": "LineString",
        "coordinates": [
          [
            53.0212303,
            24.9240048
          ],
          [
            53.3419412,
            25.0177637
          ]
        ]
      },
      "id": "way/220138751"
    },
    {
      "type": "Feature",
      "properties": {
        "@id": "way/220138753",
        "seamark:type": "separation_boundary"
      },
      "geometry": {
        "type": "LineString",
        "coordinates": [
          [
            49.1171897,
            28.6567916
          ],
          [
            48.7501646,
            28.6567916
          ],
          [
            48.6559266,
            28.5081305
          ]
        ]
      },
      "id": "way/220138753"
    },
    {
      "type": "Feature",
      "properties": {
        "@id": "way/220138755",
        "seamark:type": "separation_boundary"
      },
      "geometry": {
        "type": "LineString",
        "coordinates": [
          [
            48.2833681,
            29.0315392
          ],
          [
            48.3672097,
            28.9964631
          ],
          [
            48.4182524,
            28.9382504
          ]
        ]
      },
      "id": "way/220138755"
    },
    {
      "type": "Feature",
      "properties": {
        "@id": "way/220138758",
        "seamark:type": "separation_boundary"
      },
      "geometry": {
        "type": "LineString",
        "coordinates": [
          [
            54.5027388,
            26.3516017
          ],
          [
            55.1283649,
            26.2781019
          ],
          [
            55.4997497,
            26.3450502
          ]
        ]
      },
      "id": "way/220138758"
    },
    {
      "type": "Feature",
      "properties": {
        "@id": "way/220138759",
        "seamark:type": "separation_boundary"
      },
      "geometry": {
        "type": "LineString",
        "coordinates": [
          [
            50.1722022,
            27.0219466
          ],
          [
            50.2111047,
            27.1765951
          ],
          [
            50.5976145,
            27.1768636
          ]
        ]
      },
      "id": "way/220138759"
    },
    {
      "type": "Feature",
      "properties": {
        "@id": "way/220138760",
        "seamark:type": "separation_boundary"
      },
      "geometry": {
        "type": "LineString",
        "coordinates": [
          [
            48.459687,
            28.9734123
          ],
          [
            48.3916076,
            29.0191129
          ],
          [
            48.306458,
            29.055178
          ]
        ]
      },
      "id": "way/220138760"
    },
    {
      "type": "Feature",
      "properties": {
        "@id": "way/220138762",
        "seamark:type": "separation_boundary"
      },
      "geometry": {
        "type": "LineString",
        "coordinates": [
          [
            48.7008657,
            28.4933354
          ],
          [
            48.7816891,
            28.6200582
          ],
          [
            49.1168878,
            28.6015689
          ]
        ]
      },
      "id": "way/220138762"
    },
    {
      "type": "Feature",
      "properties": {
        "@id": "way/220138764",
        "seamark:type": "separation_boundary"
      },
      "geometry": {
        "type": "LineString",
        "coordinates": [
          [
            53.401452,
            25.1344214
          ],
          [
            53.3126973,
            25.0668643
          ]
        ]
      },
      "id": "way/220138764"
    },
    {
      "type": "Feature",
      "properties": {
        "@id": "way/220138766",
        "seamark:type": "separation_boundary"
      },
      "geometry": {
        "type": "LineString",
        "coordinates": [
          [
            54.5027053,
            26.2184862
          ],
          [
            55.2922249,
            26.1352981
          ],
          [
            55.5001521,
            26.1979655
          ]
        ]
      },
      "id": "way/220138766"
    },
    {
      "type": "Feature",
      "properties": {
        "@id": "way/220138767",
        "seamark:type": "separation_boundary"
      },
      "geometry": {
        "type": "LineString",
        "coordinates": [
          [
            54.5032418,
            26.1681109
          ],
          [
            55.2915542,
            26.0847664
          ],
          [
            55.5003534,
            26.1482437
          ]
        ]
      },
      "id": "way/220138767"
    },
    {
      "type": "Feature",
      "properties": {
        "@id": "way/220138784",
        "seamark:type": "separation_boundary"
      },
      "geometry": {
        "type": "LineString",
        "coordinates": [
          [
            50.6998468,
            27.1227872
          ],
          [
            50.3840657,
            27.1106381
          ],
          [
            50.2283551,
            26.9727569
          ],
          [
            50.2022301,
            26.9973227
          ]
        ]
      },
      "id": "way/220138784"
    },
    {
      "type": "Feature",
      "properties": {
        "@id": "way/220138785",
        "seamark:type": "separation_boundary"
      },
      "geometry": {
        "type": "LineString",
        "coordinates": [
          [
            56.3873641,
            26.5029632
          ],
          [
            56.482474,
            26.5401725
          ],
          [
            56.5384131,
            26.5404725
          ],
          [
            56.5930779,
            26.4579359
          ]
        ]
      },
      "id": "way/220138785"
    },
    {
      "type": "Feature",
      "properties": {
        "@id": "way/220138794",
        "seamark:type": "separation_boundary"
      },
      "geometry": {
        "type": "LineString",
        "coordinates": [
          [
            50.6004651,
            27.2100642
          ],
          [
            50.18394,
            27.2102431
          ],
          [
            50.1799156,
            27.2071412
          ],
          [
            50.1362509,
            27.0294152
          ]
        ]
      },
      "id": "way/220138794"
    },
    {
      "type": "Feature",
      "properties": {
        "@id": "way/220138843",
        "seamark:type": "separation_boundary"
      },
      "geometry": {
        "type": "LineString",
        "coordinates": [
          [
            56.6896634,
            26.5119666
          ],
          [
            56.6027364,
            26.6413565
          ],
          [
            56.461916,
            26.6414765
          ],
          [
            56.3761293,
            26.6213008
          ],
          [
            56.3359859,
            26.6119462
          ]
        ]
      },
      "id": "way/220138843"
    },
    {
      "type": "Feature",
      "properties": {
        "@id": "way/220138850",
        "seamark:type": "separation_boundary"
      },
      "geometry": {
        "type": "LineString",
        "coordinates": [
          [
            49.4785973,
            28.5336634
          ],
          [
            49.4768869,
            28.505876
          ],
          [
            49.4432832,
            28.418783
          ],
          [
            49.3011382,
            28.320356
          ],
          [
            49.2842692,
            28.282708
          ],
          [
            49.2857113,
            28.2483555
          ]
        ]
      },
      "id": "way/220138850"
    },
    {
      "type": "Feature",
      "properties": {
        "@id": "way/220138857",
        "seamark:type": "separation_boundary"
      },
      "geometry": {
        "type": "LineString",
        "coordinates": [
          [
            49.3328806,
            28.2497292
          ],
          [
            49.3326123,
            28.2756641
          ],
          [
            49.340594,
            28.2950964
          ],
          [
            49.4837955,
            28.3930305
          ],
          [
            49.524509,
            28.4971817
          ],
          [
            49.5265212,
            28.5331331
          ]
        ]
      },
      "id": "way/220138857"
    },
    {
      "type": "Feature",
      "properties": {
        "@id": "way/220138864",
        "seamark:type": "separation_boundary"
      },
      "geometry": {
        "type": "LineString",
        "coordinates": [
          [
            48.7477164,
            29.0753968
          ],
          [
            48.5000148,
            29.1141379
          ],
          [
            48.4731519,
            29.1266773
          ],
          [
            48.4433379,
            29.1401231
          ],
          [
            48.3901487,
            29.167566
          ],
          [
            48.2498985,
            29.2202054
          ]
        ]
      },
      "id": "way/220138864"
    },
    {
      "type": "Feature",
      "properties": {
        "@id": "way/220138866",
        "seamark:type": "separation_boundary"
      },
      "geometry": {
        "type": "LineString",
        "coordinates": [
          [
            50.195724,
            26.6853193
          ],
          [
            50.1957156,
            26.7007911
          ],
          [
            50.1949316,
            26.7039894
          ],
          [
            50.1654026,
            26.8033296
          ],
          [
            50.1944621,
            26.9432269
          ],
          [
            50.2015887,
            26.9495348
          ],
          [
            50.1760673,
            26.9736723
          ]
        ]
      },
      "id": "way/220138866"
    },
    {
      "type": "Feature",
      "properties": {
        "@id": "way/220138872",
        "seamark:type": "separation_boundary"
      },
      "geometry": {
        "type": "LineString",
        "coordinates": [
          [
            48.7499969,
            29.0082249
          ],
          [
            48.5748015,
            29.0424174
          ],
          [
            48.4631245,
            29.0399252
          ],
          [
            48.4202646,
            29.0880289
          ],
          [
            48.3970573,
            29.1142844
          ],
          [
            48.3699848,
            29.1449342
          ],
          [
            48.3108262,
            29.1674269
          ],
          [
            48.2500662,
            29.1909029
          ]
        ]
      },
      "id": "way/220138872"
    },
    {
      "type": "Feature",
      "properties": {
        "@id": "way/231441962",
        "seamark:type": "separation_boundary"
      },
      "geometry": {
        "type": "LineString",
        "coordinates": [
          [
            -81.3688333,
            -4.595
          ],
          [
            -81.3188333,
            -4.5766667
          ]
        ]
      },
      "id": "way/231441962"
    },
    {
      "type": "Feature",
      "properties": {
        "@id": "way/231441964",
        "seamark:type": "separation_boundary"
      },
      "geometry": {
        "type": "LineString",
        "coordinates": [
          [
            -81.3188333,
            -4.54
          ],
          [
            -81.3688333,
            -4.5183333
          ]
        ]
      },
      "id": "way/231441964"
    },
    {
      "type": "Feature",
      "properties": {
        "@id": "way/231443264",
        "seamark:type": "separation_boundary"
      },
      "geometry": {
        "type": "LineString",
        "coordinates": [
          [
            -79.0371667,
            -8.1993333
          ],
          [
            -79.0771667,
            -8.185
          ]
        ]
      },
      "id": "way/231443264"
    },
    {
      "type": "Feature",
      "properties": {
        "@id": "way/231443266",
        "seamark:type": "separation_boundary"
      },
      "geometry": {
        "type": "LineString",
        "coordinates": [
          [
            -79.0771667,
            -8.2466667
          ],
          [
            -79.0371667,
            -8.2333333
          ]
        ]
      },
      "id": "way/231443266"
    },
    {
      "type": "Feature",
      "properties": {
        "@id": "way/231443674",
        "seamark:type": "separation_boundary"
      },
      "geometry": {
        "type": "LineString",
        "coordinates": [
          [
            -78.6305,
            -9.1116667
          ],
          [
            -78.6721667,
            -9.0966667
          ]
        ]
      },
      "id": "way/231443674"
    },
    {
      "type": "Feature",
      "properties": {
        "@id": "way/231443675",
        "seamark:type": "separation_boundary"
      },
      "geometry": {
        "type": "LineString",
        "coordinates": [
          [
            -78.6721667,
            -9.1566667
          ],
          [
            -78.6305,
            -9.14
          ]
        ]
      },
      "id": "way/231443675"
    },
    {
      "type": "Feature",
      "properties": {
        "@id": "way/231444332",
        "seamark:type": "separation_boundary"
      },
      "geometry": {
        "type": "LineString",
        "coordinates": [
          [
            -75.3128333,
            -15.2566667
          ],
          [
            -75.2688333,
            -15.2408333
          ]
        ]
      },
      "id": "way/231444332"
    },
    {
      "type": "Feature",
      "properties": {
        "@id": "way/231444334",
        "seamark:type": "separation_boundary"
      },
      "geometry": {
        "type": "LineString",
        "coordinates": [
          [
            -75.2688333,
            -15.209
          ],
          [
            -75.3128333,
            -15.195
          ]
        ]
      },
      "id": "way/231444334"
    },
    {
      "type": "Feature",
      "properties": {
        "@id": "way/231450950",
        "note": "precautionary area",
        "seamark:type": "separation_boundary"
      },
      "geometry": {
        "type": "LineString",
        "coordinates": [
          [
            -146.803,
            60.3431667
          ],
          [
            -146.6738333,
            60.2111667
          ],
          [
            -146.4775,
            60.1836667
          ],
          [
            -146.0001667,
            60.0911667
          ],
          [
            -146.0588333,
            60.0135
          ],
          [
            -146.4596667,
            60.0906667
          ],
          [
            -146.6251667,
            59.8633333
          ],
          [
            -146.7806667,
            59.892
          ],
          [
            -146.604,
            60.1293333
          ],
          [
            -146.7773333,
            60.1918333
          ],
          [
            -146.9051667,
            60.3433333
          ]
        ]
      },
      "id": "way/231450950"
    },
    {
      "type": "Feature",
      "properties": {
        "@id": "way/231450955",
        "seamark:type": "separation_boundary"
      },
      "geometry": {
        "type": "LineString",
        "coordinates": [
          [
            -147.0698333,
            60.8183333
          ],
          [
            -146.9051667,
            60.3433333
          ]
        ]
      },
      "id": "way/231450955"
    },
    {
      "type": "Feature",
      "properties": {
        "@id": "way/231450956",
        "note": "precautionary area",
        "seamark:type": "separation_boundary"
      },
      "geometry": {
        "type": "LineString",
        "coordinates": [
          [
            -146.803,
            60.3431667
          ],
          [
            -146.9698333,
            60.8231667
          ]
        ]
      },
      "id": "way/231450956"
    },
    {
      "type": "Feature",
      "properties": {
        "@id": "way/231450967",
        "seamark:type": "separation_boundary"
      },
      "geometry": {
        "type": "LineString",
        "coordinates": [
          [
            -146.8143333,
            60.9821667
          ],
          [
            -147.06,
            60.8435
          ]
        ]
      },
      "id": "way/231450967"
    },
    {
      "type": "Feature",
      "properties": {
        "@id": "way/231450971",
        "seamark:type": "separation_boundary"
      },
      "geometry": {
        "type": "LineString",
        "coordinates": [
          [
            -146.9698333,
            60.8231667
          ],
          [
            -146.7753333,
            60.9668333
          ]
        ]
      },
      "id": "way/231450971"
    },
    {
      "type": "Feature",
      "properties": {
        "@id": "way/231450973",
        "note": "precautionary area",
        "seamark:type": "separation_boundary"
      },
      "geometry": {
        "type": "LineString",
        "coordinates": [
          [
            -146.9727052,
            60.8207234
          ],
          [
            -146.9778233,
            60.8146986
          ],
          [
            -146.985965,
            60.8095241
          ],
          [
            -146.9965755,
            60.8055531
          ],
          [
            -147.0089317,
            60.8030565
          ],
          [
            -147.0221915,
            60.8022049
          ],
          [
            -147.0354513,
            60.8030565
          ],
          [
            -147.0478075,
            60.8055531
          ],
          [
            -147.058418,
            60.8095241
          ],
          [
            -147.0665597,
            60.8146986
          ],
          [
            -147.0716778,
            60.8207234
          ],
          [
            -147.0734235,
            60.8271875
          ],
          [
            -147.0716778,
            60.8336502
          ],
          [
            -147.0665597,
            60.8396714
          ],
          [
            -147.058418,
            60.844841
          ],
          [
            -147.0478075,
            60.8488072
          ],
          [
            -147.0354513,
            60.8513002
          ],
          [
            -147.0221915,
            60.8521505
          ],
          [
            -147.0089317,
            60.8513002
          ],
          [
            -146.9965755,
            60.8488072
          ],
          [
            -146.985965,
            60.844841
          ],
          [
            -146.9778233,
            60.8396714
          ],
          [
            -146.9727052,
            60.8336502
          ],
          [
            -146.9709595,
            60.8271875
          ],
          [
            -146.9727052,
            60.8207234
          ]
        ]
      },
      "id": "way/231450973"
    },
    {
      "type": "Feature",
      "properties": {
        "@id": "way/231463813",
        "note": "precautionary area",
        "seamark:name": "JF",
        "seamark:type": "separation_boundary"
      },
      "geometry": {
        "type": "LineString",
        "coordinates": [
          [
            -125.0778333,
            48.5181667
          ],
          [
            -125.0778333,
            48.5016667
          ],
          [
            -125.0778333,
            48.4851667
          ],
          [
            -125.0778333,
            48.4688333
          ],
          [
            -125.0563333,
            48.4605
          ],
          [
            -125.0346667,
            48.4523333
          ],
          [
            -125.0135,
            48.444
          ],
          [
            -124.965,
            48.4688333
          ],
          [
            -125,
            48.4851667
          ],
          [
            -125,
            48.5016667
          ],
          [
            -125,
            48.5181667
          ],
          [
            -125.0778333,
            48.5181667
          ]
        ]
      },
      "id": "way/231463813"
    },
    {
      "type": "Feature",
      "properties": {
        "@id": "way/231463815",
        "note": "precautionary area",
        "seamark:name": "PA",
        "seamark:type": "separation_boundary"
      },
      "geometry": {
        "type": "LineString",
        "coordinates": [
          [
            -123.5481667,
            48.2156667
          ],
          [
            -123.533,
            48.2315
          ],
          [
            -123.533,
            48.2415
          ],
          [
            -123.507,
            48.2741667
          ],
          [
            -123.475,
            48.2693333
          ],
          [
            -123.453,
            48.2628333
          ],
          [
            -123.427,
            48.2521667
          ],
          [
            -123.433,
            48.2338333
          ],
          [
            -123.431,
            48.2256667
          ],
          [
            -123.4223333,
            48.212
          ],
          [
            -123.4576667,
            48.214
          ],
          [
            -123.478,
            48.215
          ],
          [
            -123.5481667,
            48.2156667
          ]
        ]
      },
      "id": "way/231463815"
    },
    {
      "type": "Feature",
      "properties": {
        "@id": "way/231463816",
        "seamark:type": "separation_boundary"
      },
      "geometry": {
        "type": "LineString",
        "coordinates": [
          [
            -124.965,
            48.4688333
          ],
          [
            -124.84975,
            48.4688333
          ],
          [
            -124.7345,
            48.4688333
          ],
          [
            -124.6182381,
            48.4326488
          ],
          [
            -124.5019762,
            48.3964385
          ],
          [
            -124.3857143,
            48.3602024
          ],
          [
            -124.2694524,
            48.3239405
          ],
          [
            -124.1531905,
            48.2876528
          ],
          [
            -124.0369286,
            48.2513393
          ],
          [
            -123.9206667,
            48.215
          ],
          [
            -123.7965,
            48.2152222
          ],
          [
            -123.6723333,
            48.2154444
          ],
          [
            -123.5481667,
            48.2156667
          ]
        ]
      },
      "id": "way/231463816"
    },
    {
      "type": "Feature",
      "properties": {
        "@id": "way/231463818",
        "seamark:type": "separation_boundary"
      },
      "geometry": {
        "type": "LineString",
        "coordinates": [
          [
            -123.507,
            48.2741667
          ],
          [
            -123.559,
            48.2661667
          ],
          [
            -123.6841667,
            48.2774469
          ],
          [
            -123.8093333,
            48.2887247
          ],
          [
            -123.9345,
            48.3
          ],
          [
            -124.0547381,
            48.3333989
          ],
          [
            -124.1749762,
            48.366776
          ],
          [
            -124.2952143,
            48.4001311
          ],
          [
            -124.4154524,
            48.4334645
          ],
          [
            -124.5356905,
            48.4667759
          ],
          [
            -124.6559286,
            48.5000656
          ],
          [
            -124.7761667,
            48.5333333
          ],
          [
            -124.7855,
            48.5181667
          ],
          [
            -124.89275,
            48.5181667
          ],
          [
            -125,
            48.5181667
          ]
        ]
      },
      "id": "way/231463818"
    },
    {
      "type": "Feature",
      "properties": {
        "@id": "way/231463822",
        "seamark:type": "separation_boundary"
      },
      "geometry": {
        "type": "LineString",
        "coordinates": [
          [
            -125.0778333,
            48.5181667
          ],
          [
            -125.15,
            48.5321667
          ]
        ]
      },
      "id": "way/231463822"
    },
    {
      "type": "Feature",
      "properties": {
        "@id": "way/231463823",
        "seamark:type": "separation_boundary"
      },
      "geometry": {
        "type": "LineString",
        "coordinates": [
          [
            -125.0778333,
            48.4688333
          ],
          [
            -125.15,
            48.4156667
          ]
        ]
      },
      "id": "way/231463823"
    },
    {
      "type": "Feature",
      "properties": {
        "@id": "way/231463825",
        "seamark:type": "separation_boundary"
      },
      "geometry": {
        "type": "LineString",
        "coordinates": [
          [
            -125.0466667,
            48.3758333
          ],
          [
            -125.0135,
            48.444
          ]
        ]
      },
      "id": "way/231463825"
    },
    {
      "type": "Feature",
      "properties": {
        "@id": "way/231463827",
        "seamark:type": "separation_boundary"
      },
      "geometry": {
        "type": "LineString",
        "coordinates": [
          [
            -125.15,
            48.4551667
          ],
          [
            -125.0778333,
            48.4688333
          ]
        ]
      },
      "id": "way/231463827"
    },
    {
      "type": "Feature",
      "properties": {
        "@id": "way/231463832",
        "seamark:type": "separation_boundary"
      },
      "geometry": {
        "type": "LineString",
        "coordinates": [
          [
            -123.427,
            48.2521667
          ],
          [
            -123.407,
            48.3005229
          ],
          [
            -123.3913889,
            48.3382357
          ],
          [
            -123.387,
            48.3488333
          ]
        ]
      },
      "id": "way/231463832"
    },
    {
      "type": "Feature",
      "properties": {
        "@id": "way/231463834",
        "seamark:type": "separation_boundary"
      },
      "geometry": {
        "type": "LineString",
        "coordinates": [
          [
            -123.5481667,
            48.2156667
          ],
          [
            -123.4760833,
            48.1863417
          ],
          [
            -123.404,
            48.157
          ]
        ]
      },
      "id": "way/231463834"
    },
    {
      "type": "Feature",
      "properties": {
        "@id": "way/231463838",
        "seamark:type": "separation_boundary"
      },
      "geometry": {
        "type": "LineString",
        "coordinates": [
          [
            -123.426,
            48.3638333
          ],
          [
            -123.4665,
            48.3190197
          ],
          [
            -123.507,
            48.2741667
          ]
        ]
      },
      "id": "way/231463838"
    },
    {
      "type": "Feature",
      "properties": {
        "@id": "way/231463842",
        "seamark:type": "separation_boundary"
      },
      "geometry": {
        "type": "LineString",
        "coordinates": [
          [
            -123.2235,
            48.2378333
          ],
          [
            -123.268,
            48.2341667
          ],
          [
            -123.3475,
            48.2431675
          ],
          [
            -123.427,
            48.2521667
          ]
        ]
      },
      "id": "way/231463842"
    },
    {
      "type": "Feature",
      "properties": {
        "@id": "way/231467076",
        "seamark:type": "separation_boundary"
      },
      "geometry": {
        "type": "LineString",
        "coordinates": [
          [
            31.7966667,
            31.65
          ],
          [
            31.7066667,
            31.7516667
          ]
        ]
      },
      "id": "way/231467076"
    },
    {
      "type": "Feature",
      "properties": {
        "@id": "way/231475298",
        "note": "precautionary area",
        "seamark:type": "separation_boundary"
      },
      "geometry": {
        "type": "LineString",
        "coordinates": [
          [
            -118.293333,
            33.7050842
          ],
          [
            -118.2933333,
            33.645
          ],
          [
            -118.2933333,
            33.6283333
          ],
          [
            -118.2933333,
            33.6083333
          ],
          [
            -118.2933333,
            33.5916667
          ],
          [
            -118.2333333,
            33.5916667
          ],
          [
            -118.2125,
            33.5916667
          ],
          [
            -118.1716667,
            33.5916667
          ],
          [
            -118.15,
            33.5916667
          ],
          [
            -118.1083333,
            33.6283333
          ],
          [
            -118.18,
            33.7233333
          ]
        ]
      },
      "id": "way/231475298"
    },
    {
      "type": "Feature",
      "properties": {
        "@id": "way/231475299",
        "seamark:type": "separation_boundary"
      },
      "geometry": {
        "type": "LineString",
        "coordinates": [
          [
            -118.15,
            33.5916667
          ],
          [
            -118.0941667,
            33.4625962
          ],
          [
            -118.0383333,
            33.3333333
          ]
        ]
      },
      "id": "way/231475299"
    },
    {
      "type": "Feature",
      "properties": {
        "@id": "way/231475301",
        "seamark:type": "separation_boundary"
      },
      "geometry": {
        "type": "LineString",
        "coordinates": [
          [
            -118.2333333,
            33.5916667
          ],
          [
            -118.1729167,
            33.4517797
          ],
          [
            -118.1125,
            33.3116667
          ]
        ]
      },
      "id": "way/231475301"
    },
    {
      "type": "Feature",
      "properties": {
        "@id": "way/231475303",
        "seamark:type": "separation_boundary"
      },
      "geometry": {
        "type": "LineString",
        "coordinates": [
          [
            -118.2933333,
            33.5916667
          ],
          [
            -118.3468333,
            33.5916667
          ],
          [
            -118.48125,
            33.6556905
          ],
          [
            -118.6156667,
            33.7196667
          ]
        ]
      },
      "id": "way/231475303"
    },
    {
      "type": "Feature",
      "properties": {
        "@id": "way/231475305",
        "seamark:type": "separation_boundary"
      },
      "geometry": {
        "type": "LineString",
        "coordinates": [
          [
            -118.2933333,
            33.645
          ],
          [
            -118.3373333,
            33.645
          ],
          [
            -118.4615833,
            33.704187
          ],
          [
            -118.5858333,
            33.7633333
          ]
        ]
      },
      "id": "way/231475305"
    },
    {
      "type": "Feature",
      "properties": {
        "@id": "way/231509657",
        "note": "precautionary area",
        "seamark:name": "ND",
        "seamark:type": "separation_boundary"
      },
      "geometry": {
        "type": "LineString",
        "coordinates": [
          [
            -123.1096375,
            48.1830344
          ],
          [
            -123.1095,
            48.2858333
          ],
          [
            -123.2235,
            48.2378333
          ],
          [
            -123.2651667,
            48.2203333
          ],
          [
            -123.2781667,
            48.2148333
          ],
          [
            -123.3001667,
            48.2056667
          ],
          [
            -123.36125,
            48.2088334
          ],
          [
            -123.4223333,
            48.212
          ],
          [
            -123.397,
            48.1873333
          ],
          [
            -123.414,
            48.1831667
          ],
          [
            -123.424,
            48.1803333
          ],
          [
            -123.404,
            48.157
          ],
          [
            -123.4040079,
            48.1411664
          ]
        ]
      },
      "id": "way/231509657"
    },
    {
      "type": "Feature",
      "properties": {
        "@id": "way/231509658",
        "seamark:type": "separation_boundary"
      },
      "geometry": {
        "type": "LineString",
        "coordinates": [
          [
            -122.793,
            48.1691667
          ],
          [
            -122.7591667,
            48.1558333
          ],
          [
            -122.6753333,
            48.1075
          ],
          [
            -122.6505,
            48.0275
          ],
          [
            -122.5908333,
            47.9578333
          ],
          [
            -122.5058333,
            47.9178333
          ],
          [
            -122.4794167,
            47.8414729
          ],
          [
            -122.453,
            47.765
          ],
          [
            -122.4796667,
            47.6616667
          ],
          [
            -122.4663333,
            47.5745
          ],
          [
            -122.4425,
            47.5092073
          ],
          [
            -122.4186667,
            47.4438333
          ],
          [
            -122.3736667,
            47.3875
          ],
          [
            -122.465,
            47.3333333
          ]
        ]
      },
      "id": "way/231509658"
    },
    {
      "type": "Feature",
      "properties": {
        "@id": "way/231509659",
        "seamark:type": "separation_boundary"
      },
      "geometry": {
        "type": "LineString",
        "coordinates": [
          [
            -122.4458333,
            47.3178333
          ],
          [
            -122.3421667,
            47.3778333
          ],
          [
            -122.3395,
            47.3888333
          ],
          [
            -122.39,
            47.4521667
          ],
          [
            -122.4131667,
            47.5148708
          ],
          [
            -122.4363333,
            47.5775
          ],
          [
            -122.4491667,
            47.6613333
          ],
          [
            -122.4221667,
            47.7653333
          ],
          [
            -122.4510833,
            47.8479824
          ],
          [
            -122.48,
            47.9305
          ],
          [
            -122.5678333,
            47.9705
          ],
          [
            -122.622,
            48.035
          ],
          [
            -122.6471667,
            48.1188333
          ],
          [
            -122.7138333,
            48.1570976
          ],
          [
            -122.7805,
            48.1953333
          ]
        ]
      },
      "id": "way/231509659"
    },
    {
      "type": "Feature",
      "properties": {
        "@id": "way/231509671",
        "seamark:type": "separation_boundary"
      },
      "geometry": {
        "type": "LineString",
        "coordinates": [
          [
            -122.7116667,
            48.6966667
          ],
          [
            -122.7493333,
            48.7436667
          ]
        ]
      },
      "id": "way/231509671"
    },
    {
      "type": "Feature",
      "properties": {
        "@id": "way/231509672",
        "seamark:type": "separation_boundary"
      },
      "geometry": {
        "type": "LineString",
        "coordinates": [
          [
            -122.9928333,
            48.3111667
          ],
          [
            -123.1096667,
            48.2616667
          ]
        ]
      },
      "id": "way/231509672"
    },
    {
      "type": "Feature",
      "properties": {
        "@id": "way/231509679",
        "seamark:type": "separation_boundary"
      },
      "geometry": {
        "type": "LineString",
        "coordinates": [
          [
            -122.7775,
            48.7346667
          ],
          [
            -122.7395,
            48.6875
          ]
        ]
      },
      "id": "way/231509679"
    },
    {
      "type": "Feature",
      "properties": {
        "@id": "way/231509680",
        "seamark:type": "separation_boundary"
      },
      "geometry": {
        "type": "LineString",
        "coordinates": [
          [
            -123.0088333,
            48.3283333
          ],
          [
            -123.1095,
            48.2858333
          ]
        ]
      },
      "id": "way/231509680"
    },
    {
      "type": "Feature",
      "properties": {
        "@id": "way/231509681",
        "note": "precautionary area",
        "seamark:name": "T",
        "seamark:type": "separation_boundary"
      },
      "geometry": {
        "type": "LineString",
        "coordinates": [
          [
            -122.4369289,
            47.5735441
          ],
          [
            -122.4384335,
            47.5710933
          ],
          [
            -122.4408271,
            47.5689887
          ],
          [
            -122.4439465,
            47.5673737
          ],
          [
            -122.445,
            47.567
          ],
          [
            -122.4475791,
            47.5663585
          ],
          [
            -122.4514774,
            47.5660122
          ],
          [
            -122.4553757,
            47.5663585
          ],
          [
            -122.4590083,
            47.5673737
          ],
          [
            -122.4621277,
            47.5689887
          ],
          [
            -122.4645212,
            47.5710933
          ],
          [
            -122.4660259,
            47.5735441
          ],
          [
            -122.4663333,
            47.5745
          ],
          [
            -122.4665391,
            47.576174
          ],
          [
            -122.4660259,
            47.5788037
          ],
          [
            -122.4645212,
            47.5812541
          ],
          [
            -122.4621277,
            47.5833583
          ],
          [
            -122.4590083,
            47.5849728
          ],
          [
            -122.4553757,
            47.5859876
          ],
          [
            -122.4513333,
            47.5863333
          ],
          [
            -122.4475791,
            47.5859876
          ],
          [
            -122.4439465,
            47.5849728
          ],
          [
            -122.4408271,
            47.5833583
          ],
          [
            -122.4384335,
            47.5812541
          ],
          [
            -122.4369289,
            47.5788037
          ],
          [
            -122.4364157,
            47.576174
          ],
          [
            -122.4369289,
            47.5735441
          ]
        ]
      },
      "id": "way/231509681"
    },
    {
      "type": "Feature",
      "properties": {
        "@id": "way/231509683",
        "note": "precautionary area",
        "seamark:name": "CA",
        "seamark:type": "separation_boundary"
      },
      "geometry": {
        "type": "LineString",
        "coordinates": [
          [
            -122.7449769,
            48.7499208
          ],
          [
            -122.7480806,
            48.7449799
          ],
          [
            -122.7493333,
            48.7436667
          ],
          [
            -122.753769,
            48.7403568
          ],
          [
            -122.7588333,
            48.7378333
          ],
          [
            -122.7645,
            48.7361667
          ],
          [
            -122.7707487,
            48.7351034
          ],
          [
            -122.7775,
            48.7346667
          ],
          [
            -122.7830279,
            48.7354336
          ],
          [
            -122.7905211,
            48.7374806
          ],
          [
            -122.7969556,
            48.7407368
          ],
          [
            -122.801893,
            48.7449799
          ],
          [
            -122.8046667,
            48.7491667
          ],
          [
            -122.8059028,
            48.7544585
          ],
          [
            -122.806,
            48.7593333
          ],
          [
            -122.802,
            48.7661667
          ],
          [
            -122.797236,
            48.769463
          ],
          [
            -122.7916667,
            48.7725
          ],
          [
            -122.7830279,
            48.7750034
          ],
          [
            -122.7749868,
            48.775701
          ],
          [
            -122.7669457,
            48.7750034
          ],
          [
            -122.7594525,
            48.7729579
          ],
          [
            -122.753018,
            48.7697038
          ],
          [
            -122.7480806,
            48.7654627
          ],
          [
            -122.7449769,
            48.7605234
          ],
          [
            -122.7439182,
            48.7552224
          ],
          [
            -122.7449769,
            48.7499208
          ]
        ]
      },
      "id": "way/231509683"
    },
    {
      "type": "Feature",
      "properties": {
        "@id": "way/231509687",
        "note": "precautionary area",
        "seamark:name": "C",
        "seamark:type": "separation_boundary"
      },
      "geometry": {
        "type": "LineString",
        "coordinates": [
          [
            -122.6833518,
            48.6707612
          ],
          [
            -122.68647,
            48.6657896
          ],
          [
            -122.6914304,
            48.6615199
          ],
          [
            -122.6978948,
            48.6582435
          ],
          [
            -122.7054229,
            48.6561837
          ],
          [
            -122.7121667,
            48.6555
          ],
          [
            -122.72158,
            48.6561837
          ],
          [
            -122.7291081,
            48.6582435
          ],
          [
            -122.7338333,
            48.6605
          ],
          [
            -122.7405329,
            48.6657896
          ],
          [
            -122.7436511,
            48.6707612
          ],
          [
            -122.7447147,
            48.6760959
          ],
          [
            -122.7436511,
            48.6814301
          ],
          [
            -122.7395,
            48.6875
          ],
          [
            -122.7355726,
            48.6906677
          ],
          [
            -122.7352491,
            48.6908315
          ],
          [
            -122.7303333,
            48.6933333
          ],
          [
            -122.725,
            48.6953333
          ],
          [
            -122.7185442,
            48.6962641
          ],
          [
            -122.7116667,
            48.6966667
          ],
          [
            -122.7054229,
            48.6960003
          ],
          [
            -122.6978948,
            48.6939421
          ],
          [
            -122.6914304,
            48.6906677
          ],
          [
            -122.68647,
            48.6864002
          ],
          [
            -122.6833518,
            48.6814301
          ],
          [
            -122.6822882,
            48.6760959
          ],
          [
            -122.6833518,
            48.6707612
          ]
        ]
      },
      "id": "way/231509687"
    },
    {
      "type": "Feature",
      "properties": {
        "@id": "way/231509689",
        "note": "precautionary area",
        "seamark:name": "SG",
        "seamark:type": "separation_boundary"
      },
      "geometry": {
        "type": "LineString",
        "coordinates": [
          [
            -122.4500783,
            47.6590949
          ],
          [
            -122.4515819,
            47.65665
          ],
          [
            -122.4539737,
            47.6545503
          ],
          [
            -122.4570908,
            47.6529392
          ],
          [
            -122.4603333,
            47.652
          ],
          [
            -122.4607208,
            47.6519263
          ],
          [
            -122.4646162,
            47.6515808
          ],
          [
            -122.4685116,
            47.6519263
          ],
          [
            -122.4721415,
            47.6529392
          ],
          [
            -122.4752586,
            47.6545503
          ],
          [
            -122.4776505,
            47.65665
          ],
          [
            -122.479154,
            47.6590949
          ],
          [
            -122.4796667,
            47.6616667
          ],
          [
            -122.4796669,
            47.6617186
          ],
          [
            -122.479154,
            47.6643421
          ],
          [
            -122.4776505,
            47.6667867
          ],
          [
            -122.4752586,
            47.6688858
          ],
          [
            -122.4721415,
            47.6704965
          ],
          [
            -122.4685116,
            47.671509
          ],
          [
            -122.4646162,
            47.6718543
          ],
          [
            -122.4607208,
            47.671509
          ],
          [
            -122.4591667,
            47.6711667
          ],
          [
            -122.4570908,
            47.6704965
          ],
          [
            -122.4539737,
            47.6688858
          ],
          [
            -122.4515819,
            47.6667867
          ],
          [
            -122.4500783,
            47.6643421
          ],
          [
            -122.4495655,
            47.6617186
          ],
          [
            -122.4500783,
            47.6590949
          ]
        ]
      },
      "id": "way/231509689"
    },
    {
      "type": "Feature",
      "properties": {
        "@id": "way/231509692",
        "note": "precautionary area",
        "seamark:name": "TC",
        "seamark:type": "separation_boundary"
      },
      "geometry": {
        "type": "LineString",
        "coordinates": [
          [
            -122.4418791,
            47.3224358
          ],
          [
            -122.4433743,
            47.3199889
          ],
          [
            -122.4457528,
            47.3178875
          ],
          [
            -122.4458333,
            47.3178333
          ],
          [
            -122.4488525,
            47.316275
          ],
          [
            -122.4524622,
            47.3152614
          ],
          [
            -122.4563359,
            47.3149156
          ],
          [
            -122.4602096,
            47.3152614
          ],
          [
            -122.4638193,
            47.316275
          ],
          [
            -122.466919,
            47.3178875
          ],
          [
            -122.4692975,
            47.3199889
          ],
          [
            -122.4707927,
            47.3224358
          ],
          [
            -122.4713027,
            47.3250616
          ],
          [
            -122.4707927,
            47.3276873
          ],
          [
            -122.4692975,
            47.3301339
          ],
          [
            -122.466919,
            47.3322348
          ],
          [
            -122.465,
            47.3333333
          ],
          [
            -122.4638193,
            47.3338468
          ],
          [
            -122.4602096,
            47.3348601
          ],
          [
            -122.4563359,
            47.3352057
          ],
          [
            -122.4524622,
            47.3348601
          ],
          [
            -122.4488525,
            47.3338468
          ],
          [
            -122.4457528,
            47.3322348
          ],
          [
            -122.4433743,
            47.3301339
          ],
          [
            -122.443,
            47.3296667
          ],
          [
            -122.4418791,
            47.3276873
          ],
          [
            -122.4413691,
            47.3250616
          ],
          [
            -122.4418791,
            47.3224358
          ]
        ]
      },
      "id": "way/231509692"
    },
    {
      "type": "Feature",
      "properties": {
        "@id": "way/231509697",
        "note": "precautionary area",
        "seamark:name": "SE",
        "seamark:type": "separation_boundary"
      },
      "geometry": {
        "type": "LineString",
        "coordinates": [
          [
            -122.4781279,
            47.9207876
          ],
          [
            -122.4796623,
            47.9183051
          ],
          [
            -122.4821032,
            47.9161732
          ],
          [
            -122.4852842,
            47.9145372
          ],
          [
            -122.4863333,
            47.9141667
          ],
          [
            -122.4889886,
            47.9135088
          ],
          [
            -122.4929638,
            47.913158
          ],
          [
            -122.4969391,
            47.9135088
          ],
          [
            -122.5006435,
            47.9145372
          ],
          [
            -122.5038245,
            47.9161732
          ],
          [
            -122.5058333,
            47.9178333
          ],
          [
            -122.5062654,
            47.9183051
          ],
          [
            -122.5077998,
            47.9207876
          ],
          [
            -122.5083231,
            47.9234516
          ],
          [
            -122.5077998,
            47.9261155
          ],
          [
            -122.5062654,
            47.9285977
          ],
          [
            -122.5038245,
            47.9307291
          ],
          [
            -122.5036667,
            47.9308333
          ],
          [
            -122.5006435,
            47.9323645
          ],
          [
            -122.4969391,
            47.9333926
          ],
          [
            -122.4929638,
            47.9337432
          ],
          [
            -122.4889886,
            47.9333926
          ],
          [
            -122.4852842,
            47.9323645
          ],
          [
            -122.4821032,
            47.9307291
          ],
          [
            -122.4796623,
            47.9285977
          ],
          [
            -122.4781279,
            47.9261155
          ],
          [
            -122.4776046,
            47.9234516
          ],
          [
            -122.4781279,
            47.9207876
          ]
        ]
      },
      "id": "way/231509697"
    },
    {
      "type": "Feature",
      "properties": {
        "@id": "way/231509700",
        "note": "precautionary area",
        "seamark:name": "SC",
        "seamark:type": "separation_boundary"
      },
      "geometry": {
        "type": "LineString",
        "coordinates": [
          [
            -122.621368,
            48.028443
          ],
          [
            -122.6228979,
            48.025973
          ],
          [
            -122.6253315,
            48.0238518
          ],
          [
            -122.6261667,
            48.0233333
          ],
          [
            -122.6285031,
            48.0222241
          ],
          [
            -122.6321965,
            48.0212009
          ],
          [
            -122.63616,
            48.0208519
          ],
          [
            -122.6401235,
            48.0212009
          ],
          [
            -122.6438169,
            48.0222241
          ],
          [
            -122.6469885,
            48.0238518
          ],
          [
            -122.6494221,
            48.025973
          ],
          [
            -122.6505,
            48.0275
          ],
          [
            -122.650952,
            48.028443
          ],
          [
            -122.6514738,
            48.0310936
          ],
          [
            -122.650952,
            48.033744
          ],
          [
            -122.6494221,
            48.0362137
          ],
          [
            -122.6469885,
            48.0383344
          ],
          [
            -122.6438169,
            48.0399616
          ],
          [
            -122.6401235,
            48.0409845
          ],
          [
            -122.6361667,
            48.0413333
          ],
          [
            -122.63616,
            48.0413333
          ],
          [
            -122.6321965,
            48.0409845
          ],
          [
            -122.6285031,
            48.0399616
          ],
          [
            -122.6253315,
            48.0383344
          ],
          [
            -122.6228979,
            48.0362137
          ],
          [
            -122.621368,
            48.033744
          ],
          [
            -122.6208462,
            48.0310936
          ],
          [
            -122.621368,
            48.028443
          ]
        ]
      },
      "id": "way/231509700"
    },
    {
      "type": "Feature",
      "properties": {
        "@id": "way/231509703",
        "note": "precautionary area",
        "seamark:name": "SF",
        "seamark:type": "separation_boundary"
      },
      "geometry": {
        "type": "LineString",
        "coordinates": [
          [
            -122.4226839,
            47.7623777
          ],
          [
            -122.4242174,
            47.7598889
          ],
          [
            -122.4266569,
            47.7577517
          ],
          [
            -122.4298362,
            47.7561116
          ],
          [
            -122.4335385,
            47.7550807
          ],
          [
            -122.4375115,
            47.754729
          ],
          [
            -122.4414846,
            47.7550807
          ],
          [
            -122.4433333,
            47.7555
          ],
          [
            -122.4451869,
            47.7561116
          ],
          [
            -122.4483661,
            47.7577517
          ],
          [
            -122.4508056,
            47.7598889
          ],
          [
            -122.4523391,
            47.7623777
          ],
          [
            -122.4528622,
            47.7650483
          ],
          [
            -122.4523391,
            47.7677188
          ],
          [
            -122.4508056,
            47.7702072
          ],
          [
            -122.4483661,
            47.772344
          ],
          [
            -122.4451869,
            47.7739835
          ],
          [
            -122.4436667,
            47.7745
          ],
          [
            -122.4414846,
            47.7750141
          ],
          [
            -122.4375115,
            47.7753656
          ],
          [
            -122.4335385,
            47.7750141
          ],
          [
            -122.4298362,
            47.7739835
          ],
          [
            -122.4266569,
            47.772344
          ],
          [
            -122.4242174,
            47.7702072
          ],
          [
            -122.4226839,
            47.7677188
          ],
          [
            -122.4221667,
            47.7653333
          ],
          [
            -122.4221608,
            47.7650483
          ],
          [
            -122.4226839,
            47.7623777
          ]
        ]
      },
      "id": "way/231509703"
    },
    {
      "type": "Feature",
      "properties": {
        "@id": "way/231509706",
        "note": "precautionary area",
        "seamark:name": "RA",
        "seamark:type": "separation_boundary"
      },
      "geometry": {
        "type": "LineString",
        "coordinates": [
          [
            -122.9483903,
            48.3240503
          ],
          [
            -122.9505,
            48.32
          ],
          [
            -122.9541219,
            48.3167992
          ],
          [
            -122.958,
            48.3138333
          ],
          [
            -122.9628333,
            48.3116667
          ],
          [
            -122.9686709,
            48.309939
          ],
          [
            -122.975,
            48.3086667
          ],
          [
            -122.9862942,
            48.3094973
          ],
          [
            -122.9928333,
            48.3111667
          ],
          [
            -122.9981362,
            48.3137877
          ],
          [
            -123.0001679,
            48.3148245
          ],
          [
            -123.0028333,
            48.3166667
          ],
          [
            -123.0058333,
            48.32
          ],
          [
            -123.0080664,
            48.3238575
          ],
          [
            -123.0088333,
            48.3283333
          ],
          [
            -123.008178,
            48.3347012
          ],
          [
            -123.0033333,
            48.3411667
          ],
          [
            -122.9988835,
            48.3445784
          ],
          [
            -122.9936667,
            48.347
          ],
          [
            -122.9883333,
            48.3488333
          ],
          [
            -122.9818375,
            48.3496369
          ],
          [
            -122.975,
            48.35
          ],
          [
            -122.9702741,
            48.349247
          ],
          [
            -122.9633333,
            48.3475
          ],
          [
            -122.9583267,
            48.3449058
          ],
          [
            -122.9536667,
            48.3421667
          ],
          [
            -122.9503333,
            48.3386667
          ],
          [
            -122.9483508,
            48.3345019
          ],
          [
            -122.9471667,
            48.33
          ],
          [
            -122.9483903,
            48.3240503
          ]
        ]
      },
      "id": "way/231509706"
    },
    {
      "type": "Feature",
      "properties": {
        "@id": "way/231509709",
        "seamark:type": "separation_boundary"
      },
      "geometry": {
        "type": "LineString",
        "coordinates": [
          [
            -122.7916667,
            48.7725
          ],
          [
            -122.835,
            48.7856667
          ],
          [
            -122.904,
            48.8248333
          ]
        ]
      },
      "id": "way/231509709"
    },
    {
      "type": "Feature",
      "properties": {
        "@id": "way/231509710",
        "seamark:type": "separation_boundary"
      },
      "geometry": {
        "type": "LineString",
        "coordinates": [
          [
            -122.7545,
            48.4025
          ],
          [
            -122.7930833,
            48.3132449
          ],
          [
            -122.8316667,
            48.2238333
          ]
        ]
      },
      "id": "way/231509710"
    },
    {
      "type": "Feature",
      "properties": {
        "@id": "way/231509713",
        "seamark:type": "separation_boundary"
      },
      "geometry": {
        "type": "LineString",
        "coordinates": [
          [
            -122.8438333,
            48.2225
          ],
          [
            -122.8971667,
            48.2712733
          ],
          [
            -122.9505,
            48.32
          ]
        ]
      },
      "id": "way/231509713"
    },
    {
      "type": "Feature",
      "properties": {
        "@id": "way/231509715",
        "seamark:type": "separation_boundary"
      },
      "geometry": {
        "type": "LineString",
        "coordinates": [
          [
            -122.7911667,
            48.3958333
          ],
          [
            -122.8691667,
            48.3629273
          ],
          [
            -122.9471667,
            48.33
          ]
        ]
      },
      "id": "way/231509715"
    },
    {
      "type": "Feature",
      "properties": {
        "@id": "way/231509716",
        "seamark:type": "separation_boundary"
      },
      "geometry": {
        "type": "LineString",
        "coordinates": [
          [
            -123.1096667,
            48.1955
          ],
          [
            -122.9935833,
            48.1892504
          ],
          [
            -122.8775,
            48.183
          ]
        ]
      },
      "id": "way/231509716"
    },
    {
      "type": "Feature",
      "properties": {
        "@id": "way/231509727",
        "seamark:type": "separation_boundary"
      },
      "geometry": {
        "type": "LineString",
        "coordinates": [
          [
            -122.8113333,
            48.4103333
          ],
          [
            -122.8873333,
            48.3789264
          ],
          [
            -122.9633333,
            48.3475
          ]
        ]
      },
      "id": "way/231509727"
    },
    {
      "type": "Feature",
      "properties": {
        "@id": "way/231509733",
        "seamark:type": "separation_boundary"
      },
      "geometry": {
        "type": "LineString",
        "coordinates": [
          [
            -122.723,
            48.4013333
          ],
          [
            -122.7625,
            48.3099154
          ],
          [
            -122.802,
            48.2183333
          ]
        ]
      },
      "id": "way/231509733"
    },
    {
      "type": "Feature",
      "properties": {
        "@id": "way/231509734",
        "seamark:type": "separation_boundary"
      },
      "geometry": {
        "type": "LineString",
        "coordinates": [
          [
            -122.8753333,
            48.2036667
          ],
          [
            -122.9925,
            48.2100004
          ],
          [
            -123.1096667,
            48.2163333
          ]
        ]
      },
      "id": "way/231509734"
    },
    {
      "type": "Feature",
      "properties": {
        "@id": "way/231509738",
        "seamark:type": "separation_boundary"
      },
      "geometry": {
        "type": "LineString",
        "coordinates": [
          [
            -122.952,
            48.7988333
          ],
          [
            -122.885,
            48.7793333
          ],
          [
            -122.8046667,
            48.7491667
          ]
        ]
      },
      "id": "way/231509738"
    },
    {
      "type": "Feature",
      "properties": {
        "@id": "way/231509741",
        "seamark:type": "separation_boundary"
      },
      "geometry": {
        "type": "LineString",
        "coordinates": [
          [
            -122.975,
            48.3086667
          ],
          [
            -122.9220833,
            48.2596069
          ],
          [
            -122.8691667,
            48.2105
          ]
        ]
      },
      "id": "way/231509741"
    },
    {
      "type": "Feature",
      "properties": {
        "@id": "way/231509747",
        "note": "precautionary area",
        "seamark:name": "RB",
        "seamark:type": "separation_boundary"
      },
      "geometry": {
        "type": "LineString",
        "coordinates": [
          [
            -122.7838333,
            48.4328333
          ],
          [
            -122.7847182,
            48.4346744
          ],
          [
            -122.7857765,
            48.4400077
          ],
          [
            -122.7847182,
            48.4453405
          ],
          [
            -122.7816153,
            48.4503093
          ],
          [
            -122.7766793,
            48.4545757
          ],
          [
            -122.7702466,
            48.4578493
          ],
          [
            -122.7627555,
            48.459907
          ],
          [
            -122.7588333,
            48.4603333
          ],
          [
            -122.7547166,
            48.4606088
          ],
          [
            -122.7466777,
            48.459907
          ],
          [
            -122.7391867,
            48.4578493
          ],
          [
            -122.7327539,
            48.4545757
          ],
          [
            -122.7278179,
            48.4503093
          ],
          [
            -122.7255,
            48.447
          ],
          [
            -122.724715,
            48.4453405
          ],
          [
            -122.7236567,
            48.4400077
          ],
          [
            -122.724715,
            48.4346744
          ],
          [
            -122.7278179,
            48.429704
          ],
          [
            -122.7321667,
            48.4258333
          ],
          [
            -122.723,
            48.4013333
          ],
          [
            -122.7346667,
            48.4025
          ],
          [
            -122.7413333,
            48.4028333
          ],
          [
            -122.7545,
            48.4025
          ],
          [
            -122.7603333,
            48.4195
          ],
          [
            -122.7621667,
            48.42
          ],
          [
            -122.7911667,
            48.3958333
          ],
          [
            -122.7995,
            48.4021667
          ],
          [
            -122.8036667,
            48.4053333
          ],
          [
            -122.8113333,
            48.4103333
          ],
          [
            -122.7838333,
            48.4328333
          ]
        ]
      },
      "id": "way/231509747"
    },
    {
      "type": "Feature",
      "properties": {
        "@id": "way/231509749",
        "note": "precautionary area",
        "seamark:name": "SA",
        "seamark:type": "separation_boundary"
      },
      "geometry": {
        "type": "LineString",
        "coordinates": [
          [
            -122.7813333,
            48.1846667
          ],
          [
            -122.783,
            48.1803333
          ],
          [
            -122.7858219,
            48.1765732
          ],
          [
            -122.793,
            48.1691667
          ],
          [
            -122.805045,
            48.1626507
          ],
          [
            -122.8169414,
            48.1593637
          ],
          [
            -122.8297078,
            48.1582426
          ],
          [
            -122.8424742,
            48.1593637
          ],
          [
            -122.8543706,
            48.1626507
          ],
          [
            -122.8645863,
            48.167879
          ],
          [
            -122.872425,
            48.1746919
          ],
          [
            -122.8775,
            48.183
          ],
          [
            -122.8783182,
            48.1873416
          ],
          [
            -122.8788333,
            48.1916667
          ],
          [
            -122.8783333,
            48.1955
          ],
          [
            -122.8773594,
            48.1996119
          ],
          [
            -122.8773527,
            48.1996459
          ],
          [
            -122.8753333,
            48.2036667
          ],
          [
            -122.872425,
            48.2075747
          ],
          [
            -122.8691667,
            48.2105
          ],
          [
            -122.8651156,
            48.2139227
          ],
          [
            -122.8603333,
            48.2166667
          ],
          [
            -122.8555,
            48.2191667
          ],
          [
            -122.8497254,
            48.2208874
          ],
          [
            -122.8438333,
            48.2225
          ],
          [
            -122.8316667,
            48.2238333
          ],
          [
            -122.8253272,
            48.223624
          ],
          [
            -122.8191667,
            48.223
          ],
          [
            -122.813,
            48.2221667
          ],
          [
            -122.8074873,
            48.2202794
          ],
          [
            -122.802,
            48.2183333
          ],
          [
            -122.7948293,
            48.2143823
          ],
          [
            -122.7869905,
            48.2075747
          ],
          [
            -122.7820629,
            48.1996459
          ],
          [
            -122.7805,
            48.1953333
          ],
          [
            -122.780638,
            48.1898404
          ],
          [
            -122.7813333,
            48.1846667
          ]
        ]
      },
      "id": "way/231509749"
    },
    {
      "type": "Feature",
      "properties": {
        "@id": "way/231509757",
        "seamark:type": "separation_boundary"
      },
      "geometry": {
        "type": "LineString",
        "coordinates": [
          [
            -123.149,
            48.4571667
          ],
          [
            -123.083,
            48.4195
          ],
          [
            -123.0288333,
            48.3746667
          ],
          [
            -123.0033333,
            48.3411667
          ]
        ]
      },
      "id": "way/231509757"
    },
    {
      "type": "Feature",
      "properties": {
        "@id": "way/231509760",
        "seamark:type": "separation_boundary"
      },
      "geometry": {
        "type": "LineString",
        "coordinates": [
          [
            -122.975,
            48.35
          ],
          [
            -123.0033333,
            48.3866667
          ],
          [
            -123.0521667,
            48.4266667
          ],
          [
            -123.1218333,
            48.4691667
          ]
        ]
      },
      "id": "way/231509760"
    },
    {
      "type": "Feature",
      "properties": {
        "@id": "way/231509770",
        "seamark:type": "separation_boundary"
      },
      "geometry": {
        "type": "LineString",
        "coordinates": [
          [
            -122.7121667,
            48.6555
          ],
          [
            -122.7255847,
            48.6362959
          ],
          [
            -122.75,
            48.6013333
          ],
          [
            -122.73775,
            48.5242255
          ],
          [
            -122.7255,
            48.447
          ]
        ]
      },
      "id": "way/231509770"
    },
    {
      "type": "Feature",
      "properties": {
        "@id": "way/231509776",
        "seamark:type": "separation_boundary"
      },
      "geometry": {
        "type": "LineString",
        "coordinates": [
          [
            -122.7588333,
            48.4603333
          ],
          [
            -122.7461667,
            48.4913333
          ],
          [
            -122.75475,
            48.5467803
          ],
          [
            -122.7633333,
            48.6021667
          ],
          [
            -122.7366667,
            48.6396667
          ],
          [
            -122.7338333,
            48.6605
          ]
        ]
      },
      "id": "way/231509776"
    },
    {
      "type": "Feature",
      "properties": {
        "@id": "way/231513132",
        "note": "precautionary area",
        "seamark:name": "HS",
        "seamark:type": "separation_boundary"
      },
      "geometry": {
        "type": "LineString",
        "coordinates": [
          [
            -123.2128333,
            48.4798333
          ],
          [
            -123.217,
            48.5288333
          ],
          [
            -123.187,
            48.5171667
          ],
          [
            -123.157,
            48.4908333
          ],
          [
            -123.1218333,
            48.4691667
          ],
          [
            -123.13,
            48.4631667
          ],
          [
            -123.135,
            48.4596667
          ],
          [
            -123.149,
            48.4571667
          ],
          [
            -123.178,
            48.4728333
          ],
          [
            -123.191,
            48.4801667
          ],
          [
            -123.2128333,
            48.4798333
          ]
        ]
      },
      "id": "way/231513132"
    },
    {
      "type": "Feature",
      "properties": {
        "@id": "way/231513133",
        "seamark:type": "separation_boundary"
      },
      "geometry": {
        "type": "LineString",
        "coordinates": [
          [
            -123.168,
            48.3973333
          ],
          [
            -123.149,
            48.4571667
          ]
        ]
      },
      "id": "way/231513133"
    },
    {
      "type": "Feature",
      "properties": {
        "@id": "way/231513136",
        "seamark:type": "separation_boundary"
      },
      "geometry": {
        "type": "LineString",
        "coordinates": [
          [
            -123.222,
            49.0061667
          ],
          [
            -123.334,
            49.0753333
          ]
        ]
      },
      "id": "way/231513136"
    },
    {
      "type": "Feature",
      "properties": {
        "@id": "way/231513138",
        "seamark:type": "separation_boundary"
      },
      "geometry": {
        "type": "LineString",
        "coordinates": [
          [
            -123.061,
            48.9135
          ],
          [
            -123.146,
            48.9613333
          ]
        ]
      },
      "id": "way/231513138"
    },
    {
      "type": "Feature",
      "properties": {
        "@id": "way/231513140",
        "seamark:type": "separation_boundary"
      },
      "geometry": {
        "type": "LineString",
        "coordinates": [
          [
            -123.205,
            48.9223333
          ],
          [
            -123.124,
            48.8716667
          ]
        ]
      },
      "id": "way/231513140"
    },
    {
      "type": "Feature",
      "properties": {
        "@id": "way/231513142",
        "seamark:type": "separation_boundary"
      },
      "geometry": {
        "type": "LineString",
        "coordinates": [
          [
            -123.2128333,
            48.4798333
          ],
          [
            -123.207,
            48.413
          ]
        ]
      },
      "id": "way/231513142"
    },
    {
      "type": "Feature",
      "properties": {
        "@id": "way/231513144",
        "seamark:type": "separation_boundary"
      },
      "geometry": {
        "type": "LineString",
        "coordinates": [
          [
            -123.334,
            49.0753333
          ],
          [
            -123.344,
            49.0693337
          ],
          [
            -123.354,
            49.0633333
          ],
          [
            -123.371,
            49.0523333
          ],
          [
            -123.3835,
            49.0470836
          ],
          [
            -123.396,
            49.0418333
          ],
          [
            -123.279,
            48.9696667
          ]
        ]
      },
      "id": "way/231513144"
    },
    {
      "type": "Feature",
      "properties": {
        "@id": "way/231513145",
        "note": "precautionary area",
        "seamark:name": "TP",
        "seamark:type": "separation_boundary"
      },
      "geometry": {
        "type": "LineString",
        "coordinates": [
          [
            -123.1848464,
            48.6777458
          ],
          [
            -123.1903155,
            48.6690267
          ],
          [
            -123.1973333,
            48.6626667
          ],
          [
            -123.2103541,
            48.6557914
          ],
          [
            -123.2181667,
            48.6533333
          ],
          [
            -123.2235578,
            48.6521784
          ],
          [
            -123.2377272,
            48.650946
          ],
          [
            -123.2518966,
            48.6521784
          ],
          [
            -123.2651003,
            48.6557914
          ],
          [
            -123.2676667,
            48.6568333
          ],
          [
            -123.2676667,
            48.7173333
          ],
          [
            -123.2518966,
            48.7219991
          ],
          [
            -123.2377272,
            48.7232298
          ],
          [
            -123.2235578,
            48.7219991
          ],
          [
            -123.2125,
            48.7191667
          ],
          [
            -123.2103541,
            48.7183909
          ],
          [
            -123.1990157,
            48.7126505
          ],
          [
            -123.1891667,
            48.7038333
          ],
          [
            -123.1848464,
            48.6964542
          ],
          [
            -123.1829809,
            48.6871009
          ],
          [
            -123.1835,
            48.6821667
          ],
          [
            -123.1848464,
            48.6777458
          ]
        ]
      },
      "id": "way/231513145"
    },
    {
      "type": "Feature",
      "properties": {
        "@id": "way/231513146",
        "note": "two-way route",
        "seamark:type": "separation_boundary"
      },
      "geometry": {
        "type": "LineString",
        "coordinates": [
          [
            -123.2676667,
            48.6568333
          ],
          [
            -123.2389704,
            48.5843774
          ],
          [
            -123.217,
            48.5288333
          ]
        ]
      },
      "id": "way/231513146"
    },
    {
      "type": "Feature",
      "properties": {
        "@id": "way/231513151",
        "seamark:type": "separation_boundary"
      },
      "geometry": {
        "type": "LineString",
        "coordinates": [
          [
            -123.352,
            48.3611667
          ],
          [
            -123.306,
            48.3621667
          ],
          [
            -123.168,
            48.3973333
          ]
        ]
      },
      "id": "way/231513151"
    },
    {
      "type": "Feature",
      "properties": {
        "@id": "way/231513152",
        "note": "two-way route",
        "seamark:type": "separation_boundary"
      },
      "geometry": {
        "type": "LineString",
        "coordinates": [
          [
            -123.2125,
            48.7191667
          ],
          [
            -123.052,
            48.7738333
          ],
          [
            -123.014,
            48.8031667
          ]
        ]
      },
      "id": "way/231513152"
    },
    {
      "type": "Feature",
      "properties": {
        "@id": "way/231513154",
        "note": "two-way route",
        "seamark:type": "separation_boundary"
      },
      "geometry": {
        "type": "LineString",
        "coordinates": [
          [
            -122.9853333,
            48.7963333
          ],
          [
            -123.0303333,
            48.7585
          ],
          [
            -123.1891667,
            48.7038333
          ]
        ]
      },
      "id": "way/231513154"
    },
    {
      "type": "Feature",
      "properties": {
        "@id": "way/231513157",
        "seamark:type": "separation_boundary"
      },
      "geometry": {
        "type": "LineString",
        "coordinates": [
          [
            -123.354,
            48.3808333
          ],
          [
            -123.307,
            48.3811667
          ],
          [
            -123.217,
            48.4046667
          ],
          [
            -123.207,
            48.413
          ]
        ]
      },
      "id": "way/231513157"
    },
    {
      "type": "Feature",
      "properties": {
        "@id": "way/231513158",
        "note": "precautionary area",
        "seamark:name": "PR",
        "seamark:type": "separation_boundary"
      },
      "geometry": {
        "type": "LineString",
        "coordinates": [
          [
            -123.205,
            48.9223333
          ],
          [
            -123.146,
            48.9613333
          ],
          [
            -123.222,
            49.0061667
          ],
          [
            -123.279,
            48.9696667
          ],
          [
            -123.205,
            48.9223333
          ]
        ]
      },
      "id": "way/231513158"
    },
    {
      "type": "Feature",
      "properties": {
        "@id": "way/231513160",
        "note": "two-way route",
        "seamark:type": "separation_boundary"
      },
      "geometry": {
        "type": "LineString",
        "coordinates": [
          [
            -123.187,
            48.5171667
          ],
          [
            -123.213,
            48.5863333
          ],
          [
            -123.206,
            48.6395
          ],
          [
            -123.2181667,
            48.6533333
          ]
        ]
      },
      "id": "way/231513160"
    },
    {
      "type": "Feature",
      "properties": {
        "@id": "way/231513163",
        "note": "precautionary area",
        "seamark:name": "GS",
        "seamark:type": "separation_boundary"
      },
      "geometry": {
        "type": "LineString",
        "coordinates": [
          [
            -123.124,
            48.8716667
          ],
          [
            -123.061,
            48.9135
          ],
          [
            -122.904,
            48.8248333
          ],
          [
            -122.952,
            48.7988333
          ],
          [
            -122.9853333,
            48.7963333
          ],
          [
            -123.014,
            48.8031667
          ],
          [
            -123.124,
            48.8716667
          ]
        ]
      },
      "id": "way/231513163"
    },
    {
      "type": "Feature",
      "properties": {
        "@id": "way/231513164",
        "note": "precautionary area",
        "seamark:name": "V",
        "seamark:type": "separation_boundary"
      },
      "geometry": {
        "type": "LineString",
        "coordinates": [
          [
            -123.426,
            48.3638333
          ],
          [
            -123.414,
            48.3521667
          ],
          [
            -123.404,
            48.3491667
          ],
          [
            -123.3913889,
            48.3489194
          ],
          [
            -123.387,
            48.3488333
          ],
          [
            -123.352,
            48.3611667
          ],
          [
            -123.352,
            48.3686667
          ],
          [
            -123.352,
            48.3728333
          ],
          [
            -123.354,
            48.3808333
          ],
          [
            -123.3913889,
            48.3930133
          ],
          [
            -123.398,
            48.3951667
          ],
          [
            -123.426,
            48.3638333
          ]
        ]
      },
      "id": "way/231513164"
    },
    {
      "type": "Feature",
      "properties": {
        "@id": "way/231531005",
        "seamark:type": "separation_boundary"
      },
      "geometry": {
        "type": "LineString",
        "coordinates": [
          [
            0.1132866,
            53.5523019
          ],
          [
            0.0949675,
            53.558968
          ],
          [
            0.1059334,
            53.5698216
          ],
          [
            0.1236508,
            53.5651946
          ]
        ]
      },
      "id": "way/231531005"
    },
    {
      "type": "Feature",
      "properties": {
        "@id": "way/231938046",
        "note": "precautionary area",
        "seamark:name": "IJmuiden Crossing",
        "seamark:type": "separation_boundary",
        "source": "IMO SN.1 Circ.317"
      },
      "geometry": {
        "type": "LineString",
        "coordinates": [
          [
            3.9396667,
            52.525
          ],
          [
            3.9363333,
            52.5151667
          ],
          [
            3.9329289,
            52.5045237
          ],
          [
            3.9311667,
            52.4991667
          ],
          [
            3.9183333,
            52.46
          ],
          [
            3.9071667,
            52.4255
          ],
          [
            3.8088333,
            52.4193333
          ],
          [
            3.8177919,
            52.4471694
          ],
          [
            3.824422,
            52.467839
          ],
          [
            3.8428333,
            52.525
          ],
          [
            3.9151667,
            52.525
          ],
          [
            3.9396667,
            52.525
          ]
        ]
      },
      "id": "way/231938046"
    },
    {
      "type": "Feature",
      "properties": {
        "@id": "way/231938047",
        "ref:imo": "(c)",
        "seamark:type": "separation_boundary"
      },
      "geometry": {
        "type": "LineString",
        "coordinates": [
          [
            4.1116667,
            52.525
          ],
          [
            3.9396667,
            52.525
          ]
        ]
      },
      "id": "way/231938047"
    },
    {
      "type": "Feature",
      "properties": {
        "@id": "way/231938048",
        "ref:imo": "(c)",
        "seamark:type": "separation_boundary"
      },
      "geometry": {
        "type": "LineString",
        "coordinates": [
          [
            4.0658333,
            52.59
          ],
          [
            4.065833,
            52.59
          ],
          [
            4.1116667,
            52.525
          ]
        ]
      },
      "id": "way/231938048"
    },
    {
      "type": "Feature",
      "properties": {
        "@id": "way/231938050",
        "ref:imo": "(c)",
        "seamark:type": "separation_boundary"
      },
      "geometry": {
        "type": "LineString",
        "coordinates": [
          [
            4.3391667,
            52.5086667
          ],
          [
            4.2208333,
            52.5225
          ]
        ]
      },
      "id": "way/231938050"
    },
    {
      "type": "Feature",
      "properties": {
        "@id": "way/231938051",
        "ref:imo": "(e)",
        "seamark:type": "separation_boundary"
      },
      "geometry": {
        "type": "LineString",
        "coordinates": [
          [
            4.3246667,
            52.4603333
          ],
          [
            4.1808333,
            52.4763333
          ]
        ]
      },
      "id": "way/231938051"
    },
    {
      "type": "Feature",
      "properties": {
        "@id": "way/231938052",
        "note": "deep water route",
        "ref:imo": "(a)",
        "seamark:name": "IJ Geul Deep Water Route",
        "seamark:type": "separation_boundary",
        "source": "IMO SN.1 Circ.317"
      },
      "geometry": {
        "type": "LineString",
        "coordinates": [
          [
            4.5336667,
            52.4683333
          ],
          [
            4.4026667,
            52.4833333
          ],
          [
            4.4037849,
            52.4848247
          ],
          [
            4.4043632,
            52.4870482
          ],
          [
            4.4037849,
            52.4892716
          ],
          [
            4.4021065,
            52.4912772
          ],
          [
            4.3994925,
            52.4928688
          ],
          [
            4.3961986,
            52.4938907
          ],
          [
            4.3925473,
            52.4942428
          ],
          [
            4.3908333,
            52.4941667
          ],
          [
            4.3455,
            52.4898333
          ],
          [
            4.3338333,
            52.4911667
          ],
          [
            4.1973333,
            52.5063333
          ],
          [
            4.1488333,
            52.506
          ],
          [
            4.1251667,
            52.506
          ],
          [
            3.9329289,
            52.5045237
          ],
          [
            3.9151667,
            52.5043333
          ],
          [
            3.9151667,
            52.5016852
          ],
          [
            3.9151667,
            52.499
          ],
          [
            3.9311667,
            52.4991667
          ],
          [
            4.129,
            52.5005
          ],
          [
            4.1526667,
            52.5006667
          ],
          [
            4.2083333,
            52.501
          ],
          [
            4.3326667,
            52.4871667
          ],
          [
            4.3616667,
            52.4838333
          ],
          [
            4.3901667,
            52.48
          ],
          [
            4.3925473,
            52.4798524
          ],
          [
            4.3953333,
            52.48
          ],
          [
            4.5325,
            52.4635
          ],
          [
            4.5336667,
            52.4683333
          ]
        ]
      },
      "id": "way/231938052"
    },
    {
      "type": "Feature",
      "properties": {
        "@id": "way/231938053",
        "ref:imo": "(b)",
        "seamark:type": "separation_boundary"
      },
      "geometry": {
        "type": "LineString",
        "coordinates": [
          [
            4.2208333,
            52.5225
          ],
          [
            4.1383333,
            52.5546667
          ],
          [
            4.106,
            52.6006667
          ],
          [
            4.0867967,
            52.627964
          ]
        ]
      },
      "id": "way/231938053"
    },
    {
      "type": "Feature",
      "properties": {
        "@id": "way/231938054",
        "ref:imo": "(d)",
        "seamark:type": "separation_boundary"
      },
      "geometry": {
        "type": "LineString",
        "coordinates": [
          [
            4.1495,
            52.4715
          ],
          [
            3.9583333,
            52.4425
          ],
          [
            3.9071667,
            52.4255
          ]
        ]
      },
      "id": "way/231938054"
    },
    {
      "type": "Feature",
      "properties": {
        "@id": "way/231938059",
        "note": "precautionary area",
        "ref:imo": "(a)",
        "seamark:name": "IJmuiden Junction",
        "seamark:type": "separation_boundary",
        "source": "IMO SN.1 Circ.317"
      },
      "geometry": {
        "type": "LineString",
        "coordinates": [
          [
            4.1808333,
            52.4763333
          ],
          [
            4.1495,
            52.4715
          ],
          [
            4.1116667,
            52.525
          ],
          [
            4.1355,
            52.525
          ],
          [
            4.1546667,
            52.4978333
          ],
          [
            4.1808333,
            52.4763333
          ]
        ]
      },
      "id": "way/231938059"
    },
    {
      "type": "Feature",
      "properties": {
        "@id": "way/231938062",
        "seamark:name": "Deep Water Approach Area",
        "seamark:type": "separation_boundary",
        "source": "IMO SN.1 Circ.317"
      },
      "geometry": {
        "type": "LineString",
        "coordinates": [
          [
            3.9151667,
            52.5043333
          ],
          [
            3.9151667,
            52.525
          ],
          [
            3.8428333,
            52.525
          ],
          [
            3.7861747,
            52.5248692
          ],
          [
            3.6751667,
            52.4551667
          ],
          [
            3.824422,
            52.467839
          ],
          [
            3.9151667,
            52.4756667
          ],
          [
            3.9151667,
            52.499
          ],
          [
            3.9151667,
            52.5016852
          ],
          [
            3.9151667,
            52.5043333
          ]
        ]
      },
      "id": "way/231938062"
    },
    {
      "type": "Feature",
      "properties": {
        "@id": "way/231941071",
        "ref:imo": "(g)",
        "seamark:type": "separation_boundary"
      },
      "geometry": {
        "type": "LineString",
        "coordinates": [
          [
            3.8971667,
            52.8718333
          ],
          [
            3.517,
            52.6006667
          ],
          [
            3.4977797,
            52.5293007
          ]
        ]
      },
      "id": "way/231941071"
    },
    {
      "type": "Feature",
      "properties": {
        "@id": "way/231991414",
        "note": "precautionary area",
        "seamark:name": "Rijnveld Precautionary Area",
        "seamark:type": "separation_boundary",
        "source": "IMO SN.1 Circ.317"
      },
      "geometry": {
        "type": "LineString",
        "coordinates": [
          [
            3.4523548,
            52.3590786
          ],
          [
            3.4592065,
            52.33733
          ],
          [
            3.4896667,
            52.2411667
          ],
          [
            3.493,
            52.1691667
          ],
          [
            3.4466667,
            52.1301667
          ],
          [
            3.3488184,
            52.1645613
          ],
          [
            3.2637383,
            52.194295
          ],
          [
            3.2349976,
            52.2043621
          ],
          [
            3.207,
            52.2141667
          ],
          [
            3.415,
            52.337
          ],
          [
            3.4523548,
            52.3590786
          ]
        ]
      },
      "id": "way/231991414"
    },
    {
      "type": "Feature",
      "properties": {
        "@id": "way/232441562",
        "seamark:type": "separation_boundary"
      },
      "geometry": {
        "type": "LineString",
        "coordinates": [
          [
            -120.5151667,
            34.3153333
          ],
          [
            -120.8736667,
            34.3966667
          ]
        ]
      },
      "id": "way/232441562"
    },
    {
      "type": "Feature",
      "properties": {
        "@id": "way/232441563",
        "seamark:type": "separation_boundary"
      },
      "geometry": {
        "type": "LineString",
        "coordinates": [
          [
            -120.4993333,
            34.3633333
          ],
          [
            -120.8576667,
            34.4446667
          ]
        ]
      },
      "id": "way/232441563"
    },
    {
      "type": "Feature",
      "properties": {
        "@id": "way/232441566",
        "seamark:type": "separation_boundary"
      },
      "geometry": {
        "type": "LineString",
        "coordinates": [
          [
            -120.4993333,
            34.3633333
          ],
          [
            -120.3435,
            34.3279688
          ],
          [
            -120.1876667,
            34.2925893
          ],
          [
            -120.0318333,
            34.257195
          ],
          [
            -119.876,
            34.2217858
          ],
          [
            -119.7201667,
            34.1863616
          ],
          [
            -119.5643334,
            34.1509226
          ],
          [
            -119.4085,
            34.1154688
          ],
          [
            -119.2526667,
            34.08
          ],
          [
            -119.1193,
            34.0167609
          ],
          [
            -118.9859333,
            33.9534746
          ],
          [
            -118.8525667,
            33.8901412
          ],
          [
            -118.7192,
            33.8267608
          ],
          [
            -118.5858333,
            33.7633333
          ]
        ]
      },
      "id": "way/232441566"
    },
    {
      "type": "Feature",
      "properties": {
        "@id": "way/232441569",
        "seamark:type": "separation_boundary"
      },
      "geometry": {
        "type": "LineString",
        "coordinates": [
          [
            -118.6156667,
            33.7196667
          ],
          [
            -118.7477334,
            33.7825256
          ],
          [
            -118.8798,
            33.8453385
          ],
          [
            -119.0118667,
            33.9081052
          ],
          [
            -119.1439333,
            33.9708257
          ],
          [
            -119.276,
            34.0335
          ],
          [
            -119.4308958,
            34.0687806
          ],
          [
            -119.5857917,
            34.1040465
          ],
          [
            -119.7406875,
            34.1392978
          ],
          [
            -119.8955833,
            34.1745343
          ],
          [
            -120.0504792,
            34.2097561
          ],
          [
            -120.205375,
            34.2449632
          ],
          [
            -120.3602709,
            34.2801556
          ],
          [
            -120.5151667,
            34.3153333
          ]
        ]
      },
      "id": "way/232441569"
    },
    {
      "type": "Feature",
      "properties": {
        "@id": "way/232505226",
        "seamark:type": "separation_boundary"
      },
      "geometry": {
        "type": "LineString",
        "coordinates": [
          [
            -122.8091667,
            37.7135
          ],
          [
            -123.0748333,
            37.5728333
          ]
        ]
      },
      "id": "way/232505226"
    },
    {
      "type": "Feature",
      "properties": {
        "@id": "way/232505230",
        "seamark:type": "separation_boundary"
      },
      "geometry": {
        "type": "LineString",
        "coordinates": [
          [
            -122.7376667,
            37.3148333
          ],
          [
            -122.7376667,
            37.486029
          ],
          [
            -122.7376667,
            37.6568333
          ]
        ]
      },
      "id": "way/232505230"
    },
    {
      "type": "Feature",
      "properties": {
        "@id": "way/232505232",
        "seamark:type": "separation_boundary"
      },
      "geometry": {
        "type": "LineString",
        "coordinates": [
          [
            -123.04,
            37.5311667
          ],
          [
            -122.7721667,
            37.673
          ]
        ]
      },
      "id": "way/232505232"
    },
    {
      "type": "Feature",
      "properties": {
        "@id": "way/232505236",
        "seamark:type": "separation_boundary"
      },
      "geometry": {
        "type": "LineString",
        "coordinates": [
          [
            -122.6523333,
            37.655
          ],
          [
            -122.6523333,
            37.4807038
          ],
          [
            -122.6523333,
            37.306
          ]
        ]
      },
      "id": "way/232505236"
    },
    {
      "type": "Feature",
      "properties": {
        "@id": "way/232505238",
        "seamark:type": "separation_boundary"
      },
      "geometry": {
        "type": "LineString",
        "coordinates": [
          [
            -122.6283333,
            37.7633333
          ],
          [
            -122.5133333,
            37.7966667
          ]
        ]
      },
      "id": "way/232505238"
    },
    {
      "type": "Feature",
      "properties": {
        "@id": "way/232505242",
        "seamark:type": "separation_boundary"
      },
      "geometry": {
        "type": "LineString",
        "coordinates": [
          [
            -122.6333333,
            37.765
          ],
          [
            -122.5766667,
            37.7116667
          ],
          [
            -122.5824307,
            37.6999632
          ],
          [
            -122.6024951,
            37.6792711
          ],
          [
            -122.6286434,
            37.6633896
          ],
          [
            -122.6523333,
            37.655
          ],
          [
            -122.6733333,
            37.6511667
          ],
          [
            -122.7166667,
            37.652
          ],
          [
            -122.7376667,
            37.6568333
          ],
          [
            -122.7548987,
            37.6633896
          ],
          [
            -122.7721667,
            37.673
          ],
          [
            -122.7875,
            37.6848333
          ],
          [
            -122.7998333,
            37.6983333
          ],
          [
            -122.8091667,
            37.7135
          ],
          [
            -122.8137243,
            37.7240523
          ],
          [
            -122.8180264,
            37.7498944
          ],
          [
            -122.8126667,
            37.7786667
          ],
          [
            -122.8048333,
            37.7943333
          ],
          [
            -122.7938333,
            37.8086667
          ],
          [
            -122.7798333,
            37.8215
          ],
          [
            -122.7548987,
            37.8362983
          ],
          [
            -122.7244483,
            37.8462589
          ],
          [
            -122.691771,
            37.849656
          ],
          [
            -122.6590938,
            37.8462589
          ],
          [
            -122.6333333,
            37.8383333
          ],
          [
            -122.6333333,
            37.765
          ]
        ]
      },
      "id": "way/232505242"
    },
    {
      "type": "Feature",
      "properties": {
        "@id": "way/232505244",
        "seamark:type": "separation_boundary"
      },
      "geometry": {
        "type": "LineString",
        "coordinates": [
          [
            -123.3636667,
            38.1153333
          ],
          [
            -123.1856667,
            37.9481667
          ]
        ]
      },
      "id": "way/232505244"
    },
    {
      "type": "Feature",
      "properties": {
        "@id": "way/232505246",
        "seamark:type": "separation_boundary"
      },
      "geometry": {
        "type": "LineString",
        "coordinates": [
          [
            -122.7798333,
            37.8215
          ],
          [
            -122.9620833,
            37.9042965
          ],
          [
            -123.1443333,
            37.987
          ]
        ]
      },
      "id": "way/232505246"
    },
    {
      "type": "Feature",
      "properties": {
        "@id": "way/232505249",
        "seamark:type": "separation_boundary"
      },
      "geometry": {
        "type": "LineString",
        "coordinates": [
          [
            -122.6316667,
            37.77
          ],
          [
            -122.5883333,
            37.7816667
          ],
          [
            -122.5216667,
            37.8083333
          ]
        ]
      },
      "id": "way/232505249"
    },
    {
      "type": "Feature",
      "properties": {
        "@id": "way/232518927",
        "seamark:type": "separation_boundary",
        "source": "IMO SN.1 Circ.317"
      },
      "geometry": {
        "type": "LineString",
        "coordinates": [
          [
            3.4977797,
            52.5293007
          ],
          [
            3.4798592,
            52.4622549
          ],
          [
            3.4783817,
            52.4566872
          ],
          [
            3.4767011,
            52.450353
          ],
          [
            3.4523548,
            52.3590786
          ]
        ]
      },
      "id": "way/232518927"
    },
    {
      "type": "Feature",
      "properties": {
        "@id": "way/232518928",
        "seamark:type": "separation_boundary",
        "source": "IMO SN.1 Circ.317"
      },
      "geometry": {
        "type": "LineString",
        "coordinates": [
          [
            3.415,
            52.337
          ],
          [
            3.4424331,
            52.4406662
          ],
          [
            3.4440178,
            52.4466472
          ],
          [
            3.445587,
            52.4525687
          ],
          [
            3.4668762,
            52.532379
          ]
        ]
      },
      "id": "way/232518928"
    },
    {
      "type": "Feature",
      "properties": {
        "@id": "way/232522207",
        "seamark:type": "separation_boundary"
      },
      "geometry": {
        "type": "LineString",
        "coordinates": [
          [
            26.72957,
            59.9810578
          ],
          [
            26.9475421,
            59.962674
          ]
        ]
      },
      "id": "way/232522207"
    },
    {
      "type": "Feature",
      "properties": {
        "@id": "way/232522208",
        "seamark:type": "separation_boundary"
      },
      "geometry": {
        "type": "LineString",
        "coordinates": [
          [
            26.961355,
            60.0036996
          ],
          [
            26.742249,
            60.0222882
          ]
        ]
      },
      "id": "way/232522208"
    },
    {
      "type": "Feature",
      "properties": {
        "@id": "way/282453839",
        "seamark:type": "separation_boundary"
      },
      "geometry": {
        "type": "LineString",
        "coordinates": [
          [
            139.7863756,
            35.2117644
          ],
          [
            139.7862806,
            35.2557822
          ],
          [
            139.7346722,
            35.3160157
          ],
          [
            139.7229483,
            35.3296927
          ]
        ]
      },
      "id": "way/282453839"
    },
    {
      "type": "Feature",
      "properties": {
        "@id": "way/282453840",
        "seamark:type": "separation_boundary"
      },
      "geometry": {
        "type": "LineString",
        "coordinates": [
          [
            139.7041741,
            35.329278
          ],
          [
            139.7338992,
            35.294585
          ],
          [
            139.7659962,
            35.2553766
          ],
          [
            139.76609,
            35.2119531
          ]
        ]
      },
      "id": "way/282453840"
    },
    {
      "type": "Feature",
      "properties": {
        "@id": "way/282461283",
        "seamark:type": "separation_boundary"
      },
      "geometry": {
        "type": "LineString",
        "coordinates": [
          [
            139.7769578,
            35.406184
          ],
          [
            139.7675698,
            35.3860575
          ],
          [
            139.7346722,
            35.3160157
          ]
        ]
      },
      "id": "way/282461283"
    },
    {
      "type": "Feature",
      "properties": {
        "@id": "way/282461284",
        "seamark:type": "separation_boundary"
      },
      "geometry": {
        "type": "LineString",
        "coordinates": [
          [
            139.7695447,
            35.4085721
          ],
          [
            139.760276,
            35.388378
          ],
          [
            139.741368,
            35.3480038
          ],
          [
            139.7135144,
            35.3294334
          ]
        ]
      },
      "id": "way/282461284"
    },
    {
      "type": "Feature",
      "properties": {
        "@id": "way/306409322",
        "seamark:type": "separation_boundary"
      },
      "geometry": {
        "type": "LineString",
        "coordinates": [
          [
            -78.6363359,
            26.6119659
          ],
          [
            -78.631478,
            26.6104404
          ],
          [
            -78.6315691,
            26.610958
          ]
        ]
      },
      "id": "way/306409322"
    },
    {
      "type": "Feature",
      "properties": {
        "@id": "way/306409323",
        "seamark:type": "separation_boundary"
      },
      "geometry": {
        "type": "LineString",
        "coordinates": [
          [
            -78.6364932,
            26.6118367
          ],
          [
            -78.6314253,
            26.6101692
          ],
          [
            -78.6310465,
            26.608043
          ]
        ]
      },
      "id": "way/306409323"
    },
    {
      "type": "Feature",
      "properties": {
        "@id": "way/308165477",
        "seamark:type": "separation_boundary"
      },
      "geometry": {
        "type": "LineString",
        "coordinates": [
          [
            12.3996604,
            44.5056575
          ],
          [
            12.3466828,
            44.5056554
          ],
          [
            12.3143867,
            44.4998938
          ]
        ]
      },
      "id": "way/308165477"
    },
    {
      "type": "Feature",
      "properties": {
        "@id": "way/308166721",
        "seamark:type": "separation_boundary"
      },
      "geometry": {
        "type": "LineString",
        "coordinates": [
          [
            12.3144499,
            44.4928717
          ],
          [
            12.3460607,
            44.4961598
          ],
          [
            12.3995175,
            44.496266
          ]
        ]
      },
      "id": "way/308166721"
    },
    {
      "type": "Feature",
      "properties": {
        "@id": "way/308205727",
        "seamark:type": "separation_boundary"
      },
      "geometry": {
        "type": "LineString",
        "coordinates": [
          [
            13.6349441,
            43.7316792
          ],
          [
            13.4977636,
            43.6541218
          ]
        ]
      },
      "id": "way/308205727"
    },
    {
      "type": "Feature",
      "properties": {
        "@id": "way/308205728",
        "seamark:type": "separation_boundary"
      },
      "geometry": {
        "type": "LineString",
        "coordinates": [
          [
            13.5024836,
            43.6318616
          ],
          [
            13.6671409,
            43.6691653
          ]
        ]
      },
      "id": "way/308205728"
    },
    {
      "type": "Feature",
      "properties": {
        "@id": "way/308282107",
        "seamark:type": "separation_boundary"
      },
      "geometry": {
        "type": "LineString",
        "coordinates": [
          [
            12.4441426,
            45.2141858
          ],
          [
            12.4804384,
            45.2416627
          ]
        ]
      },
      "id": "way/308282107"
    },
    {
      "type": "Feature",
      "properties": {
        "@id": "way/308282108",
        "seamark:type": "separation_boundary"
      },
      "geometry": {
        "type": "LineString",
        "coordinates": [
          [
            12.5317071,
            45.2973375
          ],
          [
            12.5313992,
            45.3615201
          ]
        ]
      },
      "id": "way/308282108"
    },
    {
      "type": "Feature",
      "properties": {
        "@id": "way/308282114",
        "seamark:type": "separation_boundary"
      },
      "geometry": {
        "type": "LineString",
        "coordinates": [
          [
            12.3882477,
            45.2339428
          ],
          [
            12.3981848,
            45.2936272
          ]
        ]
      },
      "id": "way/308282114"
    },
    {
      "type": "Feature",
      "properties": {
        "@id": "way/308282115",
        "seamark:type": "separation_boundary"
      },
      "geometry": {
        "type": "LineString",
        "coordinates": [
          [
            12.4880901,
            45.2982401
          ],
          [
            12.4421768,
            45.3155711
          ]
        ]
      },
      "id": "way/308282115"
    },
    {
      "type": "Feature",
      "properties": {
        "@id": "way/308282117",
        "seamark:type": "separation_boundary"
      },
      "geometry": {
        "type": "LineString",
        "coordinates": [
          [
            12.4496989,
            45.2525241
          ],
          [
            12.4166019,
            45.2328466
          ]
        ]
      },
      "id": "way/308282117"
    },
    {
      "type": "Feature",
      "properties": {
        "@id": "way/308282120",
        "seamark:type": "separation_boundary"
      },
      "geometry": {
        "type": "LineString",
        "coordinates": [
          [
            12.5005837,
            45.371729
          ],
          [
            12.4947383,
            45.2979155
          ]
        ]
      },
      "id": "way/308282120"
    },
    {
      "type": "Feature",
      "properties": {
        "@id": "way/308282124",
        "seamark:type": "separation_boundary"
      },
      "geometry": {
        "type": "LineString",
        "coordinates": [
          [
            12.3482827,
            45.2195982
          ],
          [
            12.3924075,
            45.2178264
          ]
        ]
      },
      "id": "way/308282124"
    },
    {
      "type": "Feature",
      "properties": {
        "@id": "way/308282126",
        "seamark:type": "separation_boundary"
      },
      "geometry": {
        "type": "LineString",
        "coordinates": [
          [
            12.3940584,
            45.233516
          ],
          [
            12.3882477,
            45.2339428
          ],
          [
            12.3503323,
            45.2363226
          ]
        ]
      },
      "id": "way/308282126"
    },
    {
      "type": "Feature",
      "properties": {
        "@id": "way/308282127",
        "seamark:type": "separation_boundary"
      },
      "geometry": {
        "type": "LineString",
        "coordinates": [
          [
            12.3981848,
            45.2936272
          ],
          [
            12.4110048,
            45.2870836
          ],
          [
            12.4238248,
            45.2805393
          ],
          [
            12.4517095,
            45.266302
          ]
        ]
      },
      "id": "way/308282127"
    },
    {
      "type": "Feature",
      "properties": {
        "@id": "way/308388363",
        "seamark:type": "separation_boundary"
      },
      "geometry": {
        "type": "LineString",
        "coordinates": [
          [
            15.6231885,
            38.230504
          ],
          [
            15.7003924,
            38.2595234
          ],
          [
            15.7126589,
            38.2703182
          ]
        ]
      },
      "id": "way/308388363"
    },
    {
      "type": "Feature",
      "properties": {
        "@id": "way/308388367",
        "seamark:type": "separation_boundary"
      },
      "geometry": {
        "type": "LineString",
        "coordinates": [
          [
            15.6370087,
            38.1488952
          ],
          [
            15.6214349,
            38.1807645
          ],
          [
            15.6216434,
            38.1970735
          ]
        ]
      },
      "id": "way/308388367"
    },
    {
      "type": "Feature",
      "properties": {
        "@id": "way/308388369",
        "seamark:type": "separation_boundary"
      },
      "geometry": {
        "type": "LineString",
        "coordinates": [
          [
            15.5854577,
            38.1970792
          ],
          [
            15.5805673,
            38.1802997
          ],
          [
            15.5574139,
            38.1487937
          ]
        ]
      },
      "id": "way/308388369"
    },
    {
      "type": "Feature",
      "properties": {
        "@id": "way/308520795",
        "seamark:type": "separation_boundary"
      },
      "geometry": {
        "type": "LineString",
        "coordinates": [
          [
            11.1271172,
            37.3613686
          ],
          [
            11.2788345,
            37.2879966
          ]
        ]
      },
      "id": "way/308520795"
    },
    {
      "type": "Feature",
      "properties": {
        "@id": "way/308520799",
        "seamark:type": "separation_boundary"
      },
      "geometry": {
        "type": "LineString",
        "coordinates": [
          [
            11.355198,
            37.4105883
          ],
          [
            11.2054762,
            37.4788707
          ]
        ]
      },
      "id": "way/308520799"
    },
    {
      "type": "Feature",
      "properties": {
        "@id": "way/308529609",
        "seamark:type": "separation_boundary"
      },
      "geometry": {
        "type": "LineString",
        "coordinates": [
          [
            15.6649717,
            38.2844938
          ],
          [
            15.664694,
            38.2658115
          ],
          [
            15.5996833,
            38.2420667
          ],
          [
            15.5930196,
            38.21999
          ]
        ]
      },
      "id": "way/308529609"
    },
    {
      "type": "Feature",
      "properties": {
        "@id": "way/308532141",
        "seamark:type": "separation_boundary"
      },
      "geometry": {
        "type": "LineString",
        "coordinates": [
          [
            13.6664498,
            45.6441477
          ],
          [
            13.7033474,
            45.6373036
          ]
        ]
      },
      "id": "way/308532141"
    },
    {
      "type": "Feature",
      "properties": {
        "@id": "way/308532142",
        "seamark:type": "separation_boundary"
      },
      "geometry": {
        "type": "LineString",
        "coordinates": [
          [
            13.5468579,
            45.6459737
          ],
          [
            13.316436,
            45.5786168
          ]
        ]
      },
      "id": "way/308532142"
    },
    {
      "type": "Feature",
      "properties": {
        "@id": "way/308532143",
        "seamark:type": "separation_boundary"
      },
      "geometry": {
        "type": "LineString",
        "coordinates": [
          [
            13.6087036,
            45.7124794
          ],
          [
            13.6084298,
            45.6721217
          ]
        ]
      },
      "id": "way/308532143"
    },
    {
      "type": "Feature",
      "properties": {
        "@id": "way/308532147",
        "seamark:type": "separation_boundary"
      },
      "geometry": {
        "type": "LineString",
        "coordinates": [
          [
            13.7033474,
            45.6590296
          ],
          [
            13.666929,
            45.6611827
          ]
        ]
      },
      "id": "way/308532147"
    },
    {
      "type": "Feature",
      "properties": {
        "@id": "way/308532150",
        "seamark:type": "separation_boundary"
      },
      "geometry": {
        "type": "LineString",
        "coordinates": [
          [
            13.6444375,
            45.6721217
          ],
          [
            13.6447113,
            45.7124794
          ]
        ]
      },
      "id": "way/308532150"
    },
    {
      "type": "Feature",
      "properties": {
        "@id": "way/308532155",
        "seamark:type": "separation_boundary"
      },
      "geometry": {
        "type": "LineString",
        "coordinates": [
          [
            13.3492264,
            45.4833716
          ],
          [
            13.5369746,
            45.5707104
          ],
          [
            13.5835673,
            45.5703151
          ],
          [
            13.6567036,
            45.565373
          ]
        ]
      },
      "id": "way/308532155"
    },
    {
      "type": "Feature",
      "properties": {
        "@id": "way/308533333",
        "seamark:type": "separation_boundary"
      },
      "geometry": {
        "type": "LineString",
        "coordinates": [
          [
            13.2876305,
            45.1735142
          ],
          [
            13.2204359,
            45.3750156
          ]
        ]
      },
      "id": "way/308533333"
    },
    {
      "type": "Feature",
      "properties": {
        "@id": "way/308533336",
        "seamark:type": "separation_boundary"
      },
      "geometry": {
        "type": "LineString",
        "coordinates": [
          [
            12.9463127,
            45.3170566
          ],
          [
            13.0073987,
            45.1239699
          ]
        ]
      },
      "id": "way/308533336"
    },
    {
      "type": "Feature",
      "properties": {
        "@id": "way/308533339",
        "seamark:type": "separation_boundary"
      },
      "geometry": {
        "type": "LineString",
        "coordinates": [
          [
            12.9287336,
            44.9740539
          ],
          [
            12.8231619,
            45.1413933
          ],
          [
            12.7076636,
            45.2004004
          ],
          [
            12.5939939,
            45.2606864
          ]
        ]
      },
      "id": "way/308533339"
    },
    {
      "type": "Feature",
      "properties": {
        "@id": "way/308533340",
        "seamark:type": "separation_boundary"
      },
      "geometry": {
        "type": "LineString",
        "coordinates": [
          [
            12.4929283,
            45.1713535
          ],
          [
            12.6075227,
            45.1281887
          ],
          [
            12.6763914,
            45.0996044
          ],
          [
            12.794194,
            44.9421676
          ]
        ]
      },
      "id": "way/308533340"
    },
    {
      "type": "Feature",
      "properties": {
        "@id": "way/308547562",
        "seamark:type": "separation_boundary"
      },
      "geometry": {
        "type": "LineString",
        "coordinates": [
          [
            14.0175744,
            44.0660264
          ],
          [
            13.2729382,
            44.8851877
          ]
        ]
      },
      "id": "way/308547562"
    },
    {
      "type": "Feature",
      "properties": {
        "@id": "way/308547563",
        "seamark:type": "separation_boundary"
      },
      "geometry": {
        "type": "LineString",
        "coordinates": [
          [
            14.1524092,
            44.1292919
          ],
          [
            13.4077731,
            44.9475708
          ]
        ]
      },
      "id": "way/308547563"
    },
    {
      "type": "Feature",
      "properties": {
        "@id": "way/308547566",
        "seamark:type": "separation_boundary"
      },
      "geometry": {
        "type": "LineString",
        "coordinates": [
          [
            13.8816959,
            43.9676287
          ],
          [
            13.2736943,
            44.3087404
          ],
          [
            13.0575361,
            44.767775
          ]
        ]
      },
      "id": "way/308547566"
    },
    {
      "type": "Feature",
      "properties": {
        "@id": "way/308547568",
        "seamark:type": "separation_boundary"
      },
      "geometry": {
        "type": "LineString",
        "coordinates": [
          [
            13.791887,
            43.879266
          ],
          [
            13.1908372,
            44.1696058
          ],
          [
            12.9320812,
            44.7423212
          ]
        ]
      },
      "id": "way/308547568"
    },
    {
      "type": "Feature",
      "properties": {
        "@id": "way/308576176",
        "seamark:type": "separation_boundary"
      },
      "geometry": {
        "type": "LineString",
        "coordinates": [
          [
            18.1166945,
            40.668939
          ],
          [
            18.0777584,
            40.6657732
          ]
        ]
      },
      "id": "way/308576176"
    },
    {
      "type": "Feature",
      "properties": {
        "@id": "way/308578852",
        "seamark:type": "separation_boundary"
      },
      "geometry": {
        "type": "LineString",
        "coordinates": [
          [
            18.5018522,
            40.1507232
          ],
          [
            18.5573501,
            40.1521438
          ]
        ]
      },
      "id": "way/308578852"
    },
    {
      "type": "Feature",
      "properties": {
        "@id": "way/308578854",
        "seamark:type": "separation_boundary"
      },
      "geometry": {
        "type": "LineString",
        "coordinates": [
          [
            18.5419222,
            40.1831938
          ],
          [
            18.498506,
            40.1572893
          ]
        ]
      },
      "id": "way/308578854"
    },
    {
      "type": "Feature",
      "properties": {
        "@id": "way/308670738",
        "seamark:type": "separation_boundary"
      },
      "geometry": {
        "type": "LineString",
        "coordinates": [
          [
            10.2458331,
            43.4986099
          ],
          [
            10.2736411,
            43.5242375
          ]
        ]
      },
      "id": "way/308670738"
    },
    {
      "type": "Feature",
      "properties": {
        "@id": "way/308670742",
        "seamark:type": "separation_boundary"
      },
      "geometry": {
        "type": "LineString",
        "coordinates": [
          [
            10.2614978,
            43.5388518
          ],
          [
            10.2164464,
            43.5327776
          ]
        ]
      },
      "id": "way/308670742"
    },
    {
      "type": "Feature",
      "properties": {
        "@id": "way/323720374",
        "seamark:type": "separation_boundary"
      },
      "geometry": {
        "type": "LineString",
        "coordinates": [
          [
            -75.7293481,
            22.198508
          ],
          [
            -75.7308164,
            22.1991543
          ],
          [
            -75.7324933,
            22.1999194
          ],
          [
            -75.7348201,
            22.2008703
          ],
          [
            -75.7358214,
            22.2013945
          ],
          [
            -75.7378128,
            22.2023978
          ],
          [
            -75.738556,
            22.202755
          ],
          [
            -75.7396397,
            22.2034431
          ],
          [
            -75.7417729,
            22.2045672
          ],
          [
            -75.7431572,
            22.2052815
          ],
          [
            -75.7453301,
            22.2063321
          ],
          [
            -75.7461243,
            22.2067216
          ],
          [
            -75.7468563,
            22.2071305
          ],
          [
            -75.7474804,
            22.2075874
          ],
          [
            -75.7487512,
            22.2083596
          ],
          [
            -75.7499653,
            22.2088008
          ],
          [
            -75.7519624,
            22.2094311
          ],
          [
            -75.7532219,
            22.209867
          ],
          [
            -75.7540502,
            22.2100824
          ],
          [
            -75.7547594,
            22.2104185
          ],
          [
            -75.7559962,
            22.2108072
          ],
          [
            -75.7561267,
            22.2109175
          ],
          [
            -75.7563252,
            22.2113535
          ],
          [
            -75.756677,
            22.2124145
          ]
        ]
      },
      "id": "way/323720374"
    },
    {
      "type": "Feature",
      "properties": {
        "@id": "way/323720375",
        "seamark:type": "separation_boundary"
      },
      "geometry": {
        "type": "LineString",
        "coordinates": [
          [
            -75.756365,
            22.2121256
          ],
          [
            -75.7560699,
            22.2112117
          ],
          [
            -75.7557579,
            22.2109175
          ],
          [
            -75.7551225,
            22.2107337
          ],
          [
            -75.7545495,
            22.2105656
          ],
          [
            -75.7539708,
            22.2102662
          ],
          [
            -75.7531481,
            22.2100246
          ],
          [
            -75.7518773,
            22.2095939
          ],
          [
            -75.7498972,
            22.2089478
          ],
          [
            -75.748581,
            22.2084436
          ],
          [
            -75.7473726,
            22.2076925
          ],
          [
            -75.7467258,
            22.2072723
          ],
          [
            -75.7460335,
            22.2068372
          ],
          [
            -75.7453131,
            22.2065001
          ],
          [
            -75.7430948,
            22.2054286
          ],
          [
            -75.7416537,
            22.2046775
          ],
          [
            -75.7395602,
            22.2035639
          ],
          [
            -75.7384312,
            22.2029178
          ],
          [
            -75.737705,
            22.2025186
          ],
          [
            -75.7357477,
            22.2015311
          ],
          [
            -75.7347151,
            22.2009848
          ],
          [
            -75.7324287,
            22.2000393
          ],
          [
            -75.7307153,
            22.1992986
          ],
          [
            -75.7294161,
            22.1987471
          ]
        ]
      },
      "id": "way/323720375"
    },
    {
      "type": "Feature",
      "properties": {
        "@id": "way/336005481",
        "seamark:separation_zone:category": "not_imo_adopted",
        "seamark:type": "separation_boundary"
      },
      "geometry": {
        "type": "LineString",
        "coordinates": [
          [
            16.3598311,
            42.2069518
          ],
          [
            16.0123696,
            42.4793254
          ]
        ]
      },
      "id": "way/336005481"
    },
    {
      "type": "Feature",
      "properties": {
        "@id": "way/344161941",
        "seamark:name": "South Channel",
        "seamark:type": "separation_boundary"
      },
      "geometry": {
        "type": "LineString",
        "coordinates": [
          [
            1.3508,
            51.9239
          ],
          [
            1.423717,
            51.92525
          ],
          [
            1.5169394,
            51.919687
          ]
        ]
      },
      "id": "way/344161941"
    },
    {
      "type": "Feature",
      "properties": {
        "@id": "way/344162633",
        "seamark:name": "North Channel",
        "seamark:type": "separation_boundary"
      },
      "geometry": {
        "type": "LineString",
        "coordinates": [
          [
            1.527553,
            51.953767
          ],
          [
            1.44325,
            51.942033
          ],
          [
            1.395333,
            51.9384
          ],
          [
            1.36645,
            51.936
          ],
          [
            1.349467,
            51.9274
          ]
        ]
      },
      "id": "way/344162633"
    },
    {
      "type": "Feature",
      "properties": {
        "@id": "way/346987386",
        "seamark:type": "separation_boundary"
      },
      "geometry": {
        "type": "LineString",
        "coordinates": [
          [
            9.6258142,
            40.9601721
          ],
          [
            9.6646531,
            40.9697957
          ]
        ]
      },
      "id": "way/346987386"
    },
    {
      "type": "Feature",
      "properties": {
        "@id": "way/346987388",
        "seamark:type": "separation_boundary"
      },
      "geometry": {
        "type": "LineString",
        "coordinates": [
          [
            9.6253296,
            40.9342865
          ],
          [
            9.6641685,
            40.9439139
          ]
        ]
      },
      "id": "way/346987388"
    },
    {
      "type": "Feature",
      "properties": {
        "@id": "way/346987389",
        "seamark:type": "separation_boundary"
      },
      "geometry": {
        "type": "LineString",
        "coordinates": [
          [
            9.6252435,
            40.9422832
          ],
          [
            9.6640825,
            40.9519095
          ]
        ]
      },
      "id": "way/346987389"
    },
    {
      "type": "Feature",
      "properties": {
        "@id": "way/346987392",
        "seamark:type": "separation_boundary"
      },
      "geometry": {
        "type": "LineString",
        "coordinates": [
          [
            9.6391163,
            40.9874957
          ],
          [
            9.6310914,
            40.9783102
          ],
          [
            9.6440658,
            40.9731031
          ],
          [
            9.6641272,
            40.9806724
          ],
          [
            9.6571696,
            40.9900535
          ]
        ]
      },
      "id": "way/346987392"
    },
    {
      "type": "Feature",
      "properties": {
        "@id": "way/350615888",
        "seamark:type": "separation_boundary",
        "source": "IMO COLREG.2/Circ.66"
      },
      "geometry": {
        "type": "LineString",
        "coordinates": [
          [
            4.6405,
            54.0651667
          ],
          [
            4.4743333,
            54.0521667
          ]
        ]
      },
      "id": "way/350615888"
    },
    {
      "type": "Feature",
      "properties": {
        "@id": "way/350615892",
        "seamark:type": "separation_boundary",
        "source": "IMO COLREG.2/Circ.66"
      },
      "geometry": {
        "type": "LineString",
        "coordinates": [
          [
            5.065,
            54.023
          ],
          [
            4.9656667,
            54.0151667
          ]
        ]
      },
      "id": "way/350615892"
    },
    {
      "type": "Feature",
      "properties": {
        "@id": "way/350615895",
        "seamark:type": "separation_boundary",
        "source": "IMO COLREG.2/Circ.66"
      },
      "geometry": {
        "type": "LineString",
        "coordinates": [
          [
            4.374,
            54.0441667
          ],
          [
            4.148,
            54.0311667
          ]
        ]
      },
      "id": "way/350615895"
    },
    {
      "type": "Feature",
      "properties": {
        "@id": "way/350615898",
        "seamark:type": "separation_boundary",
        "source": "IMO COLREG.2/Circ.66"
      },
      "geometry": {
        "type": "LineString",
        "coordinates": [
          [
            4.949,
            54.0895
          ],
          [
            4.7023333,
            54.07
          ]
        ]
      },
      "id": "way/350615898"
    },
    {
      "type": "Feature",
      "properties": {
        "@id": "way/350615908",
        "seamark:type": "separation_boundary"
      },
      "geometry": {
        "type": "LineString",
        "coordinates": [
          [
            6.0033333,
            54.1816667
          ],
          [
            5.322,
            54.1195
          ],
          [
            5.1761667,
            54.1073333
          ]
        ]
      },
      "id": "way/350615908"
    },
    {
      "type": "Feature",
      "properties": {
        "@id": "way/350891055",
        "seamark:type": "separation_boundary"
      },
      "geometry": {
        "type": "LineString",
        "coordinates": [
          [
            4.7653333,
            53.9993333
          ],
          [
            4.901,
            54.01
          ]
        ]
      },
      "id": "way/350891055"
    },
    {
      "type": "Feature",
      "properties": {
        "@id": "way/369835520",
        "seamark:type": "separation_boundary"
      },
      "geometry": {
        "type": "LineString",
        "coordinates": [
          [
            -0.7241128,
            37.9107597
          ],
          [
            -0.5566589,
            37.5950012
          ]
        ]
      },
      "id": "way/369835520"
    },
    {
      "type": "Feature",
      "properties": {
        "@id": "way/369835521",
        "seamark:type": "separation_boundary"
      },
      "geometry": {
        "type": "LineString",
        "coordinates": [
          [
            -0.9190709,
            37.5540733
          ],
          [
            -0.5958294,
            37.5624971
          ]
        ]
      },
      "id": "way/369835521"
    },
    {
      "type": "Feature",
      "properties": {
        "@id": "way/369838815",
        "seamark:type": "separation_boundary"
      },
      "geometry": {
        "type": "LineString",
        "coordinates": [
          [
            0.1986229,
            38.8015098
          ],
          [
            0.3766677,
            38.7333253
          ]
        ]
      },
      "id": "way/369838815"
    },
    {
      "type": "Feature",
      "properties": {
        "@id": "way/369838816",
        "seamark:type": "separation_boundary"
      },
      "geometry": {
        "type": "LineString",
        "coordinates": [
          [
            0.0836943,
            38.6312476
          ],
          [
            0.2249965,
            38.6316603
          ]
        ]
      },
      "id": "way/369838816"
    },
    {
      "type": "Feature",
      "properties": {
        "@id": "way/369853260",
        "seamark:type": "separation_boundary"
      },
      "geometry": {
        "type": "LineString",
        "coordinates": [
          [
            -2.0055168,
            36.835541
          ],
          [
            -2.1608272,
            36.4688355
          ]
        ]
      },
      "id": "way/369853260"
    },
    {
      "type": "Feature",
      "properties": {
        "@id": "way/369853261",
        "seamark:type": "separation_boundary"
      },
      "geometry": {
        "type": "LineString",
        "coordinates": [
          [
            -2.2980716,
            36.8230608
          ],
          [
            -2.2538395,
            36.4481663
          ]
        ]
      },
      "id": "way/369853261"
    },
    {
      "type": "Feature",
      "properties": {
        "@id": "way/379872314",
        "seamark:type": "separation_boundary"
      },
      "geometry": {
        "type": "LineString",
        "coordinates": [
          [
            -1.7121802,
            43.4160439
          ],
          [
            -1.6974217,
            43.4038799
          ],
          [
            -1.6796632,
            43.4014738
          ],
          [
            -1.6689315,
            43.3875972
          ]
        ]
      },
      "id": "way/379872314"
    },
    {
      "type": "Feature",
      "properties": {
        "@id": "way/424547608",
        "seamark:information": "Small craft and pleasure craft are urgently requested to use the channel parallel to the main fairway, named \"Fietspad\".",
        "seamark:name": "Fietspad",
        "seamark:source": "https://afdelingkust.login.kanooh.be/sites/default/files/atoms/files/ntm201805_076-079.pdf(2018-05/07)",
        "seamark:type": "separation_boundary",
        "source": "https://www.defensie.nl/english/topics/notices-to-mariners/contents/database/by-week?week=23&year=2016&1800series=true *224/16"
      },
      "geometry": {
        "type": "LineString",
        "coordinates": [
          [
            4.1065833,
            51.3713167
          ],
          [
            4.12535,
            51.372967
          ],
          [
            4.1351944,
            51.3749944
          ],
          [
            4.14365,
            51.376267
          ],
          [
            4.148183,
            51.37865
          ],
          [
            4.152833,
            51.382017
          ],
          [
            4.162642,
            51.387381
          ],
          [
            4.161417,
            51.388267
          ],
          [
            4.1515,
            51.38345
          ],
          [
            4.142667,
            51.380333
          ],
          [
            4.133717,
            51.377133
          ],
          [
            4.1236444,
            51.3734056
          ],
          [
            4.1065833,
            51.3713167
          ]
        ]
      },
      "id": "way/424547608"
    },
    {
      "type": "Feature",
      "properties": {
        "@id": "way/424547609",
        "name": "Fietspad Plaat van Osenisse - Groen",
        "seamark:information": "Small craft and pleasure craft are urgently requested to use the channel parallel to the main fairway, named \"Fietspad\".",
        "seamark:name": "Fietspad",
        "seamark:type": "separation_boundary",
        "source": "https://www.defensie.nl/english/topics/notices-to-mariners/contents/database/by-week?week=23&year=2016&1800series=true *224/16"
      },
      "geometry": {
        "type": "LineString",
        "coordinates": [
          [
            4.030497,
            51.402236
          ],
          [
            4.026956,
            51.402194
          ],
          [
            4.026653,
            51.411028
          ],
          [
            4.025794,
            51.417889
          ],
          [
            4.021581,
            51.423981
          ],
          [
            4.0124528,
            51.429625
          ],
          [
            4.0000806,
            51.4343306
          ],
          [
            3.9932361,
            51.4344306
          ],
          [
            3.992333,
            51.43505
          ],
          [
            4.0000806,
            51.4348778
          ],
          [
            4.0133306,
            51.4302111
          ],
          [
            4.022667,
            51.424283
          ],
          [
            4.0281528,
            51.417875
          ],
          [
            4.030283,
            51.410967
          ],
          [
            4.030497,
            51.402236
          ]
        ]
      },
      "id": "way/424547609"
    },
    {
      "type": "Feature",
      "properties": {
        "@id": "way/425595088",
        "seamark:type": "separation_boundary"
      },
      "geometry": {
        "type": "LineString",
        "coordinates": [
          [
            -123.2008979,
            49.3096996
          ],
          [
            -123.2443964,
            49.3031117
          ],
          [
            -123.2540831,
            49.3018644
          ],
          [
            -123.2881187,
            49.280117
          ],
          [
            -123.3005323,
            49.2400614
          ],
          [
            -123.3121262,
            49.2416243
          ],
          [
            -123.3226751,
            49.2430464
          ],
          [
            -123.339067,
            49.2452559
          ],
          [
            -123.3513317,
            49.2469091
          ],
          [
            -123.3645946,
            49.2486968
          ],
          [
            -123.3592221,
            49.2663615
          ],
          [
            -123.3261124,
            49.2981952
          ],
          [
            -123.3028319,
            49.3118887
          ],
          [
            -123.2570949,
            49.323695
          ]
        ]
      },
      "id": "way/425595088"
    },
    {
      "type": "Feature",
      "properties": {
        "@id": "way/425595089",
        "seamark:type": "separation_boundary"
      },
      "geometry": {
        "type": "LineString",
        "coordinates": [
          [
            -123.2540831,
            49.3018644
          ],
          [
            -123.2570949,
            49.323695
          ]
        ]
      },
      "id": "way/425595089"
    },
    {
      "type": "Feature",
      "properties": {
        "@id": "way/425595092",
        "seamark:type": "separation_boundary"
      },
      "geometry": {
        "type": "LineString",
        "coordinates": [
          [
            -123.2008979,
            49.3096996
          ],
          [
            -123.1803937,
            49.3138963
          ],
          [
            -123.158891,
            49.317129
          ],
          [
            -123.158889,
            49.321351
          ],
          [
            -123.1926929,
            49.3248968
          ],
          [
            -123.2009065,
            49.3248355
          ],
          [
            -123.2570949,
            49.323695
          ]
        ]
      },
      "id": "way/425595092"
    },
    {
      "type": "Feature",
      "properties": {
        "@id": "way/425598306",
        "seamark:type": "separation_boundary"
      },
      "geometry": {
        "type": "LineString",
        "coordinates": [
          [
            -123.334,
            49.0753333
          ],
          [
            -123.320037,
            49.144203
          ],
          [
            -123.3005323,
            49.2400614
          ]
        ]
      },
      "id": "way/425598306"
    },
    {
      "type": "Feature",
      "properties": {
        "@id": "way/425598308",
        "seamark:type": "separation_boundary"
      },
      "geometry": {
        "type": "LineString",
        "coordinates": [
          [
            -123.3645946,
            49.2486968
          ],
          [
            -123.3954354,
            49.153147
          ],
          [
            -123.3997747,
            49.138126
          ],
          [
            -123.4209412,
            49.0647896
          ],
          [
            -123.396,
            49.0418333
          ]
        ]
      },
      "id": "way/425598308"
    },
    {
      "type": "Feature",
      "properties": {
        "@id": "way/425598309",
        "seamark:type": "separation_boundary"
      },
      "geometry": {
        "type": "LineString",
        "coordinates": [
          [
            -123.320037,
            49.144203
          ],
          [
            -123.3328325,
            49.145721
          ],
          [
            -123.3451308,
            49.1471799
          ],
          [
            -123.3716833,
            49.1503296
          ],
          [
            -123.3832678,
            49.1517037
          ],
          [
            -123.3954354,
            49.153147
          ]
        ]
      },
      "id": "way/425598309"
    },
    {
      "type": "Feature",
      "properties": {
        "@id": "way/482292731",
        "seamark:type": "separation_boundary"
      },
      "geometry": {
        "type": "LineString",
        "coordinates": [
          [
            -84.3813329,
            29.893356
          ],
          [
            -84.5723607,
            29.8302769
          ]
        ]
      },
      "id": "way/482292731"
    },
    {
      "type": "Feature",
      "properties": {
        "@id": "way/499386226",
        "seamark:type": "separation_boundary",
        "source": "IMO COLREG.2 Circ.67"
      },
      "geometry": {
        "type": "LineString",
        "coordinates": [
          [
            2.620167,
            51.724
          ],
          [
            2.6441667,
            51.6501667
          ],
          [
            2.6401667,
            51.62
          ]
        ]
      },
      "id": "way/499386226"
    },
    {
      "type": "Feature",
      "properties": {
        "@id": "way/499505985",
        "seamark:type": "separation_boundary",
        "source": "IMO SN.1 Circ.333"
      },
      "geometry": {
        "type": "LineString",
        "coordinates": [
          [
            3.1665002,
            51.6376667
          ],
          [
            3.1446666,
            51.573
          ],
          [
            3.0966667,
            51.5428333
          ],
          [
            3.0446667,
            51.5085
          ],
          [
            2.972,
            51.484
          ]
        ]
      },
      "id": "way/499505985"
    },
    {
      "type": "Feature",
      "properties": {
        "@id": "way/499505988",
        "seamark:type": "separation_boundary",
        "source": "IMO SN.1 Circ.333"
      },
      "geometry": {
        "type": "LineString",
        "coordinates": [
          [
            3.0053333,
            51.4646667
          ],
          [
            3.072,
            51.487333
          ],
          [
            3.1838333,
            51.5598333
          ],
          [
            3.2093331,
            51.6509999
          ]
        ]
      },
      "id": "way/499505988"
    },
    {
      "type": "Feature",
      "properties": {
        "@id": "way/499593976",
        "seamark:type": "separation_boundary",
        "source": "IMO SN.1 Circ.333"
      },
      "geometry": {
        "type": "LineString",
        "coordinates": [
          [
            3.057667,
            51.835
          ],
          [
            3.0943333,
            51.8281667
          ],
          [
            3.163333,
            51.772
          ]
        ]
      },
      "id": "way/499593976"
    },
    {
      "type": "Feature",
      "properties": {
        "@id": "way/499593977",
        "seamark:type": "separation_boundary",
        "source": "IMO SN.1 Circ.333"
      },
      "geometry": {
        "type": "LineString",
        "coordinates": [
          [
            3.154833,
            51.853667
          ],
          [
            3.213,
            51.792333
          ]
        ]
      },
      "id": "way/499593977"
    },
    {
      "type": "Feature",
      "properties": {
        "@id": "way/499593982",
        "seamark:type": "separation_boundary",
        "source": "IMO SN.1 Circ.333"
      },
      "geometry": {
        "type": "LineString",
        "coordinates": [
          [
            3.2738333,
            51.8765
          ],
          [
            3.2563333,
            51.81
          ]
        ]
      },
      "id": "way/499593982"
    },
    {
      "type": "Feature",
      "properties": {
        "@id": "way/499593983",
        "seamark:type": "separation_boundary",
        "source": "IMO SN.1 Circ.333"
      },
      "geometry": {
        "type": "LineString",
        "coordinates": [
          [
            3.304167,
            51.793
          ],
          [
            3.4048333,
            51.9016667
          ]
        ]
      },
      "id": "way/499593983"
    },
    {
      "type": "Feature",
      "properties": {
        "@id": "way/499593986",
        "seamark:type": "separation_boundary",
        "source": "IMO SN.1 Circ.333"
      },
      "geometry": {
        "type": "LineString",
        "coordinates": [
          [
            3.3915,
            51.6185
          ],
          [
            3.3508333,
            51.6955
          ]
        ]
      },
      "id": "way/499593986"
    },
    {
      "type": "Feature",
      "properties": {
        "@id": "way/499593987",
        "seamark:type": "separation_boundary",
        "source": "IMO SN.1 Circ.333"
      },
      "geometry": {
        "type": "LineString",
        "coordinates": [
          [
            3.2566667,
            51.666
          ],
          [
            3.3455,
            51.6061667
          ]
        ]
      },
      "id": "way/499593987"
    },
    {
      "type": "Feature",
      "properties": {
        "@id": "way/572181707",
        "seamark:type": "separation_boundary"
      },
      "geometry": {
        "type": "LineString",
        "coordinates": [
          [
            -40.736897,
            -21.7719945
          ],
          [
            -40.7368442,
            -21.8484334
          ]
        ]
      },
      "id": "way/572181707"
    },
    {
      "type": "Feature",
      "properties": {
        "@id": "way/575043466",
        "seamark:type": "separation_boundary"
      },
      "geometry": {
        "type": "LineString",
        "coordinates": [
          [
            -77.2666741,
            -12.069874
          ],
          [
            -77.2480488,
            -12.0502329
          ],
          [
            -77.246933,
            -12.0505686
          ],
          [
            -77.2452593,
            -12.0507365
          ],
          [
            -77.2436715,
            -12.0507785
          ],
          [
            -77.2427702,
            -12.0507365
          ],
          [
            -77.2405816,
            -12.0504007
          ],
          [
            -77.2391224,
            -12.050023
          ],
          [
            -77.2374917,
            -12.0494774
          ],
          [
            -77.2361184,
            -12.0489318
          ],
          [
            -77.2345305,
            -12.0479245
          ],
          [
            -77.2331143,
            -12.0470012
          ],
          [
            -77.2324706,
            -12.0464136
          ],
          [
            -77.2309685,
            -12.0448607
          ],
          [
            -77.2301531,
            -12.0438534
          ],
          [
            -77.2292519,
            -12.0424264
          ],
          [
            -77.2284365,
            -12.0407475
          ],
          [
            -77.1833325,
            -12.0463296
          ]
        ]
      },
      "id": "way/575043466"
    },
    {
      "type": "Feature",
      "properties": {
        "@id": "way/575043469",
        "seamark:type": "separation_boundary"
      },
      "geometry": {
        "type": "LineString",
        "coordinates": [
          [
            -77.2666741,
            -12.0252807
          ],
          [
            -77.2602797,
            -12.029604
          ],
          [
            -77.2605801,
            -12.0309891
          ],
          [
            -77.2608161,
            -12.0320594
          ],
          [
            -77.2667814,
            -12.0344308
          ]
        ]
      },
      "id": "way/575043469"
    },
    {
      "type": "Feature",
      "properties": {
        "@id": "way/575043470",
        "seamark:type": "separation_boundary"
      },
      "geometry": {
        "type": "LineString",
        "coordinates": [
          [
            -77.1833325,
            -12.0411883
          ],
          [
            -77.2271276,
            -12.0335074
          ],
          [
            -77.2272563,
            -12.0319335
          ],
          [
            -77.2275782,
            -12.0302336
          ],
          [
            -77.2282434,
            -12.028051
          ],
          [
            -77.2288656,
            -12.0267288
          ],
          [
            -77.2294235,
            -12.0257005
          ],
          [
            -77.2310329,
            -12.0234759
          ],
          [
            -77.2326422,
            -12.0218599
          ],
          [
            -77.233758,
            -12.0209574
          ],
          [
            -77.2356677,
            -12.0198241
          ],
          [
            -77.262404,
            -11.9867252
          ]
        ]
      },
      "id": "way/575043470"
    },
    {
      "type": "Feature",
      "properties": {
        "@id": "way/589922776",
        "seamark:type": "separation_boundary"
      },
      "geometry": {
        "type": "LineString",
        "coordinates": [
          [
            53.3419412,
            25.0177637
          ],
          [
            53.4398011,
            25.0923184
          ]
        ]
      },
      "id": "way/589922776"
    },
    {
      "type": "Feature",
      "properties": {
        "@id": "way/589923084",
        "seamark:type": "separation_boundary"
      },
      "geometry": {
        "type": "LineString",
        "coordinates": [
          [
            53.3126973,
            25.0668643
          ],
          [
            52.9739771,
            24.9667281
          ]
        ]
      },
      "id": "way/589923084"
    },
    {
      "type": "Feature",
      "properties": {
        "@id": "way/590538781",
        "seamark:type": "separation_boundary"
      },
      "geometry": {
        "type": "LineString",
        "coordinates": [
          [
            28.76085,
            60.0282833
          ],
          [
            28.8639794,
            60.0275222
          ],
          [
            29.062347,
            60.0236226
          ],
          [
            29.205,
            60.020818
          ]
        ]
      },
      "id": "way/590538781"
    },
    {
      "type": "Feature",
      "properties": {
        "@id": "way/590538782",
        "seamark:type": "separation_boundary"
      },
      "geometry": {
        "type": "LineString",
        "coordinates": [
          [
            28.4372442,
            60.0800139
          ],
          [
            28.4833694,
            60.0698255
          ],
          [
            28.5304928,
            60.0593656
          ],
          [
            28.5877167,
            60.0580333
          ],
          [
            28.7661167,
            60.0535833
          ],
          [
            28.8639794,
            60.0519533
          ],
          [
            29.0439957,
            60.0469415
          ],
          [
            29.0608549,
            60.0462465
          ],
          [
            29.205,
            60.0410796
          ]
        ]
      },
      "id": "way/590538782"
    },
    {
      "type": "Feature",
      "properties": {
        "@id": "way/590579668",
        "seamark:type": "separation_boundary"
      },
      "geometry": {
        "type": "LineString",
        "coordinates": [
          [
            28.427105,
            59.8507092
          ],
          [
            28.5629833,
            59.9416895
          ],
          [
            28.5790882,
            59.9876265
          ]
        ]
      },
      "id": "way/590579668"
    },
    {
      "type": "Feature",
      "properties": {
        "@id": "way/590579669",
        "seamark:type": "separation_boundary"
      },
      "geometry": {
        "type": "LineString",
        "coordinates": [
          [
            28.6052364,
            59.9853313
          ],
          [
            28.5880557,
            59.9363202
          ],
          [
            28.4483088,
            59.8427309
          ]
        ]
      },
      "id": "way/590579669"
    },
    {
      "type": "Feature",
      "properties": {
        "@id": "way/590579674",
        "seamark:type": "separation_boundary"
      },
      "geometry": {
        "type": "LineString",
        "coordinates": [
          [
            28.1714652,
            59.9458688
          ],
          [
            28.2112667,
            59.8297333
          ]
        ]
      },
      "id": "way/590579674"
    },
    {
      "type": "Feature",
      "properties": {
        "@id": "way/684026997",
        "seamark:type": "separation_boundary"
      },
      "geometry": {
        "type": "LineString",
        "coordinates": [
          [
            139.7766757,
            35.2118138
          ],
          [
            139.7408333,
            35.0972222
          ]
        ]
      },
      "id": "way/684026997"
    },
    {
      "type": "Feature",
      "properties": {
        "@id": "way/755193773",
        "seamark:type": "separation_boundary"
      },
      "geometry": {
        "type": "LineString",
        "coordinates": [
          [
            3.9071667,
            52.4255
          ],
          [
            3.9046302,
            52.4176524
          ],
          [
            4.0196872,
            52.4225131
          ],
          [
            4.0349439,
            52.4381036
          ],
          [
            4.158812,
            52.4581186
          ],
          [
            4.1495,
            52.4715
          ]
        ]
      },
      "id": "way/755193773"
    },
    {
      "type": "Feature",
      "properties": {
        "@id": "way/755193777",
        "seamark:type": "separation_boundary",
        "source": "IMO COLREG.2 Circ.67"
      },
      "geometry": {
        "type": "LineString",
        "coordinates": [
          [
            3.7443333,
            52.1188333
          ],
          [
            3.746681,
            52.1816161
          ]
        ]
      },
      "id": "way/755193777"
    },
    {
      "type": "Feature",
      "properties": {
        "@id": "way/755193779",
        "note": "precautionary area",
        "seamark:type": "separation_boundary",
        "source": "IMO COLREG.2 Circ.67"
      },
      "geometry": {
        "type": "LineString",
        "coordinates": [
          [
            3.7443333,
            52.1188333
          ],
          [
            3.6375,
            52.1181667
          ]
        ]
      },
      "id": "way/755193779"
    },
    {
      "type": "Feature",
      "properties": {
        "@id": "way/755193782",
        "note": "inshore traffic boundary",
        "seamark:type": "separation_boundary",
        "source": "IMO COLREG.2 Circ.67"
      },
      "geometry": {
        "type": "LineString",
        "coordinates": [
          [
            3.6996671,
            51.9534752
          ],
          [
            3.8125118,
            51.9597715
          ]
        ]
      },
      "id": "way/755193782"
    },
    {
      "type": "Feature",
      "properties": {
        "@id": "way/755193789",
        "note": "precautionary area",
        "seamark:type": "separation_boundary",
        "source": "IMO COLREG.2 Circ.67"
      },
      "geometry": {
        "type": "LineString",
        "coordinates": [
          [
            2.8677069,
            52.1346179
          ],
          [
            2.7737812,
            52.0678847
          ]
        ]
      },
      "id": "way/755193789"
    },
    {
      "type": "Feature",
      "properties": {
        "@id": "way/755193790",
        "note": "deep water route",
        "seamark:type": "separation_boundary"
      },
      "geometry": {
        "type": "LineString",
        "coordinates": [
          [
            2.7185521,
            52.1567762
          ],
          [
            2.7147109,
            52.1000992
          ],
          [
            2.7111553,
            52.0658288
          ],
          [
            2.7078333,
            52.0205
          ]
        ]
      },
      "id": "way/755193790"
    },
    {
      "type": "Feature",
      "properties": {
        "@id": "way/755193791",
        "seamark:type": "separation_boundary"
      },
      "geometry": {
        "type": "LineString",
        "coordinates": [
          [
            2.7111553,
            52.0658288
          ],
          [
            2.7147109,
            52.1000992
          ]
        ]
      },
      "id": "way/755193791"
    },
    {
      "type": "Feature",
      "properties": {
        "@id": "way/775389709",
        "name": "TSS Skagen East",
        "seamark:separation_zone:category": "imo_adopted",
        "seamark:type": "separation_boundary"
      },
      "geometry": {
        "type": "LineString",
        "coordinates": [
          [
            10.9371667,
            57.8291667
          ],
          [
            10.9795,
            57.8048333
          ]
        ]
      },
      "id": "way/775389709"
    },
    {
      "type": "Feature",
      "properties": {
        "@id": "way/775389710",
        "name": "TSS Skagen West",
        "seamark:separation_zone:category": "imo_adopted",
        "seamark:type": "separation_boundary"
      },
      "geometry": {
        "type": "LineString",
        "coordinates": [
          [
            10.5666667,
            57.8688333
          ],
          [
            10.629,
            57.8688333
          ]
        ]
      },
      "id": "way/775389710"
    },
    {
      "type": "Feature",
      "properties": {
        "@id": "way/775392701",
        "name": "TSS Fladen",
        "seamark:separation_zone:category": "imo_adopted",
        "seamark:type": "separation_boundary"
      },
      "geometry": {
        "type": "LineString",
        "coordinates": [
          [
            11.827,
            57.23
          ],
          [
            11.8516667,
            57.2155
          ],
          [
            11.8536667,
            57.212
          ]
        ]
      },
      "id": "way/775392701"
    },
    {
      "type": "Feature",
      "properties": {
        "@id": "way/775392702",
        "name": "TSS Fladen",
        "seamark:separation_zone:category": "imo_adopted",
        "seamark:type": "separation_boundary"
      },
      "geometry": {
        "type": "LineString",
        "coordinates": [
          [
            11.8805,
            57.2568333
          ],
          [
            11.9051667,
            57.2423333
          ],
          [
            11.9228333,
            57.2245
          ]
        ]
      },
      "id": "way/775392702"
    },
    {
      "type": "Feature",
      "properties": {
        "@id": "way/775394335",
        "name": "TSS Lilla Middelgrund",
        "seamark:separation_zone:category": "imo_adopted",
        "seamark:type": "separation_boundary"
      },
      "geometry": {
        "type": "LineString",
        "coordinates": [
          [
            12.0168333,
            56.9288333
          ],
          [
            12.0286667,
            56.9101667
          ]
        ]
      },
      "id": "way/775394335"
    },
    {
      "type": "Feature",
      "properties": {
        "@id": "way/775394336",
        "name": "TSS Lilla Middelgrund",
        "seamark:separation_zone:category": "imo_adopted",
        "seamark:type": "separation_boundary"
      },
      "geometry": {
        "type": "LineString",
        "coordinates": [
          [
            12.1128333,
            56.9471667
          ],
          [
            12.1241667,
            56.9285
          ]
        ]
      },
      "id": "way/775394336"
    },
    {
      "type": "Feature",
      "properties": {
        "@id": "way/775889876",
        "seamark:type": "separation_boundary"
      },
      "geometry": {
        "type": "LineString",
        "coordinates": [
          [
            -123.1443333,
            37.987
          ],
          [
            -123.3381667,
            38.169
          ]
        ]
      },
      "id": "way/775889876"
    },
    {
      "type": "Feature",
      "properties": {
        "@id": "way/775889880",
        "seamark:type": "separation_boundary"
      },
      "geometry": {
        "type": "LineString",
        "coordinates": [
          [
            -123.1856667,
            37.9481667
          ],
          [
            -122.9991667,
            37.8634654
          ],
          [
            -122.8126667,
            37.7786667
          ]
        ]
      },
      "id": "way/775889880"
    },
    {
      "type": "Feature",
      "properties": {
        "@id": "way/830272161",
        "seamark:type": "separation_boundary",
        "source": "China MSA Notice No. 824/2025"
      },
      "geometry": {
        "type": "LineString",
        "coordinates": [
          [
            122.3268056,
            31.0249444
          ],
          [
            122.2363595,
            31.0304572
          ],
          [
            122.1353889,
            31.0366111
          ],
          [
            122.0632222,
            31.0601944
          ],
          [
            121.9993333,
            31.0848889
          ]
        ]
      },
      "id": "way/830272161"
    },
    {
      "type": "Feature",
      "properties": {
        "@id": "way/830272162",
        "seamark:type": "separation_boundary",
        "source": "China MSA Notice No. 824/2025"
      },
      "geometry": {
        "type": "LineString",
        "coordinates": [
          [
            122.35025,
            31.0376944
          ],
          [
            122.3499722,
            31.0343611
          ],
          [
            122.1381111,
            31.0473056
          ],
          [
            122.0681111,
            31.0701944
          ],
          [
            122.0366667,
            31.0825556
          ],
          [
            121.9973333,
            31.0991667
          ]
        ]
      },
      "id": "way/830272162"
    },
    {
      "type": "Feature",
      "properties": {
        "@id": "way/831291012",
        "seamark:type": "separation_boundary"
      },
      "geometry": {
        "type": "LineString",
        "coordinates": [
          [
            -79.46675,
            8.7333333
          ],
          [
            -79.4682697,
            8.6641489
          ],
          [
            -79.4700167,
            8.5846
          ],
          [
            -79.4700215,
            8.5036123
          ],
          [
            -79.4700271,
            8.4098866
          ],
          [
            -79.4700333,
            8.3073038
          ],
          [
            -79.4700411,
            8.177169
          ],
          [
            -79.4700462,
            8.0918622
          ],
          [
            -79.4700526,
            7.9857986
          ],
          [
            -79.4700592,
            7.8742651
          ],
          [
            -79.4700667,
            7.7501
          ]
        ]
      },
      "id": "way/831291012"
    },
    {
      "type": "Feature",
      "properties": {
        "@id": "way/831291013",
        "seamark:type": "separation_boundary"
      },
      "geometry": {
        "type": "LineString",
        "coordinates": [
          [
            -79.35,
            7.7501167
          ],
          [
            -79.3499969,
            7.9069123
          ],
          [
            -79.3499943,
            8.0333953
          ],
          [
            -79.3499931,
            8.093222
          ],
          [
            -79.3499914,
            8.1778487
          ],
          [
            -79.3499903,
            8.2366353
          ],
          [
            -79.3499882,
            8.3397452
          ],
          [
            -79.3499866,
            8.4193962
          ],
          [
            -79.3499849,
            8.5073474
          ],
          [
            -79.3499833,
            8.5833333
          ],
          [
            -79.3815039,
            8.6795252
          ],
          [
            -79.4100167,
            8.7665167
          ]
        ]
      },
      "id": "way/831291013"
    },
    {
      "type": "Feature",
      "properties": {
        "@id": "way/856218596",
        "seamark:type": "separation_boundary"
      },
      "geometry": {
        "type": "LineString",
        "coordinates": [
          [
            108.6575278,
            21.5996944
          ],
          [
            108.6407778,
            21.5721111
          ],
          [
            108.63725,
            21.5601389
          ],
          [
            108.6368611,
            21.4706944
          ]
        ]
      },
      "id": "way/856218596"
    },
    {
      "type": "Feature",
      "properties": {
        "@id": "way/856218597",
        "seamark:type": "separation_boundary",
        "source": "China MSA Notice No. 956/2020"
      },
      "geometry": {
        "type": "LineString",
        "coordinates": [
          [
            108.6233056,
            21.6865556
          ],
          [
            108.6274444,
            21.6818333
          ],
          [
            108.6500278,
            21.6514444
          ],
          [
            108.6521111,
            21.6474444
          ],
          [
            108.6594167,
            21.6254167
          ],
          [
            108.6608333,
            21.6173611
          ],
          [
            108.65975,
            21.6093056
          ],
          [
            108.6565,
            21.60175
          ],
          [
            108.6558056,
            21.6006111
          ],
          [
            108.6354444,
            21.5671944
          ],
          [
            108.635,
            21.4620833
          ]
        ]
      },
      "id": "way/856218597"
    },
    {
      "type": "Feature",
      "properties": {
        "@id": "way/864611606",
        "seamark:type": "separation_boundary"
      },
      "geometry": {
        "type": "LineString",
        "coordinates": [
          [
            113.82885,
            22.1634167
          ],
          [
            113.8419333,
            22.1372833
          ],
          [
            113.8419333,
            22.1057333
          ]
        ]
      },
      "id": "way/864611606"
    },
    {
      "type": "Feature",
      "properties": {
        "@id": "way/864611607",
        "seamark:type": "separation_boundary"
      },
      "geometry": {
        "type": "LineString",
        "coordinates": [
          [
            113.8555167,
            22.1057333
          ],
          [
            113.8555167,
            22.1401833
          ],
          [
            113.8418,
            22.1675333
          ]
        ]
      },
      "id": "way/864611607"
    },
    {
      "type": "Feature",
      "properties": {
        "@id": "way/864611608",
        "seamark:type": "separation_boundary"
      },
      "geometry": {
        "type": "LineString",
        "coordinates": [
          [
            113.8107,
            22.2312
          ],
          [
            113.8186,
            22.1964333
          ]
        ]
      },
      "id": "way/864611608"
    },
    {
      "type": "Feature",
      "properties": {
        "@id": "way/864611609",
        "seamark:type": "separation_boundary"
      },
      "geometry": {
        "type": "LineString",
        "coordinates": [
          [
            113.83175,
            22.1994
          ],
          [
            113.8239833,
            22.2337
          ]
        ]
      },
      "id": "way/864611609"
    },
    {
      "type": "Feature",
      "properties": {
        "@id": "way/864611611",
        "seamark:type": "separation_boundary"
      },
      "geometry": {
        "type": "LineString",
        "coordinates": [
          [
            113.8102167,
            22.1838833
          ],
          [
            113.7974167,
            22.18555
          ]
        ]
      },
      "id": "way/864611611"
    },
    {
      "type": "Feature",
      "properties": {
        "@id": "way/864611612",
        "seamark:type": "separation_boundary"
      },
      "geometry": {
        "type": "LineString",
        "coordinates": [
          [
            113.8175,
            22.1957
          ],
          [
            113.7993833,
            22.1980667
          ]
        ]
      },
      "id": "way/864611612"
    },
    {
      "type": "Feature",
      "properties": {
        "@id": "way/864611614",
        "seamark:type": "separation_boundary"
      },
      "geometry": {
        "type": "LineString",
        "coordinates": [
          [
            113.8420167,
            22.1677
          ],
          [
            113.88825,
            22.1364
          ]
        ]
      },
      "id": "way/864611614"
    },
    {
      "type": "Feature",
      "properties": {
        "@id": "way/864611615",
        "seamark:type": "separation_boundary"
      },
      "geometry": {
        "type": "LineString",
        "coordinates": [
          [
            113.8486333,
            22.1788333
          ],
          [
            113.8962333,
            22.1466333
          ]
        ]
      },
      "id": "way/864611615"
    },
    {
      "type": "Feature",
      "properties": {
        "@id": "way/865365337",
        "seamark:type": "separation_boundary",
        "source": "China MSA Notice No. 1196/2020"
      },
      "geometry": {
        "type": "LineString",
        "coordinates": [
          [
            113.7516111,
            22.4901111
          ],
          [
            113.6998333,
            22.6304444
          ]
        ]
      },
      "id": "way/865365337"
    },
    {
      "type": "Feature",
      "properties": {
        "@id": "way/865365338",
        "seamark:type": "separation_boundary",
        "source": "China MSA Notice No. 1196/2020"
      },
      "geometry": {
        "type": "LineString",
        "coordinates": [
          [
            113.7481111,
            22.4888056
          ],
          [
            113.70125,
            22.6158056
          ],
          [
            113.6963611,
            22.6291389
          ]
        ]
      },
      "id": "way/865365338"
    },
    {
      "type": "Feature",
      "properties": {
        "@id": "way/868184428",
        "seamark:type": "separation_boundary",
        "source": "China MSA Notice No. 542/2019"
      },
      "geometry": {
        "type": "LineString",
        "coordinates": [
          [
            120.25,
            35.9915556
          ],
          [
            120.2491166,
            35.9878915
          ],
          [
            120.2483056,
            35.9845278
          ],
          [
            120.2474722,
            35.9834722
          ]
        ]
      },
      "id": "way/868184428"
    },
    {
      "type": "Feature",
      "properties": {
        "@id": "way/868184430",
        "seamark:type": "separation_boundary",
        "source": "China MSA Notice No. 542/2019"
      },
      "geometry": {
        "type": "LineString",
        "coordinates": [
          [
            120.2486944,
            35.9917778
          ],
          [
            120.2474167,
            35.9864722
          ],
          [
            120.2450556,
            35.9833333
          ]
        ]
      },
      "id": "way/868184430"
    },
    {
      "type": "Feature",
      "properties": {
        "@id": "way/868324473",
        "seamark:type": "separation_boundary"
      },
      "geometry": {
        "type": "LineString",
        "coordinates": [
          [
            114.34245,
            22.1337
          ],
          [
            114.25515,
            22.1385333
          ]
        ]
      },
      "id": "way/868324473"
    },
    {
      "type": "Feature",
      "properties": {
        "@id": "way/868324474",
        "seamark:type": "separation_boundary"
      },
      "geometry": {
        "type": "LineString",
        "coordinates": [
          [
            114.25515,
            22.11005
          ],
          [
            114.34245,
            22.1052
          ]
        ]
      },
      "id": "way/868324474"
    },
    {
      "type": "Feature",
      "properties": {
        "@id": "way/868324475",
        "seamark:type": "separation_boundary"
      },
      "geometry": {
        "type": "LineString",
        "coordinates": [
          [
            114.1075,
            22.1182167
          ],
          [
            114.1961833,
            22.1133
          ]
        ]
      },
      "id": "way/868324475"
    },
    {
      "type": "Feature",
      "properties": {
        "@id": "way/868324476",
        "seamark:type": "separation_boundary"
      },
      "geometry": {
        "type": "LineString",
        "coordinates": [
          [
            114.1961833,
            22.1417833
          ],
          [
            114.1075,
            22.1467
          ]
        ]
      },
      "id": "way/868324476"
    },
    {
      "type": "Feature",
      "properties": {
        "@id": "way/870818229",
        "seamark:type": "separation_boundary",
        "source": "China MSA Notice No. 956/2020"
      },
      "geometry": {
        "type": "LineString",
        "coordinates": [
          [
            108.62925,
            21.6851389
          ],
          [
            108.6545556,
            21.6510278
          ],
          [
            108.6673611,
            21.6124167
          ],
          [
            108.6590833,
            21.5988611
          ]
        ]
      },
      "id": "way/870818229"
    },
    {
      "type": "Feature",
      "properties": {
        "@id": "way/871184453",
        "seamark:type": "separation_boundary",
        "source": "China MSA Notice No. 1350/2020"
      },
      "geometry": {
        "type": "LineString",
        "coordinates": [
          [
            119.6016389,
            34.6342778
          ],
          [
            119.6155,
            34.6232222
          ],
          [
            119.6235833,
            34.61675
          ]
        ]
      },
      "id": "way/871184453"
    },
    {
      "type": "Feature",
      "properties": {
        "@id": "way/871184454",
        "seamark:type": "separation_boundary",
        "source": "China MSA Notice No. 1350/2020"
      },
      "geometry": {
        "type": "LineString",
        "coordinates": [
          [
            119.6022778,
            34.6361111
          ],
          [
            119.6168889,
            34.6244444
          ],
          [
            119.6249722,
            34.6179722
          ]
        ]
      },
      "id": "way/871184454"
    },
    {
      "type": "Feature",
      "properties": {
        "@id": "way/877742047",
        "seamark:type": "separation_boundary",
        "source": "China MSA Notice No. 1396/2020"
      },
      "geometry": {
        "type": "LineString",
        "coordinates": [
          [
            120.8209722,
            33.7267222
          ],
          [
            120.9002222,
            33.9191667
          ]
        ]
      },
      "id": "way/877742047"
    },
    {
      "type": "Feature",
      "properties": {
        "@id": "way/877742048",
        "seamark:type": "separation_boundary",
        "source": "China MSA Notice No. 1396/2020"
      },
      "geometry": {
        "type": "LineString",
        "coordinates": [
          [
            120.8823333,
            33.22225
          ],
          [
            120.7982222,
            33.4537222
          ],
          [
            120.8195833,
            33.7271111
          ]
        ]
      },
      "id": "way/877742048"
    },
    {
      "type": "Feature",
      "properties": {
        "@id": "way/877742049",
        "seamark:type": "separation_boundary",
        "source": "China MSA Notice No. 1396/2020"
      },
      "geometry": {
        "type": "LineString",
        "coordinates": [
          [
            120.8158611,
            33.7281667
          ],
          [
            120.8951111,
            33.9206111
          ]
        ]
      },
      "id": "way/877742049"
    },
    {
      "type": "Feature",
      "properties": {
        "@id": "way/877742050",
        "seamark:type": "separation_boundary",
        "source": "China MSA Notice No. 1396/2020"
      },
      "geometry": {
        "type": "LineString",
        "coordinates": [
          [
            120.8801667,
            33.2216944
          ],
          [
            120.7958333,
            33.4538333
          ],
          [
            120.81725,
            33.7277778
          ]
        ]
      },
      "id": "way/877742050"
    },
    {
      "type": "Feature",
      "properties": {
        "@id": "way/898515747",
        "seamark:type": "separation_boundary"
      },
      "geometry": {
        "type": "LineString",
        "coordinates": [
          [
            13.4007453,
            38.1572031
          ],
          [
            13.3920121,
            38.1332317
          ]
        ]
      },
      "id": "way/898515747"
    },
    {
      "type": "Feature",
      "properties": {
        "@id": "way/898515748",
        "seamark:type": "separation_boundary"
      },
      "geometry": {
        "type": "LineString",
        "coordinates": [
          [
            13.4051871,
            38.1245305
          ],
          [
            13.4335756,
            38.1355355
          ]
        ]
      },
      "id": "way/898515748"
    },
    {
      "type": "Feature",
      "properties": {
        "@id": "way/898521091",
        "seamark:type": "separation_boundary"
      },
      "geometry": {
        "type": "LineString",
        "coordinates": [
          [
            15.1566266,
            37.4763567
          ],
          [
            15.1150862,
            37.4770396
          ]
        ]
      },
      "id": "way/898521091"
    },
    {
      "type": "Feature",
      "properties": {
        "@id": "way/898521092",
        "seamark:type": "separation_boundary"
      },
      "geometry": {
        "type": "LineString",
        "coordinates": [
          [
            15.1104342,
            37.466743
          ],
          [
            15.142722,
            37.4459369
          ]
        ]
      },
      "id": "way/898521092"
    },
    {
      "type": "Feature",
      "properties": {
        "@id": "way/898527701",
        "seamark:type": "separation_boundary"
      },
      "geometry": {
        "type": "LineString",
        "coordinates": [
          [
            10.040904,
            37.5399565
          ],
          [
            10.2227878,
            37.5399933
          ]
        ]
      },
      "id": "way/898527701"
    },
    {
      "type": "Feature",
      "properties": {
        "@id": "way/898527703",
        "seamark:type": "separation_boundary"
      },
      "geometry": {
        "type": "LineString",
        "coordinates": [
          [
            10.2228058,
            37.6734483
          ],
          [
            10.0411055,
            37.673324
          ]
        ]
      },
      "id": "way/898527703"
    },
    {
      "type": "Feature",
      "properties": {
        "@id": "way/899261341",
        "seamark:type": "separation_boundary"
      },
      "geometry": {
        "type": "LineString",
        "coordinates": [
          [
            4.9562502,
            43.3737829
          ],
          [
            5.0062465,
            43.1998578
          ]
        ]
      },
      "id": "way/899261341"
    },
    {
      "type": "Feature",
      "properties": {
        "@id": "way/899261342",
        "seamark:type": "separation_boundary"
      },
      "geometry": {
        "type": "LineString",
        "coordinates": [
          [
            5.0543117,
            43.199107
          ],
          [
            4.9677515,
            43.3735021
          ]
        ]
      },
      "id": "way/899261342"
    },
    {
      "type": "Feature",
      "properties": {
        "@id": "way/899368413",
        "seamark:type": "separation_boundary"
      },
      "geometry": {
        "type": "LineString",
        "coordinates": [
          [
            9.8715806,
            44.026813
          ],
          [
            9.8665166,
            44.0498354
          ],
          [
            9.9256753,
            44.0169534
          ],
          [
            9.9256324,
            44.0027553
          ]
        ]
      },
      "id": "way/899368413"
    },
    {
      "type": "Feature",
      "properties": {
        "@id": "way/899368417",
        "seamark:type": "separation_boundary"
      },
      "geometry": {
        "type": "LineString",
        "coordinates": [
          [
            9.8511636,
            44.0669209
          ],
          [
            9.8626649,
            44.0496619
          ],
          [
            9.8679006,
            44.0263964
          ]
        ]
      },
      "id": "way/899368417"
    },
    {
      "type": "Feature",
      "properties": {
        "@id": "way/899368418",
        "seamark:type": "separation_boundary"
      },
      "geometry": {
        "type": "LineString",
        "coordinates": [
          [
            9.948442,
            44.0191446
          ],
          [
            9.9276923,
            44.0191601
          ],
          [
            9.8687053,
            44.0517863
          ],
          [
            9.856064,
            44.0687325
          ]
        ]
      },
      "id": "way/899368418"
    },
    {
      "type": "Feature",
      "properties": {
        "@id": "way/899370418",
        "seamark:type": "separation_boundary"
      },
      "geometry": {
        "type": "LineString",
        "coordinates": [
          [
            11.7213392,
            42.1113245
          ],
          [
            11.6842818,
            42.0998464
          ]
        ]
      },
      "id": "way/899370418"
    },
    {
      "type": "Feature",
      "properties": {
        "@id": "way/899370421",
        "seamark:type": "separation_boundary"
      },
      "geometry": {
        "type": "LineString",
        "coordinates": [
          [
            11.7159154,
            42.0741988
          ],
          [
            11.7343786,
            42.1009804
          ]
        ]
      },
      "id": "way/899370421"
    },
    {
      "type": "Feature",
      "properties": {
        "@id": "way/899711692",
        "seamark:type": "separation_boundary"
      },
      "geometry": {
        "type": "LineString",
        "coordinates": [
          [
            13.4372808,
            43.790898
          ],
          [
            13.4250365,
            43.714546
          ]
        ]
      },
      "id": "way/899711692"
    },
    {
      "type": "Feature",
      "properties": {
        "@id": "way/899711693",
        "seamark:type": "separation_boundary"
      },
      "geometry": {
        "type": "LineString",
        "coordinates": [
          [
            13.4632449,
            43.6965081
          ],
          [
            13.5159874,
            43.7742911
          ]
        ]
      },
      "id": "way/899711693"
    },
    {
      "type": "Feature",
      "properties": {
        "@id": "way/899788532",
        "seamark:type": "separation_boundary"
      },
      "geometry": {
        "type": "LineString",
        "coordinates": [
          [
            31.7834043,
            31.629012
          ],
          [
            31.7845833,
            31.6362503
          ],
          [
            31.7859022,
            31.643222
          ],
          [
            31.7871487,
            31.6441477
          ],
          [
            31.7919077,
            31.6470739
          ],
          [
            31.7966667,
            31.65
          ],
          [
            31.800128,
            31.6458851
          ],
          [
            31.8035893,
            31.64177
          ],
          [
            31.8043487,
            31.6408672
          ],
          [
            31.8021652,
            31.6329007
          ],
          [
            31.8,
            31.625
          ],
          [
            31.7834043,
            31.629012
          ]
        ]
      },
      "id": "way/899788532"
    },
    {
      "type": "Feature",
      "properties": {
        "@id": "way/899789899",
        "seamark:type": "separation_boundary"
      },
      "geometry": {
        "type": "LineString",
        "coordinates": [
          [
            32.6063917,
            31.7667051
          ],
          [
            32.6063917,
            31.7100607
          ],
          [
            32.739601,
            31.7777964
          ]
        ]
      },
      "id": "way/899789899"
    },
    {
      "type": "Feature",
      "properties": {
        "@id": "way/901461968",
        "seamark:type": "separation_boundary"
      },
      "geometry": {
        "type": "LineString",
        "coordinates": [
          [
            14.8550391,
            36.6916937
          ],
          [
            14.8627391,
            36.7113687
          ]
        ]
      },
      "id": "way/901461968"
    },
    {
      "type": "Feature",
      "properties": {
        "@id": "way/901461973",
        "seamark:type": "separation_boundary"
      },
      "geometry": {
        "type": "LineString",
        "coordinates": [
          [
            14.8434304,
            36.7044487
          ],
          [
            14.8342037,
            36.6916851
          ]
        ]
      },
      "id": "way/901461973"
    },
    {
      "type": "Feature",
      "properties": {
        "@id": "way/917174990",
        "seamark:type": "separation_boundary"
      },
      "geometry": {
        "type": "LineString",
        "coordinates": [
          [
            8.9420127,
            44.3761405
          ],
          [
            8.9541149,
            44.3343164
          ]
        ]
      },
      "id": "way/917174990"
    },
    {
      "type": "Feature",
      "properties": {
        "@id": "way/917174991",
        "seamark:type": "separation_boundary"
      },
      "geometry": {
        "type": "LineString",
        "coordinates": [
          [
            8.9938116,
            44.3342244
          ],
          [
            8.9605415,
            44.3811095
          ]
        ]
      },
      "id": "way/917174991"
    },
    {
      "type": "Feature",
      "properties": {
        "@id": "way/945473874",
        "seamark:type": "separation_boundary"
      },
      "geometry": {
        "type": "LineString",
        "coordinates": [
          [
            17.7913333,
            54.9798333
          ],
          [
            17.6978333,
            54.9685
          ],
          [
            17.5973333,
            54.9321667
          ],
          [
            17.563,
            54.931
          ]
        ]
      },
      "id": "way/945473874"
    },
    {
      "type": "Feature",
      "properties": {
        "@id": "way/945473876",
        "seamark:type": "separation_boundary",
        "source": "UfS 2021-05-20 Nr 859"
      },
      "geometry": {
        "type": "LineString",
        "coordinates": [
          [
            17.5633333,
            54.8601667
          ],
          [
            17.6286667,
            54.8578333
          ],
          [
            17.791,
            54.8711667
          ]
        ]
      },
      "id": "way/945473876"
    },
    {
      "type": "Feature",
      "properties": {
        "@id": "way/964569474",
        "seamark:type": "separation_boundary"
      },
      "geometry": {
        "type": "LineString",
        "coordinates": [
          [
            26.7001667,
            40.3931667
          ],
          [
            26.6633333,
            40.3555556
          ],
          [
            26.6441667,
            40.3358333
          ],
          [
            26.572,
            40.2806667
          ]
        ]
      },
      "id": "way/964569474"
    },
    {
      "type": "Feature",
      "properties": {
        "@id": "way/964569475",
        "seamark:type": "separation_boundary"
      },
      "geometry": {
        "type": "LineString",
        "coordinates": [
          [
            26.6761667,
            40.3988333
          ],
          [
            26.6633333,
            40.3838889
          ],
          [
            26.6285,
            40.3436667
          ],
          [
            26.5903333,
            40.3173333
          ]
        ]
      },
      "id": "way/964569475"
    },
    {
      "type": "Feature",
      "properties": {
        "@id": "way/971383791",
        "seamark:type": "separation_boundary",
        "source": "China MSA Notice No. 1334/2018"
      },
      "geometry": {
        "type": "LineString",
        "coordinates": [
          [
            113.6503333,
            22.2582222
          ],
          [
            113.6553889,
            22.2407778
          ]
        ]
      },
      "id": "way/971383791"
    },
    {
      "type": "Feature",
      "properties": {
        "@id": "way/971383792",
        "seamark:type": "separation_boundary",
        "source": "China MSA Notice No. 1334/2018"
      },
      "geometry": {
        "type": "LineString",
        "coordinates": [
          [
            113.6435,
            22.2565
          ],
          [
            113.6485556,
            22.2390556
          ]
        ]
      },
      "id": "way/971383792"
    },
    {
      "type": "Feature",
      "properties": {
        "@id": "way/971383793",
        "seamark:type": "separation_boundary",
        "source": "China MSA Notice No. 1333/2018"
      },
      "geometry": {
        "type": "LineString",
        "coordinates": [
          [
            113.7354444,
            22.2998333
          ],
          [
            113.7355278,
            22.2663889
          ]
        ]
      },
      "id": "way/971383793"
    },
    {
      "type": "Feature",
      "properties": {
        "@id": "way/971383794",
        "seamark:type": "separation_boundary",
        "source": "China MSA Notice No. 1333/2018"
      },
      "geometry": {
        "type": "LineString",
        "coordinates": [
          [
            113.7278611,
            22.2998056
          ],
          [
            113.7279167,
            22.2663889
          ]
        ]
      },
      "id": "way/971383794"
    },
    {
      "type": "Feature",
      "properties": {
        "@id": "way/971908446",
        "note": "Do not move or modify geometry - points mapped according to a set of WGS84 coordinates",
        "seamark:type": "separation_boundary"
      },
      "geometry": {
        "type": "LineString",
        "coordinates": [
          [
            43.4838333,
            12.5781667
          ],
          [
            43.3701667,
            12.6416667
          ],
          [
            43.0783333,
            13.25
          ]
        ]
      },
      "id": "way/971908446"
    },
    {
      "type": "Feature",
      "properties": {
        "@id": "way/971908447",
        "note": "Do not move or modify geometry - points mapped according to a set of WGS84 coordinates",
        "seamark:type": "separation_boundary"
      },
      "geometry": {
        "type": "LineString",
        "coordinates": [
          [
            43.0286667,
            13.199
          ],
          [
            43.3163333,
            12.5963333
          ],
          [
            43.4506667,
            12.5208333
          ]
        ]
      },
      "id": "way/971908447"
    },
    {
      "type": "Feature",
      "properties": {
        "@id": "way/985161964",
        "seamark:type": "separation_boundary",
        "source": "China MSA Notice No. 1224/2021"
      },
      "geometry": {
        "type": "LineString",
        "coordinates": [
          [
            108.5984167,
            21.7030278
          ],
          [
            108.59675,
            21.7040278
          ],
          [
            108.5929444,
            21.7061667
          ],
          [
            108.5878056,
            21.7106111
          ],
          [
            108.5853056,
            21.7137778
          ],
          [
            108.5838333,
            21.7158889
          ],
          [
            108.5821389,
            21.7182778
          ],
          [
            108.5786111,
            21.7233056
          ]
        ]
      },
      "id": "way/985161964"
    },
    {
      "type": "Feature",
      "properties": {
        "@id": "way/985161965",
        "seamark:type": "separation_boundary",
        "source": "China MSA Notice No. 1224/2021"
      },
      "geometry": {
        "type": "LineString",
        "coordinates": [
          [
            108.5776667,
            21.7228333
          ],
          [
            108.5776944,
            21.7227778
          ],
          [
            108.5809167,
            21.7174722
          ],
          [
            108.5815,
            21.7164444
          ],
          [
            108.5886111,
            21.7074444
          ],
          [
            108.589,
            21.7069722
          ],
          [
            108.5905556,
            21.7060278
          ],
          [
            108.5941389,
            21.7038056
          ]
        ]
      },
      "id": "way/985161965"
    },
    {
      "type": "Feature",
      "properties": {
        "@id": "way/993764459",
        "seamark:type": "separation_boundary"
      },
      "geometry": {
        "type": "LineString",
        "coordinates": [
          [
            5.6766667,
            64.2783333
          ],
          [
            5.5483333,
            64.1583333
          ]
        ]
      },
      "id": "way/993764459"
    },
    {
      "type": "Feature",
      "properties": {
        "@id": "way/993764460",
        "seamark:type": "separation_boundary"
      },
      "geometry": {
        "type": "LineString",
        "coordinates": [
          [
            5.4016667,
            64.335
          ],
          [
            5.2716667,
            64.2133333
          ]
        ]
      },
      "id": "way/993764460"
    },
    {
      "type": "Feature",
      "properties": {
        "@id": "way/993764467",
        "seamark:type": "separation_boundary"
      },
      "geometry": {
        "type": "LineString",
        "coordinates": [
          [
            7.325,
            65.78
          ],
          [
            7.1883333,
            65.66
          ]
        ]
      },
      "id": "way/993764467"
    },
    {
      "type": "Feature",
      "properties": {
        "@id": "way/993764468",
        "seamark:type": "separation_boundary"
      },
      "geometry": {
        "type": "LineString",
        "coordinates": [
          [
            7.0333333,
            65.8366667
          ],
          [
            6.8966667,
            65.715
          ]
        ]
      },
      "id": "way/993764468"
    },
    {
      "type": "Feature",
      "properties": {
        "@id": "way/995911196",
        "seamark:type": "separation_boundary"
      },
      "geometry": {
        "type": "LineString",
        "coordinates": [
          [
            28.6005009,
            60.0308632
          ],
          [
            28.4422503,
            59.9425166
          ],
          [
            28.3764274,
            59.9350767
          ],
          [
            28.1557389,
            59.9377226
          ],
          [
            28.0396276,
            59.9390839
          ],
          [
            27.9845448,
            59.9140067
          ],
          [
            27.8852031,
            59.8199098
          ],
          [
            27.849952,
            59.819888
          ],
          [
            27.7614495,
            59.8612853
          ],
          [
            27.5912656,
            59.8556299
          ],
          [
            27.4182085,
            59.849878
          ],
          [
            27.2437968,
            59.9067153
          ],
          [
            27.0795416,
            59.960154
          ]
        ]
      },
      "id": "way/995911196"
    },
    {
      "type": "Feature",
      "properties": {
        "@id": "way/995911197",
        "seamark:type": "separation_boundary"
      },
      "geometry": {
        "type": "LineString",
        "coordinates": [
          [
            28.5788833,
            60.0312333
          ],
          [
            28.433412,
            59.9500533
          ],
          [
            28.3747718,
            59.9434269
          ],
          [
            28.1561279,
            59.9460476
          ],
          [
            28.1373937,
            59.9462672
          ],
          [
            28.0333694,
            59.9474864
          ],
          [
            27.9712153,
            59.9191957
          ],
          [
            27.875192,
            59.8282604
          ],
          [
            27.8564846,
            59.8282489
          ],
          [
            27.7675201,
            59.8698517
          ],
          [
            27.5900107,
            59.8639543
          ],
          [
            27.4226271,
            59.8583923
          ],
          [
            27.2535575,
            59.9134821
          ],
          [
            27.0953702,
            59.9649434
          ]
        ]
      },
      "id": "way/995911197"
    },
    {
      "type": "Feature",
      "properties": {
        "@id": "way/1021998857",
        "seamark:type": "separation_boundary"
      },
      "geometry": {
        "type": "LineString",
        "coordinates": [
          [
            16.8533333,
            56.0583333
          ],
          [
            16.7757968,
            56.0257233
          ],
          [
            16.65,
            55.9783333
          ]
        ]
      },
      "id": "way/1021998857"
    },
    {
      "type": "Feature",
      "properties": {
        "@id": "way/1031697591",
        "note": "Do not move - points mapped according to a set of WGS84 coordinates",
        "seamark:type": "separation_boundary",
        "source": "Ships' Routeing",
        "start_date": "2002"
      },
      "geometry": {
        "type": "LineString",
        "coordinates": [
          [
            42.753,
            13.5041667
          ],
          [
            42.673,
            13.5676667
          ],
          [
            42.615,
            13.6803333
          ]
        ]
      },
      "id": "way/1031697591"
    },
    {
      "type": "Feature",
      "properties": {
        "@id": "way/1031697592",
        "note": "Do not move - points mapped according to a set of WGS84 coordinates",
        "seamark:type": "separation_boundary",
        "source": "Ships' Routeing",
        "start_date": "2002"
      },
      "geometry": {
        "type": "LineString",
        "coordinates": [
          [
            42.4988333,
            13.6233333
          ],
          [
            42.5646667,
            13.497
          ],
          [
            42.6841667,
            13.4203333
          ]
        ]
      },
      "id": "way/1031697592"
    },
    {
      "type": "Feature",
      "properties": {
        "@id": "way/1031922507",
        "seamark:status": "tempory",
        "seamark:type": "separation_boundary",
        "source": "Ukraine Coastal Warning 60/22",
        "start_date": "2022-02-15"
      },
      "geometry": {
        "type": "LineString",
        "coordinates": [
          [
            30.7229028,
            45.9941167
          ],
          [
            30.7309833,
            46.0310722
          ]
        ]
      },
      "id": "way/1031922507"
    },
    {
      "type": "Feature",
      "properties": {
        "@id": "way/1031922510",
        "seamark:status": "tempory",
        "seamark:type": "separation_boundary",
        "source": "Ukraine Coastal Warning 60/22",
        "start_date": "2022-02-15"
      },
      "geometry": {
        "type": "LineString",
        "coordinates": [
          [
            30.7295111,
            45.9828694
          ],
          [
            30.7556694,
            46.0199889
          ]
        ]
      },
      "id": "way/1031922510"
    },
    {
      "type": "Feature",
      "properties": {
        "@id": "way/1031960109",
        "seamark:type": "separation_boundary",
        "source": "Republic of the Philippines Dapartment on Transportation – Memorandum Circular No. 2017-002",
        "start_date": "2017-03-31"
      },
      "geometry": {
        "type": "LineString",
        "coordinates": [
          [
            122.3875194,
            6.6650139
          ],
          [
            122.1823528,
            6.8291528
          ]
        ]
      },
      "id": "way/1031960109"
    },
    {
      "type": "Feature",
      "properties": {
        "@id": "way/1031960112",
        "seamark:type": "separation_boundary",
        "source": "Republic of the Philippines Dapartment on Transportation – Memorandum Circular No. 2017-002",
        "start_date": "2017-03-31"
      },
      "geometry": {
        "type": "LineString",
        "coordinates": [
          [
            122.3919972,
            6.6784889
          ],
          [
            124.4851278,
            5.8941972
          ]
        ]
      },
      "id": "way/1031960112"
    },
    {
      "type": "Feature",
      "properties": {
        "@id": "way/1031960115",
        "seamark:type": "separation_boundary",
        "source": "Republic of the Philippines Dapartment on Transportation – Memorandum Circular No. 2017-002",
        "start_date": "2017-03-31"
      },
      "geometry": {
        "type": "LineString",
        "coordinates": [
          [
            122.3929778,
            6.6876556
          ],
          [
            122.2028528,
            6.8424417
          ]
        ]
      },
      "id": "way/1031960115"
    },
    {
      "type": "Feature",
      "properties": {
        "@id": "way/1031960116",
        "seamark:type": "separation_boundary",
        "source": "Republic of the Philippines Dapartment on Transportation – Memorandum Circular No. 2017-002",
        "start_date": "2017-03-31"
      },
      "geometry": {
        "type": "LineString",
        "coordinates": [
          [
            122.398375,
            6.7016472
          ],
          [
            124.49505,
            5.9129889
          ]
        ]
      },
      "id": "way/1031960116"
    },
    {
      "type": "Feature",
      "properties": {
        "@id": "way/1031960117",
        "seamark:type": "separation_boundary",
        "source": "Republic of the Philippines Dapartment on Transportation – Memorandum Circular No. 2017-002",
        "start_date": "2017-03-31"
      },
      "geometry": {
        "type": "LineString",
        "coordinates": [
          [
            124.4783889,
            5.8828056
          ],
          [
            122.3875194,
            6.6650139
          ]
        ]
      },
      "id": "way/1031960117"
    },
    {
      "type": "Feature",
      "properties": {
        "@id": "way/1031960121",
        "seamark:type": "separation_boundary",
        "source": "Republic of the Philippines Dapartment on Transportation – Memorandum Circular No. 2017-002",
        "start_date": "2017-03-31"
      },
      "geometry": {
        "type": "LineString",
        "coordinates": [
          [
            124.4888333,
            5.9007056
          ],
          [
            122.3929778,
            6.6876556
          ]
        ]
      },
      "id": "way/1031960121"
    },
    {
      "type": "Feature",
      "properties": {
        "@id": "way/1031960125",
        "seamark:type": "separation_boundary",
        "source": "Republic of the Philippines Dapartment on Transportation – Memorandum Circular No. 2017-002",
        "start_date": "2017-03-31"
      },
      "geometry": {
        "type": "LineString",
        "coordinates": [
          [
            122.1957667,
            6.8381056
          ],
          [
            122.3919972,
            6.6784889
          ]
        ]
      },
      "id": "way/1031960125"
    },
    {
      "type": "Feature",
      "properties": {
        "@id": "way/1031960126",
        "seamark:type": "separation_boundary",
        "source": "Republic of the Philippines Dapartment on Transportation – Memorandum Circular No. 2017-002",
        "start_date": "2017-03-31"
      },
      "geometry": {
        "type": "LineString",
        "coordinates": [
          [
            122.2151417,
            6.8505556
          ],
          [
            122.398375,
            6.7016472
          ]
        ]
      },
      "id": "way/1031960126"
    },
    {
      "type": "Feature",
      "properties": {
        "@id": "way/1032648168",
        "seamark:type": "separation_boundary"
      },
      "geometry": {
        "type": "LineString",
        "coordinates": [
          [
            -71.0519873,
            43.9852196
          ],
          [
            -71.0521588,
            43.9850815
          ],
          [
            -71.052271,
            43.9850106
          ],
          [
            -71.0523226,
            43.9849745
          ],
          [
            -71.0524586,
            43.9848793
          ],
          [
            -71.0525849,
            43.9847573
          ],
          [
            -71.0526463,
            43.9845989
          ],
          [
            -71.0526896,
            43.984321
          ],
          [
            -71.0528375,
            43.9838913
          ],
          [
            -71.0529747,
            43.9834174
          ],
          [
            -71.0537048,
            43.9826604
          ],
          [
            -71.0538936,
            43.9822234
          ],
          [
            -71.0539498,
            43.981588
          ],
          [
            -71.0539957,
            43.981118
          ],
          [
            -71.0544805,
            43.9805965
          ],
          [
            -71.054649,
            43.9796564
          ],
          [
            -71.0547102,
            43.9790725
          ],
          [
            -71.0547868,
            43.9789586
          ],
          [
            -71.0550572,
            43.9788668
          ],
          [
            -71.056083,
            43.9788852
          ],
          [
            -71.0568026,
            43.9789696
          ],
          [
            -71.0578336,
            43.9792965
          ],
          [
            -71.0586297,
            43.9800714
          ],
          [
            -71.0602832,
            43.9803982
          ],
          [
            -71.061391,
            43.9795666
          ]
        ]
      },
      "id": "way/1032648168"
    },
    {
      "type": "Feature",
      "properties": {
        "@id": "way/1032648169",
        "seamark:type": "separation_boundary"
      },
      "geometry": {
        "type": "LineString",
        "coordinates": [
          [
            -71.0588905,
            43.9784224
          ],
          [
            -71.0593964,
            43.9790568
          ],
          [
            -71.0591106,
            43.9797656
          ],
          [
            -71.0589422,
            43.9797839
          ],
          [
            -71.0578807,
            43.979189
          ],
          [
            -71.0568341,
            43.9788747
          ],
          [
            -71.0560846,
            43.9787983
          ],
          [
            -71.0550559,
            43.9787743
          ],
          [
            -71.0547221,
            43.978866
          ],
          [
            -71.0545764,
            43.9790254
          ],
          [
            -71.0544854,
            43.9796412
          ],
          [
            -71.0543154,
            43.9805692
          ],
          [
            -71.0538602,
            43.9810671
          ],
          [
            -71.0537905,
            43.9815868
          ],
          [
            -71.0536964,
            43.9821982
          ],
          [
            -71.0535355,
            43.9826174
          ],
          [
            -71.0528619,
            43.9833729
          ],
          [
            -71.052701,
            43.983862
          ],
          [
            -71.0525797,
            43.9843096
          ],
          [
            -71.0525372,
            43.9845891
          ],
          [
            -71.0524856,
            43.9847201
          ],
          [
            -71.0523976,
            43.9848096
          ],
          [
            -71.052255,
            43.9849079
          ],
          [
            -71.0521852,
            43.9849603
          ],
          [
            -71.052085,
            43.9850236
          ],
          [
            -71.0519545,
            43.9851306
          ]
        ]
      },
      "id": "way/1032648169"
    },
    {
      "type": "Feature",
      "properties": {
        "@id": "way/1034443804",
        "seamark:type": "separation_boundary"
      },
      "geometry": {
        "type": "LineString",
        "coordinates": [
          [
            29.1662833,
            41.2340667
          ],
          [
            29.14205,
            41.2217
          ]
        ]
      },
      "id": "way/1034443804"
    },
    {
      "type": "Feature",
      "properties": {
        "@id": "way/1034443805",
        "seamark:type": "separation_boundary"
      },
      "geometry": {
        "type": "LineString",
        "coordinates": [
          [
            29.14205,
            41.2217
          ],
          [
            29.1195667,
            41.2040667
          ],
          [
            29.1125,
            41.1935167
          ],
          [
            29.0863,
            41.1791167
          ],
          [
            29.0635333,
            41.1570167
          ],
          [
            29.0643667,
            41.1465333
          ],
          [
            29.0887167,
            41.12235
          ],
          [
            29.0895833,
            41.119
          ],
          [
            29.0662667,
            41.1048667
          ],
          [
            29.06375,
            41.0998667
          ],
          [
            29.0649167,
            41.0818833
          ],
          [
            29.0551167,
            41.0740333
          ],
          [
            29.04895,
            41.0507
          ],
          [
            29.0029,
            41.0240667
          ],
          [
            29.0007167,
            41.01735
          ],
          [
            29.0007833,
            40.9464
          ],
          [
            28.9767167,
            40.9578667
          ]
        ]
      },
      "id": "way/1034443805"
    },
    {
      "type": "Feature",
      "properties": {
        "@id": "way/1034443806",
        "seamark:type": "separation_boundary"
      },
      "geometry": {
        "type": "LineString",
        "coordinates": [
          [
            28.9680667,
            40.9620167
          ],
          [
            28.9532333,
            40.9692
          ],
          [
            28.9894,
            40.9907167
          ],
          [
            28.9903833,
            41.02055
          ],
          [
            28.9950833,
            41.0279167
          ],
          [
            29.0340333,
            41.0485333
          ],
          [
            29.0471,
            41.0678667
          ],
          [
            29.0486333,
            41.0751833
          ],
          [
            29.05625,
            41.0810333
          ],
          [
            29.05845,
            41.08455
          ],
          [
            29.0579167,
            41.1032
          ],
          [
            29.07655,
            41.1236667
          ],
          [
            29.0540333,
            41.1495167
          ],
          [
            29.0543667,
            41.1577
          ],
          [
            29.0744333,
            41.1741333
          ],
          [
            29.1010833,
            41.1979333
          ],
          [
            29.1100333,
            41.2040667
          ],
          [
            29.1245333,
            41.22905
          ],
          [
            29.11955,
            41.24405
          ]
        ]
      },
      "id": "way/1034443806"
    },
    {
      "type": "Feature",
      "properties": {
        "@id": "way/1053869592",
        "seamark:type": "separation_boundary"
      },
      "geometry": {
        "type": "LineString",
        "coordinates": [
          [
            116.3920116,
            -35.3861671
          ],
          [
            116.5293476,
            -35.4658682
          ],
          [
            116.662949,
            -35.4543622
          ]
        ]
      },
      "id": "way/1053869592"
    },
    {
      "type": "Feature",
      "properties": {
        "@id": "way/1053869596",
        "seamark:type": "separation_boundary"
      },
      "geometry": {
        "type": "LineString",
        "coordinates": [
          [
            116.6630012,
            -35.5750033
          ],
          [
            116.499975,
            -35.5517122
          ],
          [
            116.3476917,
            -35.4629941
          ]
        ]
      },
      "id": "way/1053869596"
    },
    {
      "type": "Feature",
      "properties": {
        "@id": "way/1053870587",
        "seamark:type": "separation_boundary"
      },
      "geometry": {
        "type": "LineString",
        "coordinates": [
          [
            114.9053372,
            -34.6231769
          ],
          [
            114.7366579,
            -34.525006
          ],
          [
            114.6548983,
            -34.290342
          ],
          [
            114.6150015,
            -34.1750003
          ],
          [
            114.5500034,
            -33.9999995
          ]
        ]
      },
      "id": "way/1053870587"
    },
    {
      "type": "Feature",
      "properties": {
        "@id": "way/1053870591",
        "seamark:type": "separation_boundary"
      },
      "geometry": {
        "type": "LineString",
        "coordinates": [
          [
            114.7166672,
            -33.9999949
          ],
          [
            114.7116715,
            -34.1549512
          ],
          [
            114.8216693,
            -34.4749827
          ],
          [
            114.9496441,
            -34.5493351
          ]
        ]
      },
      "id": "way/1053870591"
    },
    {
      "type": "Feature",
      "properties": {
        "@id": "way/1053873327",
        "seamark:type": "separation_boundary"
      },
      "geometry": {
        "type": "LineString",
        "coordinates": [
          [
            146.2499906,
            -39.179973
          ],
          [
            146.3200373,
            -39.180006
          ],
          [
            146.4333373,
            -39.1500003
          ],
          [
            146.6562302,
            -39.0674874
          ],
          [
            146.7030347,
            -39.0501275
          ],
          [
            146.7499803,
            -39.0333539
          ]
        ]
      },
      "id": "way/1053873327"
    },
    {
      "type": "Feature",
      "properties": {
        "@id": "way/1053873331",
        "seamark:type": "separation_boundary"
      },
      "geometry": {
        "type": "LineString",
        "coordinates": [
          [
            146.2500399,
            -39.3166963
          ],
          [
            146.7487766,
            -39.3100424
          ]
        ]
      },
      "id": "way/1053873331"
    },
    {
      "type": "Feature",
      "properties": {
        "@id": "way/1053876011",
        "seamark:type": "separation_boundary"
      },
      "geometry": {
        "type": "LineString",
        "coordinates": [
          [
            148.1217466,
            -38.7133202
          ],
          [
            148.2200413,
            -38.6833019
          ],
          [
            148.2917073,
            -38.6416324
          ]
        ]
      },
      "id": "way/1053876011"
    },
    {
      "type": "Feature",
      "properties": {
        "@id": "way/1053876015",
        "seamark:type": "separation_boundary"
      },
      "geometry": {
        "type": "LineString",
        "coordinates": [
          [
            148.38335,
            -38.7433369
          ],
          [
            148.2783611,
            -38.7999945
          ],
          [
            148.1799745,
            -38.830007
          ]
        ]
      },
      "id": "way/1053876015"
    },
    {
      "type": "Feature",
      "properties": {
        "@id": "way/1079768711",
        "seamark:type": "separation_boundary"
      },
      "geometry": {
        "type": "LineString",
        "coordinates": [
          [
            19.339328,
            58.098758
          ],
          [
            19.30418,
            58.144982
          ],
          [
            18.460636,
            57.961776
          ],
          [
            18.424244,
            57.899891
          ],
          [
            19.339328,
            58.098758
          ]
        ]
      },
      "id": "way/1079768711"
    },
    {
      "type": "Feature",
      "properties": {
        "@id": "way/1079882891",
        "seamark:type": "separation_boundary"
      },
      "geometry": {
        "type": "LineString",
        "coordinates": [
          [
            12.497377,
            58.474783
          ],
          [
            12.512441,
            58.48111
          ]
        ]
      },
      "id": "way/1079882891"
    },
    {
      "type": "Feature",
      "properties": {
        "@id": "way/1079883826",
        "seamark:type": "separation_boundary"
      },
      "geometry": {
        "type": "LineString",
        "coordinates": [
          [
            12.7738052,
            58.6471899
          ],
          [
            13.151439,
            58.755347
          ]
        ]
      },
      "id": "way/1079883826"
    },
    {
      "type": "Feature",
      "properties": {
        "@id": "way/1079883827",
        "seamark:name": "VÄNERSBORGSLEDEN 6.7m",
        "seamark:type": "separation_boundary"
      },
      "geometry": {
        "type": "LineString",
        "coordinates": [
          [
            13.142685,
            58.765513
          ],
          [
            12.7546145,
            58.6582654
          ]
        ]
      },
      "id": "way/1079883827"
    },
    {
      "type": "Feature",
      "properties": {
        "@id": "way/1079883828",
        "seamark:type": "separation_boundary"
      },
      "geometry": {
        "type": "LineString",
        "coordinates": [
          [
            12.7501589,
            58.6360979
          ],
          [
            12.7738052,
            58.6471899
          ]
        ]
      },
      "id": "way/1079883828"
    },
    {
      "type": "Feature",
      "properties": {
        "@id": "way/1079883829",
        "seamark:type": "separation_boundary"
      },
      "geometry": {
        "type": "LineString",
        "coordinates": [
          [
            12.7546145,
            58.6582654
          ],
          [
            12.7309682,
            58.6471769
          ]
        ]
      },
      "id": "way/1079883829"
    },
    {
      "type": "Feature",
      "properties": {
        "@id": "way/1079883830",
        "seamark:type": "separation_boundary"
      },
      "geometry": {
        "type": "LineString",
        "coordinates": [
          [
            12.512441,
            58.48111
          ],
          [
            12.7501589,
            58.6360979
          ]
        ]
      },
      "id": "way/1079883830"
    },
    {
      "type": "Feature",
      "properties": {
        "@id": "way/1079883831",
        "seamark:name": "VÄNERSBORGSLEDEN 6.7m",
        "seamark:type": "separation_boundary"
      },
      "geometry": {
        "type": "LineString",
        "coordinates": [
          [
            12.7309682,
            58.6471769
          ],
          [
            12.498568,
            58.490184
          ]
        ]
      },
      "id": "way/1079883831"
    },
    {
      "type": "Feature",
      "properties": {
        "@id": "way/1080112634",
        "seamark:type": "separation_boundary"
      },
      "geometry": {
        "type": "LineString",
        "coordinates": [
          [
            39.4326768,
            65.5584604
          ],
          [
            39.4436632,
            65.6220232
          ],
          [
            39.5191942,
            65.6775133
          ]
        ]
      },
      "id": "way/1080112634"
    },
    {
      "type": "Feature",
      "properties": {
        "@id": "way/1080112647",
        "seamark:type": "separation_boundary"
      },
      "geometry": {
        "type": "LineString",
        "coordinates": [
          [
            39.4958482,
            65.2762429
          ],
          [
            39.3901048,
            65.3427858
          ],
          [
            39.3997179,
            65.4137321
          ]
        ]
      },
      "id": "way/1080112647"
    },
    {
      "type": "Feature",
      "properties": {
        "@id": "way/1081620684",
        "seamark:type": "separation_boundary"
      },
      "geometry": {
        "type": "LineString",
        "coordinates": [
          [
            39.6441637,
            65.6554447
          ],
          [
            39.579619,
            65.6118182
          ],
          [
            39.5695719,
            65.5540623
          ],
          [
            39.5577131,
            65.4857268
          ],
          [
            39.5472805,
            65.4254613
          ],
          [
            39.5356737,
            65.3582501
          ],
          [
            39.6070848,
            65.312977
          ]
        ]
      },
      "id": "way/1081620684"
    },
    {
      "type": "Feature",
      "properties": {
        "@id": "way/1081620685",
        "seamark:type": "separation_boundary"
      },
      "geometry": {
        "type": "LineString",
        "coordinates": [
          [
            40.7469164,
            66.3165524
          ],
          [
            40.6154903,
            66.2302257
          ],
          [
            40.4928575,
            66.1494077
          ]
        ]
      },
      "id": "way/1081620685"
    },
    {
      "type": "Feature",
      "properties": {
        "@id": "way/1081620690",
        "seamark:type": "separation_boundary"
      },
      "geometry": {
        "type": "LineString",
        "coordinates": [
          [
            40.1866136,
            66.0993818
          ],
          [
            40.325316,
            66.1888029
          ],
          [
            40.1138292,
            66.1299649
          ]
        ]
      },
      "id": "way/1081620690"
    },
    {
      "type": "Feature",
      "properties": {
        "@id": "way/1081620691",
        "seamark:type": "separation_boundary"
      },
      "geometry": {
        "type": "LineString",
        "coordinates": [
          [
            40.3569017,
            66.0598473
          ],
          [
            40.4928575,
            66.1494077
          ],
          [
            40.325316,
            66.1888029
          ],
          [
            40.2168248,
            66.2602242
          ]
        ]
      },
      "id": "way/1081620691"
    },
    {
      "type": "Feature",
      "properties": {
        "@id": "way/1081620696",
        "seamark:type": "separation_boundary"
      },
      "geometry": {
        "type": "LineString",
        "coordinates": [
          [
            40.8197008,
            66.5072399
          ],
          [
            40.6990094,
            66.4306939
          ],
          [
            40.5793748,
            66.354586
          ],
          [
            40.3926505,
            66.306031
          ],
          [
            40.2168248,
            66.2602242
          ],
          [
            39.999846,
            66.2021057
          ]
        ]
      },
      "id": "way/1081620696"
    },
    {
      "type": "Feature",
      "properties": {
        "@id": "way/1081620697",
        "seamark:type": "separation_boundary"
      },
      "geometry": {
        "type": "LineString",
        "coordinates": [
          [
            40.9844957,
            66.467793
          ],
          [
            40.7469164,
            66.3165524
          ],
          [
            40.5793748,
            66.354586
          ]
        ]
      },
      "id": "way/1081620697"
    },
    {
      "type": "Feature",
      "properties": {
        "@id": "way/1081620701",
        "seamark:type": "separation_boundary"
      },
      "geometry": {
        "type": "LineString",
        "coordinates": [
          [
            41.5077196,
            67.0320916
          ],
          [
            41.547545,
            66.9569525
          ],
          [
            41.4472948,
            66.896135
          ]
        ]
      },
      "id": "way/1081620701"
    },
    {
      "type": "Feature",
      "properties": {
        "@id": "way/1081620702",
        "seamark:type": "separation_boundary"
      },
      "geometry": {
        "type": "LineString",
        "coordinates": [
          [
            41.6587816,
            67.0433425
          ],
          [
            41.7082201,
            66.9494258
          ],
          [
            41.5763841,
            66.8637809
          ]
        ]
      },
      "id": "way/1081620702"
    },
    {
      "type": "Feature",
      "properties": {
        "@id": "way/1081620706",
        "seamark:type": "separation_boundary"
      },
      "geometry": {
        "type": "LineString",
        "coordinates": [
          [
            41.4692674,
            67.4222555
          ],
          [
            41.3177914,
            67.4106221
          ]
        ]
      },
      "id": "way/1081620706"
    },
    {
      "type": "Feature",
      "properties": {
        "@id": "way/1081620707",
        "seamark:type": "separation_boundary"
      },
      "geometry": {
        "type": "LineString",
        "coordinates": [
          [
            41.5255724,
            67.309155
          ],
          [
            41.4692674,
            67.4222555
          ]
        ]
      },
      "id": "way/1081620707"
    },
    {
      "type": "Feature",
      "properties": {
        "@id": "way/1081620708",
        "seamark:type": "separation_boundary"
      },
      "geometry": {
        "type": "LineString",
        "coordinates": [
          [
            41.3731371,
            67.3012073
          ],
          [
            41.3177914,
            67.4106221
          ],
          [
            41.2509142,
            67.5421672
          ]
        ]
      },
      "id": "way/1081620708"
    },
    {
      "type": "Feature",
      "properties": {
        "@id": "way/1081620714",
        "seamark:type": "separation_boundary"
      },
      "geometry": {
        "type": "LineString",
        "coordinates": [
          [
            41.1959825,
            67.6494667
          ],
          [
            41.2509142,
            67.5421672
          ],
          [
            41.3978563,
            67.5594727
          ],
          [
            41.5406786,
            67.5337721
          ]
        ]
      },
      "id": "way/1081620714"
    },
    {
      "type": "Feature",
      "properties": {
        "@id": "way/1081620715",
        "seamark:type": "separation_boundary"
      },
      "geometry": {
        "type": "LineString",
        "coordinates": [
          [
            41.353911,
            67.6572988
          ],
          [
            41.3978563,
            67.5594727
          ],
          [
            41.5035997,
            67.6572988
          ]
        ]
      },
      "id": "way/1081620715"
    },
    {
      "type": "Feature",
      "properties": {
        "@id": "way/1081620716",
        "seamark:type": "separation_boundary"
      },
      "geometry": {
        "type": "LineString",
        "coordinates": [
          [
            41.4692674,
            67.4222555
          ],
          [
            41.5406786,
            67.5337721
          ],
          [
            41.6505418,
            67.635885
          ]
        ]
      },
      "id": "way/1081620716"
    },
    {
      "type": "Feature",
      "properties": {
        "@id": "way/1081620728",
        "seamark:type": "separation_boundary"
      },
      "geometry": {
        "type": "LineString",
        "coordinates": [
          [
            40.1385484,
            68.1275996
          ],
          [
            39.8764148,
            68.2079993
          ],
          [
            39.6057115,
            68.2907323
          ]
        ]
      },
      "id": "way/1081620728"
    },
    {
      "type": "Feature",
      "properties": {
        "@id": "way/1081620729",
        "seamark:type": "separation_boundary"
      },
      "geometry": {
        "type": "LineString",
        "coordinates": [
          [
            40.056151,
            68.3607254
          ],
          [
            39.8089586,
            68.3105348
          ],
          [
            39.7114549,
            68.3384321
          ]
        ]
      },
      "id": "way/1081620729"
    },
    {
      "type": "Feature",
      "properties": {
        "@id": "way/1081620730",
        "seamark:type": "separation_boundary"
      },
      "geometry": {
        "type": "LineString",
        "coordinates": [
          [
            40.2456651,
            68.1792139
          ],
          [
            40.0012193,
            68.2515846
          ],
          [
            40.164641,
            68.2866681
          ]
        ]
      },
      "id": "way/1081620730"
    },
    {
      "type": "Feature",
      "properties": {
        "@id": "way/1082814088",
        "seamark:type": "separation_boundary"
      },
      "geometry": {
        "type": "LineString",
        "coordinates": [
          [
            -87.3854546,
            34.8129963
          ],
          [
            -87.3857735,
            34.8129492
          ],
          [
            -87.3861084,
            34.8129046
          ],
          [
            -87.3864304,
            34.8128637
          ]
        ]
      },
      "id": "way/1082814088"
    },
    {
      "type": "Feature",
      "properties": {
        "@id": "way/1095501687",
        "seamark:type": "separation_boundary"
      },
      "geometry": {
        "type": "LineString",
        "coordinates": [
          [
            -40.9454812,
            -21.7181328
          ],
          [
            -40.8792511,
            -21.7352373
          ]
        ]
      },
      "id": "way/1095501687"
    },
    {
      "type": "Feature",
      "properties": {
        "@id": "way/1095501688",
        "seamark:type": "separation_boundary"
      },
      "geometry": {
        "type": "LineString",
        "coordinates": [
          [
            -40.8078444,
            -21.7536764
          ],
          [
            -40.736897,
            -21.7719945
          ]
        ]
      },
      "id": "way/1095501688"
    },
    {
      "type": "Feature",
      "properties": {
        "@id": "way/1095501693",
        "seamark:type": "separation_boundary"
      },
      "geometry": {
        "type": "LineString",
        "coordinates": [
          [
            -40.8792511,
            -21.7352373
          ],
          [
            -40.8078444,
            -21.7536764
          ]
        ]
      },
      "id": "way/1095501693"
    },
    {
      "type": "Feature",
      "properties": {
        "@id": "way/1095501694",
        "seamark:type": "separation_boundary"
      },
      "geometry": {
        "type": "LineString",
        "coordinates": [
          [
            -40.7368442,
            -21.8484334
          ],
          [
            -40.7367899,
            -21.9269627
          ]
        ]
      },
      "id": "way/1095501694"
    },
    {
      "type": "Feature",
      "properties": {
        "@id": "way/1095501695",
        "seamark:type": "separation_boundary"
      },
      "geometry": {
        "type": "LineString",
        "coordinates": [
          [
            -40.8578036,
            -21.9279396
          ],
          [
            -40.9735109,
            -21.9288736
          ]
        ]
      },
      "id": "way/1095501695"
    },
    {
      "type": "Feature",
      "properties": {
        "@id": "way/1095501701",
        "seamark:type": "separation_boundary"
      },
      "geometry": {
        "type": "LineString",
        "coordinates": [
          [
            -40.7367899,
            -21.9269627
          ],
          [
            -40.8578036,
            -21.9279396
          ]
        ]
      },
      "id": "way/1095501701"
    },
    {
      "type": "Feature",
      "properties": {
        "@id": "way/1095501702",
        "seamark:type": "separation_boundary"
      },
      "geometry": {
        "type": "LineString",
        "coordinates": [
          [
            -41.022091,
            -21.6983452
          ],
          [
            -40.9454812,
            -21.7181328
          ]
        ]
      },
      "id": "way/1095501702"
    },
    {
      "type": "Feature",
      "properties": {
        "@id": "way/1114898497",
        "description": "Not IMO-Adopted",
        "note": "Do not move or modify geometry - points mapped according to a set of WGS84 coordinates",
        "seamark:type": "separation_boundary",
        "source": "Admiralty Preliminary Notice 2184(P)/18; Indian Notice 7/75/18",
        "start_date": "2018-04-01"
      },
      "geometry": {
        "type": "LineString",
        "coordinates": [
          [
            72.7395,
            18.8475
          ],
          [
            72.6813333,
            18.8413333
          ],
          [
            72.572,
            18.8646667
          ]
        ]
      },
      "id": "way/1114898497"
    },
    {
      "type": "Feature",
      "properties": {
        "@id": "way/1114898505",
        "description": "Not IMO-Adopted",
        "note": "Do not move or modify geometry - points mapped according to a set of WGS84 coordinates",
        "seamark:type": "separation_boundary",
        "source": "Admiralty Preliminary Notice 2184(P)/18; Indian Notice 7/75/18",
        "start_date": "2018-04-01"
      },
      "geometry": {
        "type": "LineString",
        "coordinates": [
          [
            72.543,
            18.8243333
          ],
          [
            72.4796667,
            18.498
          ],
          [
            72.5206667,
            18.2588333
          ]
        ]
      },
      "id": "way/1114898505"
    },
    {
      "type": "Feature",
      "properties": {
        "@id": "way/1114898506",
        "description": "Not IMO-Adopted",
        "note": "Do not move or modify geometry - points mapped according to a set of WGS84 coordinates",
        "seamark:type": "separation_boundary",
        "source": "Admiralty Preliminary Notice 2184(P)/18; Indian Notice 7/75/18",
        "start_date": "2018-04-01"
      },
      "geometry": {
        "type": "LineString",
        "coordinates": [
          [
            72.5908333,
            18.8151667
          ],
          [
            72.6811667,
            18.8191667
          ],
          [
            72.7401667,
            18.8288333
          ]
        ]
      },
      "id": "way/1114898506"
    },
    {
      "type": "Feature",
      "properties": {
        "@id": "way/1114898507",
        "description": "Not IMO-Adopted",
        "note": "Do not move or modify geometry - points mapped according to a set of WGS84 coordinates",
        "seamark:type": "separation_boundary",
        "source": "Admiralty Preliminary Notice 2184(P)/18; Indian Notice 7/75/18",
        "start_date": "2018-04-01"
      },
      "geometry": {
        "type": "LineString",
        "coordinates": [
          [
            72.567,
            18.2616667
          ],
          [
            72.527,
            18.4965
          ],
          [
            72.5908333,
            18.8151667
          ]
        ]
      },
      "id": "way/1114898507"
    },
    {
      "type": "Feature",
      "properties": {
        "@id": "way/1114898509",
        "description": "Not IMO-Adopted",
        "note": "Do not move or modify geometry - points mapped according to a set of WGS84 coordinates",
        "seamark:type": "separation_boundary",
        "source": "Admiralty Preliminary Notice 2184(P)/18; Indian Notice 7/75/18",
        "start_date": "2018-04-01"
      },
      "geometry": {
        "type": "LineString",
        "coordinates": [
          [
            72.572,
            18.8646667
          ],
          [
            72.515,
            19.0478333
          ],
          [
            72.4663333,
            19.3986667
          ],
          [
            72.4818333,
            19.6708333
          ],
          [
            72.441,
            19.746
          ],
          [
            72.3293333,
            19.832
          ],
          [
            71.9023333,
            19.954
          ],
          [
            71.3893333,
            19.9416667
          ]
        ]
      },
      "id": "way/1114898509"
    },
    {
      "type": "Feature",
      "properties": {
        "@id": "way/1114898510",
        "description": "Not IMO-Adopted",
        "note": "Do not move or modify geometry - points mapped according to a set of WGS84 coordinates",
        "seamark:type": "separation_boundary",
        "source": "Admiralty Preliminary Notice 2184(P)/18; Indian Notice 7/75/18",
        "start_date": "2018-04-01"
      },
      "geometry": {
        "type": "LineString",
        "coordinates": [
          [
            72.5321667,
            18.864
          ],
          [
            72.3185,
            18.8665
          ],
          [
            72.1215,
            18.9113333
          ],
          [
            71.9083333,
            18.9116667
          ],
          [
            71.531,
            18.5293333
          ],
          [
            71.1935,
            18.3503333
          ]
        ]
      },
      "id": "way/1114898510"
    },
    {
      "type": "Feature",
      "properties": {
        "@id": "way/1114898512",
        "description": "Not IMO-Adopted",
        "note": "Do not move or modify geometry - points mapped according to a set of WGS84 coordinates",
        "seamark:type": "separation_boundary",
        "source": "Admiralty Preliminary Notice 2184(P)/18; Indian Notice 7/75/18",
        "start_date": "2018-04-01"
      },
      "geometry": {
        "type": "LineString",
        "coordinates": [
          [
            71.2461667,
            18.2865
          ],
          [
            71.594,
            18.4781667
          ],
          [
            71.9316667,
            18.876
          ],
          [
            72.1185,
            18.8753333
          ],
          [
            72.3153333,
            18.8323333
          ],
          [
            72.543,
            18.8243333
          ]
        ]
      },
      "id": "way/1114898512"
    },
    {
      "type": "Feature",
      "properties": {
        "@id": "way/1114898513",
        "description": "Not IMO-Adopted",
        "note": "Do not move or modify geometry - points mapped according to a set of WGS84 coordinates",
        "seamark:type": "separation_boundary",
        "source": "Admiralty Preliminary Notice 2184(P)/18; Indian Notice 7/75/18",
        "start_date": "2018-04-01"
      },
      "geometry": {
        "type": "LineString",
        "coordinates": [
          [
            71.3921667,
            19.8928333
          ],
          [
            71.8908333,
            19.9033333
          ],
          [
            72.2831667,
            19.7941667
          ],
          [
            72.3953333,
            19.712
          ],
          [
            72.4223333,
            19.6553333
          ],
          [
            72.4115,
            19.3978333
          ],
          [
            72.471,
            19.0511667
          ],
          [
            72.5321667,
            18.864
          ]
        ]
      },
      "id": "way/1114898513"
    },
    {
      "type": "Feature",
      "properties": {
        "@id": "way/1119383461",
        "seamark:type": "separation_boundary"
      },
      "geometry": {
        "type": "LineString",
        "coordinates": [
          [
            5.5151746,
            59.0910495
          ],
          [
            5.509956,
            59.096481
          ]
        ]
      },
      "id": "way/1119383461"
    },
    {
      "type": "Feature",
      "properties": {
        "@id": "way/1119383463",
        "seamark:type": "separation_boundary"
      },
      "geometry": {
        "type": "LineString",
        "coordinates": [
          [
            5.5285216,
            59.1011863
          ],
          [
            5.5337401,
            59.0957556
          ]
        ]
      },
      "id": "way/1119383463"
    },
    {
      "type": "Feature",
      "properties": {
        "@id": "way/1119383472",
        "seamark:type": "separation_boundary"
      },
      "geometry": {
        "type": "LineString",
        "coordinates": [
          [
            5.4684877,
            59.1229904
          ],
          [
            5.5008459,
            59.1415076
          ]
        ]
      },
      "id": "way/1119383472"
    },
    {
      "type": "Feature",
      "properties": {
        "@id": "way/1119383476",
        "seamark:type": "separation_boundary"
      },
      "geometry": {
        "type": "LineString",
        "coordinates": [
          [
            5.3298497,
            59.1749717
          ],
          [
            5.3276181,
            59.1569676
          ]
        ]
      },
      "id": "way/1119383476"
    },
    {
      "type": "Feature",
      "properties": {
        "@id": "way/1119383477",
        "seamark:type": "separation_boundary"
      },
      "geometry": {
        "type": "LineString",
        "coordinates": [
          [
            5.3668212,
            59.1577377
          ],
          [
            5.3636884,
            59.1749607
          ]
        ]
      },
      "id": "way/1119383477"
    },
    {
      "type": "Feature",
      "properties": {
        "@id": "way/1119383478",
        "seamark:type": "separation_boundary"
      },
      "geometry": {
        "type": "LineString",
        "coordinates": [
          [
            5.345267,
            59.0864606
          ],
          [
            5.4086423,
            59.1050472
          ]
        ]
      },
      "id": "way/1119383478"
    },
    {
      "type": "Feature",
      "properties": {
        "@id": "way/1119383484",
        "seamark:type": "separation_boundary"
      },
      "geometry": {
        "type": "LineString",
        "coordinates": [
          [
            5.2935165,
            59.0708282
          ],
          [
            5.326395,
            59.0807333
          ]
        ]
      },
      "id": "way/1119383484"
    },
    {
      "type": "Feature",
      "properties": {
        "@id": "way/1119383489",
        "seamark:type": "separation_boundary"
      },
      "geometry": {
        "type": "LineString",
        "coordinates": [
          [
            5.3438187,
            59.01968
          ],
          [
            5.3550196,
            59.0663033
          ]
        ]
      },
      "id": "way/1119383489"
    },
    {
      "type": "Feature",
      "properties": {
        "@id": "way/1119383493",
        "seamark:type": "separation_boundary"
      },
      "geometry": {
        "type": "LineString",
        "coordinates": [
          [
            5.2753258,
            59.0862567
          ],
          [
            5.2136564,
            59.0680185
          ]
        ]
      },
      "id": "way/1119383493"
    },
    {
      "type": "Feature",
      "properties": {
        "@id": "way/1119383494",
        "seamark:type": "separation_boundary"
      },
      "geometry": {
        "type": "LineString",
        "coordinates": [
          [
            5.3076196,
            59.0585316
          ],
          [
            5.2429032,
            59.0397709
          ]
        ]
      },
      "id": "way/1119383494"
    },
    {
      "type": "Feature",
      "properties": {
        "@id": "way/1119383495",
        "seamark:type": "separation_boundary"
      },
      "geometry": {
        "type": "LineString",
        "coordinates": [
          [
            5.3011179,
            59.0205526
          ],
          [
            5.3076196,
            59.0585316
          ]
        ]
      },
      "id": "way/1119383495"
    },
    {
      "type": "Feature",
      "properties": {
        "@id": "way/1154194853",
        "seamark:type": "separation_boundary"
      },
      "geometry": {
        "type": "LineString",
        "coordinates": [
          [
            -6.8426667,
            57.3946667
          ],
          [
            -6.836,
            57.4296667
          ],
          [
            -6.8143333,
            57.4573333
          ]
        ]
      },
      "id": "way/1154194853"
    },
    {
      "type": "Feature",
      "properties": {
        "@id": "way/1154194854",
        "seamark:type": "separation_boundary"
      },
      "geometry": {
        "type": "LineString",
        "coordinates": [
          [
            -6.9253333,
            57.4826667
          ],
          [
            -6.954,
            57.446
          ],
          [
            -6.9625,
            57.4013333
          ]
        ]
      },
      "id": "way/1154194854"
    },
    {
      "type": "Feature",
      "properties": {
        "@id": "way/1154923580",
        "seamark:type": "separation_boundary"
      },
      "geometry": {
        "type": "LineString",
        "coordinates": [
          [
            -6.2675333,
            55.3510033
          ],
          [
            -6.1274933,
            55.334765
          ],
          [
            -5.995235,
            55.2263933
          ]
        ]
      },
      "id": "way/1154923580"
    },
    {
      "type": "Feature",
      "properties": {
        "@id": "way/1154923581",
        "seamark:type": "separation_boundary"
      },
      "geometry": {
        "type": "LineString",
        "coordinates": [
          [
            -5.8513283,
            55.2836067
          ],
          [
            -6.024045,
            55.4249033
          ],
          [
            -6.2324233,
            55.4489967
          ]
        ]
      },
      "id": "way/1154923581"
    },
    {
      "type": "Feature",
      "properties": {
        "@id": "way/1157594690",
        "ref:imo": "(l)",
        "seamark:name": "Eastern Boundary",
        "seamark:type": "separation_boundary"
      },
      "geometry": {
        "type": "LineString",
        "coordinates": [
          [
            1.8326667,
            51.8983333
          ],
          [
            1.8423333,
            51.9286667
          ]
        ]
      },
      "id": "way/1157594690"
    },
    {
      "type": "Feature",
      "properties": {
        "@id": "way/1157594691",
        "ref:imo": "(f)",
        "seamark:name": "Southbound Boundary",
        "seamark:type": "separation_boundary"
      },
      "geometry": {
        "type": "LineString",
        "coordinates": [
          [
            1.7315,
            51.6388333
          ],
          [
            1.72,
            51.7026667
          ]
        ]
      },
      "id": "way/1157594691"
    },
    {
      "type": "Feature",
      "properties": {
        "@id": "way/1160387833",
        "seamark:type": "separation_boundary"
      },
      "geometry": {
        "type": "LineString",
        "coordinates": [
          [
            4.8417949,
            53.1815557
          ],
          [
            4.5884763,
            53.1825736
          ]
        ]
      },
      "id": "way/1160387833"
    },
    {
      "type": "Feature",
      "properties": {
        "@id": "way/1163245189",
        "seamark:type": "separation_boundary",
        "source": "China MSA Notice No. 337/2023"
      },
      "geometry": {
        "type": "LineString",
        "coordinates": [
          [
            113.8560556,
            22.4881278
          ],
          [
            113.8672694,
            22.4613278
          ],
          [
            113.8695389,
            22.45275
          ],
          [
            113.8695694,
            22.4446111
          ]
        ]
      },
      "id": "way/1163245189"
    },
    {
      "type": "Feature",
      "properties": {
        "@id": "way/1163245190",
        "seamark:type": "separation_boundary",
        "source": "China MSA Notice No. 337/2023"
      },
      "geometry": {
        "type": "LineString",
        "coordinates": [
          [
            113.8618778,
            22.4905778
          ],
          [
            113.8691583,
            22.4731389
          ],
          [
            113.8775778,
            22.4565083
          ],
          [
            113.8825139,
            22.4496278
          ]
        ]
      },
      "id": "way/1163245190"
    },
    {
      "type": "Feature",
      "properties": {
        "@id": "way/1174951919",
        "seamark:type": "separation_boundary",
        "source": "China MSA Notice No. 709/2022"
      },
      "geometry": {
        "type": "LineString",
        "coordinates": [
          [
            117.7338889,
            38.7642778
          ],
          [
            117.7261667,
            38.7610556
          ],
          [
            117.7231389,
            38.7569722
          ],
          [
            117.7190278,
            38.7538056
          ]
        ]
      },
      "id": "way/1174951919"
    },
    {
      "type": "Feature",
      "properties": {
        "@id": "way/1175018151",
        "seamark:type": "separation_boundary"
      },
      "geometry": {
        "type": "LineString",
        "coordinates": [
          [
            -6.5463333,
            50.0213333
          ],
          [
            -6.3246864,
            49.977925
          ],
          [
            -6.3240749,
            49.9784011
          ]
        ]
      },
      "id": "way/1175018151"
    },
    {
      "type": "Feature",
      "properties": {
        "@id": "way/1175018152",
        "seamark:type": "separation_boundary"
      },
      "geometry": {
        "type": "LineString",
        "coordinates": [
          [
            -6.6121667,
            49.8736667
          ],
          [
            -6.4457207,
            49.8737773
          ]
        ]
      },
      "id": "way/1175018152"
    },
    {
      "type": "Feature",
      "properties": {
        "@id": "way/1175018156",
        "seamark:type": "separation_boundary"
      },
      "geometry": {
        "type": "LineString",
        "coordinates": [
          [
            -6.4916667,
            49.7683333
          ],
          [
            -6.4453701,
            49.8727341
          ]
        ]
      },
      "id": "way/1175018156"
    },
    {
      "type": "Feature",
      "properties": {
        "@id": "way/1175018157",
        "seamark:type": "separation_boundary"
      },
      "geometry": {
        "type": "LineString",
        "coordinates": [
          [
            -6.2766667,
            49.7683333
          ],
          [
            -6.2766667,
            49.8923333
          ]
        ]
      },
      "id": "way/1175018157"
    },
    {
      "type": "Feature",
      "properties": {
        "@id": "way/1175018163",
        "seamark:type": "separation_boundary"
      },
      "geometry": {
        "type": "LineString",
        "coordinates": [
          [
            -6.0843333,
            50.1333333
          ],
          [
            -6.3216877,
            49.9797086
          ]
        ]
      },
      "id": "way/1175018163"
    },
    {
      "type": "Feature",
      "properties": {
        "@id": "way/1175018164",
        "seamark:type": "separation_boundary"
      },
      "geometry": {
        "type": "LineString",
        "coordinates": [
          [
            -6.0843333,
            49.8923333
          ],
          [
            -6.2766667,
            49.8923333
          ],
          [
            -6.3236667,
            49.8923333
          ]
        ]
      },
      "id": "way/1175018164"
    },
    {
      "type": "Feature",
      "properties": {
        "@id": "way/1175018165",
        "seamark:type": "separation_boundary"
      },
      "geometry": {
        "type": "LineString",
        "coordinates": [
          [
            -5.8263333,
            50.1333333
          ],
          [
            -5.7042218,
            50.1332339
          ]
        ]
      },
      "id": "way/1175018165"
    },
    {
      "type": "Feature",
      "properties": {
        "@id": "way/1175018166",
        "seamark:type": "separation_boundary"
      },
      "geometry": {
        "type": "LineString",
        "coordinates": [
          [
            -5.8263333,
            50.0165
          ],
          [
            -5.6813639,
            50.0363803
          ]
        ]
      },
      "id": "way/1175018166"
    },
    {
      "type": "Feature",
      "properties": {
        "@id": "way/1176875418",
        "note": "inshore traffic zone",
        "seamark:type": "separation_boundary"
      },
      "geometry": {
        "type": "LineString",
        "coordinates": [
          [
            4.0416093,
            51.98576
          ],
          [
            4.0383875,
            51.9867633
          ],
          [
            4.0365636,
            51.9871663
          ],
          [
            4.033699,
            51.987457
          ],
          [
            4.0306842,
            51.9873976
          ],
          [
            4.0284848,
            51.987087
          ],
          [
            4.0262854,
            51.9865783
          ],
          [
            4.0233993,
            51.9855739
          ],
          [
            4.0107393,
            51.9885538
          ],
          [
            4.007864,
            51.988937
          ],
          [
            4.004581,
            51.9890427
          ],
          [
            4.0013838,
            51.9888049
          ],
          [
            3.9988518,
            51.9884085
          ],
          [
            3.9907622,
            51.9867699
          ],
          [
            3.9851832,
            51.9854352
          ],
          [
            3.9835524,
            51.9849462
          ],
          [
            3.9821791,
            51.9843251
          ],
          [
            3.9808273,
            51.9835718
          ],
          [
            3.9795828,
            51.9826335
          ],
          [
            3.9771151,
            51.9802811
          ],
          [
            3.9701843,
            51.975047
          ],
          [
            3.9643333,
            51.9686667
          ],
          [
            3.8125118,
            51.9597715
          ],
          [
            3.6996671,
            51.9534752
          ],
          [
            3.6675,
            51.9518333
          ],
          [
            3.5943333,
            51.9376667
          ]
        ]
      },
      "id": "way/1176875418"
    },
    {
      "type": "Feature",
      "properties": {
        "@id": "way/1181263520",
        "seamark:type": "separation_boundary"
      },
      "geometry": {
        "type": "LineString",
        "coordinates": [
          [
            -3.6691363,
            36.735959
          ],
          [
            -3.6701676,
            36.7367396
          ]
        ]
      },
      "id": "way/1181263520"
    },
    {
      "type": "Feature",
      "properties": {
        "@id": "way/1181263521",
        "seamark:type": "separation_boundary"
      },
      "geometry": {
        "type": "LineString",
        "coordinates": [
          [
            -3.6687226,
            36.7362471
          ],
          [
            -3.6699626,
            36.7369555
          ]
        ]
      },
      "id": "way/1181263521"
    },
    {
      "type": "Feature",
      "properties": {
        "@id": "way/1181263522",
        "seamark:type": "separation_boundary"
      },
      "geometry": {
        "type": "LineString",
        "coordinates": [
          [
            -3.6669641,
            36.7378197
          ],
          [
            -3.6683497,
            36.7386493
          ]
        ]
      },
      "id": "way/1181263522"
    },
    {
      "type": "Feature",
      "properties": {
        "@id": "way/1181263523",
        "seamark:type": "separation_boundary"
      },
      "geometry": {
        "type": "LineString",
        "coordinates": [
          [
            -3.6668695,
            36.7379143
          ],
          [
            -3.6682418,
            36.738761
          ]
        ]
      },
      "id": "way/1181263523"
    },
    {
      "type": "Feature",
      "properties": {
        "@id": "way/1181263524",
        "seamark:type": "separation_boundary"
      },
      "geometry": {
        "type": "LineString",
        "coordinates": [
          [
            -3.6655921,
            36.7387557
          ],
          [
            -3.6673171,
            36.7396647
          ]
        ]
      },
      "id": "way/1181263524"
    },
    {
      "type": "Feature",
      "properties": {
        "@id": "way/1181263525",
        "seamark:type": "separation_boundary"
      },
      "geometry": {
        "type": "LineString",
        "coordinates": [
          [
            -3.6654107,
            36.7389457
          ],
          [
            -3.6662261,
            36.739377
          ],
          [
            -3.6671071,
            36.7398749
          ]
        ]
      },
      "id": "way/1181263525"
    },
    {
      "type": "Feature",
      "properties": {
        "@id": "way/1182500509",
        "seamark:type": "separation_boundary",
        "source": "China MSA Notice No. 253/2023"
      },
      "geometry": {
        "type": "LineString",
        "coordinates": [
          [
            108.6352778,
            21.6770278
          ],
          [
            108.6325833,
            21.6825278
          ],
          [
            108.6320556,
            21.6880556
          ],
          [
            108.6323611,
            21.6905278
          ],
          [
            108.6323611,
            21.6915
          ],
          [
            108.6337222,
            21.7031111
          ]
        ]
      },
      "id": "way/1182500509"
    },
    {
      "type": "Feature",
      "properties": {
        "@id": "way/1182500510",
        "seamark:type": "separation_boundary",
        "source": "China MSA Notice No. 253/2023"
      },
      "geometry": {
        "type": "LineString",
        "coordinates": [
          [
            108.6298611,
            21.6843333
          ],
          [
            108.6306111,
            21.6907222
          ],
          [
            108.6308056,
            21.6916389
          ],
          [
            108.6321667,
            21.7032778
          ]
        ]
      },
      "id": "way/1182500510"
    },
    {
      "type": "Feature",
      "properties": {
        "@id": "way/1188100854",
        "seamark:type": "separation_boundary",
        "source": "China MSA Notice No. 696/2023"
      },
      "geometry": {
        "type": "LineString",
        "coordinates": [
          [
            119.5194444,
            35.2888889
          ],
          [
            119.5194722,
            35.2856667
          ],
          [
            119.5302222,
            35.2705833
          ],
          [
            119.7753056,
            35.169
          ]
        ]
      },
      "id": "way/1188100854"
    },
    {
      "type": "Feature",
      "properties": {
        "@id": "way/1188100855",
        "seamark:type": "separation_boundary",
        "source": "China MSA Notice No. 696/2023"
      },
      "geometry": {
        "type": "LineString",
        "coordinates": [
          [
            119.52825,
            35.2889167
          ],
          [
            119.5282778,
            35.2840278
          ],
          [
            119.5351111,
            35.2744167
          ],
          [
            119.5479444,
            35.2664722
          ],
          [
            119.7768889,
            35.1715556
          ]
        ]
      },
      "id": "way/1188100855"
    },
    {
      "type": "Feature",
      "properties": {
        "@id": "way/1188102421",
        "seamark:type": "separation_boundary",
        "source": "China MSA Notice No. 697/2023"
      },
      "geometry": {
        "type": "LineString",
        "coordinates": [
          [
            119.7029444,
            35.1200278
          ],
          [
            119.7245833,
            35.1221667
          ],
          [
            119.7358611,
            35.1219444
          ],
          [
            119.9031667,
            35.0995833
          ]
        ]
      },
      "id": "way/1188102421"
    },
    {
      "type": "Feature",
      "properties": {
        "@id": "way/1188102422",
        "seamark:type": "separation_boundary",
        "source": "China MSA Notice No. 697/2023"
      },
      "geometry": {
        "type": "LineString",
        "coordinates": [
          [
            119.7024444,
            35.1235
          ],
          [
            119.7303333,
            35.12625
          ],
          [
            119.9038611,
            35.1030556
          ]
        ]
      },
      "id": "way/1188102422"
    },
    {
      "type": "Feature",
      "properties": {
        "@id": "way/1190086491",
        "seamark:type": "separation_boundary",
        "source": "China MSA Notice No. 718/2023"
      },
      "geometry": {
        "type": "LineString",
        "coordinates": [
          [
            121.9834444,
            30.0928611
          ],
          [
            121.9813333,
            30.0878611
          ]
        ]
      },
      "id": "way/1190086491"
    },
    {
      "type": "Feature",
      "properties": {
        "@id": "way/1190086492",
        "seamark:type": "separation_boundary",
        "source": "China MSA Notice No. 718/2023"
      },
      "geometry": {
        "type": "LineString",
        "coordinates": [
          [
            121.9816667,
            30.0934167
          ],
          [
            121.9795556,
            30.0884167
          ]
        ]
      },
      "id": "way/1190086492"
    },
    {
      "type": "Feature",
      "properties": {
        "@id": "way/1204366973",
        "seamark:type": "separation_boundary"
      },
      "geometry": {
        "type": "LineString",
        "coordinates": [
          [
            10.8373333,
            55.8273333
          ],
          [
            10.8681392,
            55.8504572
          ],
          [
            10.8988333,
            55.8736667
          ],
          [
            10.9346667,
            55.898
          ],
          [
            10.9645,
            55.9125
          ]
        ]
      },
      "id": "way/1204366973"
    },
    {
      "type": "Feature",
      "properties": {
        "@id": "way/1212994980",
        "seamark:type": "separation_boundary"
      },
      "geometry": {
        "type": "LineString",
        "coordinates": [
          [
            7.6342555,
            54.0389611
          ],
          [
            7.5440883,
            54.1384564
          ]
        ]
      },
      "id": "way/1212994980"
    },
    {
      "type": "Feature",
      "properties": {
        "@id": "way/1212994987",
        "seamark:type": "separation_boundary"
      },
      "geometry": {
        "type": "LineString",
        "coordinates": [
          [
            8.0899208,
            54.0301211
          ],
          [
            8.2249142,
            54.0264716
          ]
        ]
      },
      "id": "way/1212994987"
    },
    {
      "type": "Feature",
      "properties": {
        "@id": "way/1212994988",
        "seamark:type": "separation_boundary"
      },
      "geometry": {
        "type": "LineString",
        "coordinates": [
          [
            7.6966093,
            54.0474971
          ],
          [
            7.6342555,
            54.0389611
          ]
        ]
      },
      "id": "way/1212994988"
    },
    {
      "type": "Feature",
      "properties": {
        "@id": "way/1215270420",
        "seamark:type": "separation_boundary",
        "source": "China MSA Notice No. 1068/2023"
      },
      "geometry": {
        "type": "LineString",
        "coordinates": [
          [
            120.3038611,
            27.2186944
          ],
          [
            120.3027222,
            27.2297778
          ],
          [
            120.2822778,
            27.2521667
          ],
          [
            120.2698889,
            27.2563056
          ],
          [
            120.2696944,
            27.2558333
          ],
          [
            120.2615278,
            27.2585833
          ],
          [
            120.2543889,
            27.25725
          ],
          [
            120.2485833,
            27.2523611
          ]
        ]
      },
      "id": "way/1215270420"
    },
    {
      "type": "Feature",
      "properties": {
        "@id": "way/1215270421",
        "seamark:type": "separation_boundary",
        "source": "China MSA Notice No. 1068/2023"
      },
      "geometry": {
        "type": "LineString",
        "coordinates": [
          [
            120.4427222,
            27.1574167
          ],
          [
            120.4129167,
            27.1579722
          ],
          [
            120.3825556,
            27.1952222
          ],
          [
            120.3825,
            27.2111667
          ],
          [
            120.3916389,
            27.2248333
          ],
          [
            120.3867222,
            27.2313611
          ],
          [
            120.375,
            27.2313889
          ],
          [
            120.3621944,
            27.243
          ],
          [
            120.3501667,
            27.2435833
          ],
          [
            120.3446111,
            27.2341667
          ],
          [
            120.3410556,
            27.2327222
          ],
          [
            120.3289444,
            27.2348611
          ],
          [
            120.31725,
            27.2310833
          ],
          [
            120.3146667,
            27.2202222
          ]
        ]
      },
      "id": "way/1215270421"
    },
    {
      "type": "Feature",
      "properties": {
        "@id": "way/1215278204",
        "seamark:type": "separation_boundary",
        "source": "China MSA Notice No. 1068/2023"
      },
      "geometry": {
        "type": "LineString",
        "coordinates": [
          [
            120.3020278,
            27.21575
          ],
          [
            120.3006944,
            27.2290278
          ],
          [
            120.281,
            27.2505833
          ],
          [
            120.2691667,
            27.2545278
          ],
          [
            120.2693333,
            27.255
          ],
          [
            120.2613056,
            27.2576389
          ],
          [
            120.2549722,
            27.2565
          ],
          [
            120.2493056,
            27.2516944
          ]
        ]
      },
      "id": "way/1215278204"
    },
    {
      "type": "Feature",
      "properties": {
        "@id": "way/1215278205",
        "seamark:type": "separation_boundary",
        "source": "China MSA Notice No. 1068/2023"
      },
      "geometry": {
        "type": "LineString",
        "coordinates": [
          [
            120.4426667,
            27.1547222
          ],
          [
            120.4114167,
            27.15525
          ],
          [
            120.3795556,
            27.1943611
          ],
          [
            120.3795,
            27.212
          ],
          [
            120.3880556,
            27.22475
          ],
          [
            120.3851111,
            27.2286667
          ],
          [
            120.3744444,
            27.2287222
          ],
          [
            120.3616389,
            27.2403056
          ],
          [
            120.3518889,
            27.2408056
          ],
          [
            120.3468056,
            27.2321111
          ],
          [
            120.3413889,
            27.2298889
          ],
          [
            120.3291944,
            27.2321111
          ],
          [
            120.3198889,
            27.2291111
          ],
          [
            120.3171944,
            27.2178056
          ]
        ]
      },
      "id": "way/1215278205"
    },
    {
      "type": "Feature",
      "properties": {
        "@id": "way/1231148383",
        "seamark:type": "separation_boundary"
      },
      "geometry": {
        "type": "LineString",
        "coordinates": [
          [
            -1.1179719,
            49.344869
          ],
          [
            -1.1196849,
            49.3535783
          ],
          [
            -1.1204036,
            49.3572319
          ]
        ]
      },
      "id": "way/1231148383"
    },
    {
      "type": "Feature",
      "properties": {
        "@id": "way/1231148384",
        "seamark:type": "separation_boundary"
      },
      "geometry": {
        "type": "LineString",
        "coordinates": [
          [
            -1.1148762,
            49.3378812
          ],
          [
            -1.116855,
            49.34777
          ],
          [
            -1.1186847,
            49.3569118
          ]
        ]
      },
      "id": "way/1231148384"
    },
    {
      "type": "Feature",
      "properties": {
        "@id": "way/1232168015",
        "man_made": "groyne",
        "seamark:type": "separation_boundary"
      },
      "geometry": {
        "type": "LineString",
        "coordinates": [
          [
            -1.1709964,
            49.3572028
          ],
          [
            -1.1663166,
            49.3626609
          ],
          [
            -1.1647775,
            49.3644558
          ],
          [
            -1.1641836,
            49.3651485
          ]
        ]
      },
      "id": "way/1232168015"
    },
    {
      "type": "Feature",
      "properties": {
        "@id": "way/1232168016",
        "seamark:type": "separation_boundary"
      },
      "geometry": {
        "type": "LineString",
        "coordinates": [
          [
            -1.1805458,
            49.3479841
          ],
          [
            -1.1654828,
            49.3658983
          ]
        ]
      },
      "id": "way/1232168016"
    },
    {
      "type": "Feature",
      "properties": {
        "@id": "way/1232195713",
        "seamark:type": "separation_boundary"
      },
      "geometry": {
        "type": "LineString",
        "coordinates": [
          [
            -1.1641836,
            49.3651485
          ],
          [
            -1.1639364,
            49.3654367
          ]
        ]
      },
      "id": "way/1232195713"
    },
    {
      "type": "Feature",
      "properties": {
        "@id": "way/1232274960",
        "seamark:type": "separation_boundary"
      },
      "geometry": {
        "type": "LineString",
        "coordinates": [
          [
            0.1083558,
            49.467373
          ],
          [
            0.0783712,
            49.4858187
          ],
          [
            0.0895107,
            49.4844162
          ]
        ]
      },
      "id": "way/1232274960"
    },
    {
      "type": "Feature",
      "properties": {
        "@id": "way/1232274961",
        "seamark:type": "separation_boundary"
      },
      "geometry": {
        "type": "LineString",
        "coordinates": [
          [
            -0.0659701,
            49.5176165
          ],
          [
            0.0847365,
            49.488219
          ],
          [
            0.0906063,
            49.4865303
          ]
        ]
      },
      "id": "way/1232274961"
    },
    {
      "type": "Feature",
      "properties": {
        "@id": "way/1232274962",
        "seamark:type": "separation_boundary"
      },
      "geometry": {
        "type": "LineString",
        "coordinates": [
          [
            -0.0650503,
            49.5143761
          ],
          [
            0.0573504,
            49.4905741
          ],
          [
            0.0871745,
            49.4758341
          ],
          [
            0.1056997,
            49.4653066
          ]
        ]
      },
      "id": "way/1232274962"
    },
    {
      "type": "Feature",
      "properties": {
        "@id": "way/1232274963",
        "seamark:type": "separation_boundary"
      },
      "geometry": {
        "type": "LineString",
        "coordinates": [
          [
            0.0432311,
            49.4496114
          ],
          [
            0.0615228,
            49.4440749
          ],
          [
            0.0799943,
            49.4383856
          ],
          [
            0.1062961,
            49.4350861
          ],
          [
            0.1293559,
            49.4339906
          ],
          [
            0.1531756,
            49.4334069
          ],
          [
            0.1760887,
            49.4326622
          ],
          [
            0.2009243,
            49.4317916
          ],
          [
            0.2257733,
            49.4307226
          ],
          [
            0.2561563,
            49.4308487
          ]
        ]
      },
      "id": "way/1232274963"
    },
    {
      "type": "Feature",
      "properties": {
        "@id": "way/1232274964",
        "seamark:type": "separation_boundary"
      },
      "geometry": {
        "type": "LineString",
        "coordinates": [
          [
            0.0416936,
            49.4471952
          ],
          [
            0.0598063,
            49.4417541
          ],
          [
            0.0790299,
            49.4365598
          ],
          [
            0.1047868,
            49.4332218
          ],
          [
            0.1293344,
            49.4321974
          ],
          [
            0.1531541,
            49.4316137
          ],
          [
            0.1760483,
            49.4309569
          ],
          [
            0.2009028,
            49.4299983
          ],
          [
            0.2259604,
            49.4289441
          ]
        ]
      },
      "id": "way/1232274964"
    },
    {
      "type": "Feature",
      "properties": {
        "@id": "way/1266181343",
        "seamark:type": "separation_boundary"
      },
      "geometry": {
        "type": "LineString",
        "coordinates": [
          [
            3.4896667,
            52.2411667
          ],
          [
            3.5826467,
            52.361438
          ],
          [
            3.630095,
            52.391433
          ],
          [
            3.8088333,
            52.4193333
          ]
        ]
      },
      "id": "way/1266181343"
    },
    {
      "type": "Feature",
      "properties": {
        "@id": "way/1266181344",
        "seamark:type": "separation_boundary"
      },
      "geometry": {
        "type": "LineString",
        "coordinates": [
          [
            3.11,
            52.1563333
          ],
          [
            3.207,
            52.2141667
          ]
        ]
      },
      "id": "way/1266181344"
    },
    {
      "type": "Feature",
      "properties": {
        "@id": "way/1266181345",
        "seamark:type": "separation_boundary"
      },
      "geometry": {
        "type": "LineString",
        "coordinates": [
          [
            3.0436667,
            52.1918333
          ],
          [
            3.2705502,
            52.3918236
          ],
          [
            3.2810344,
            52.4010141
          ],
          [
            3.2891778,
            52.4081513
          ],
          [
            3.4393333,
            52.5391667
          ]
        ]
      },
      "id": "way/1266181345"
    },
    {
      "type": "Feature",
      "properties": {
        "@id": "way/1266181348",
        "seamark:type": "separation_boundary"
      },
      "geometry": {
        "type": "LineString",
        "coordinates": [
          [
            4.084,
            52.7641667
          ],
          [
            4.0053618,
            52.7088407
          ],
          [
            3.9588098,
            52.7743336
          ],
          [
            3.976,
            52.8265
          ]
        ]
      },
      "id": "way/1266181348"
    },
    {
      "type": "Feature",
      "properties": {
        "@id": "way/1266181350",
        "seamark:type": "separation_boundary"
      },
      "geometry": {
        "type": "LineString",
        "coordinates": [
          [
            4.065833,
            52.59
          ],
          [
            4.0658333,
            52.59
          ],
          [
            4.0338558,
            52.6351164
          ],
          [
            3.9540894,
            52.5689193
          ],
          [
            3.9396667,
            52.525
          ]
        ]
      },
      "id": "way/1266181350"
    },
    {
      "type": "Feature",
      "properties": {
        "@id": "way/1266181351",
        "seamark:type": "separation_boundary"
      },
      "geometry": {
        "type": "LineString",
        "coordinates": [
          [
            3.8428333,
            52.525
          ],
          [
            3.857238,
            52.5693008
          ],
          [
            3.7861747,
            52.5248692
          ]
        ]
      },
      "id": "way/1266181351"
    },
    {
      "type": "Feature",
      "properties": {
        "@id": "way/1266181352",
        "seamark:type": "separation_boundary"
      },
      "geometry": {
        "type": "LineString",
        "coordinates": [
          [
            3.9508368,
            52.7518855
          ],
          [
            3.9153912,
            52.6465097
          ],
          [
            3.9894332,
            52.6976815
          ],
          [
            3.9508368,
            52.7518855
          ]
        ]
      },
      "id": "way/1266181352"
    },
    {
      "type": "Feature",
      "properties": {
        "@id": "way/1266181353",
        "seamark:type": "separation_boundary"
      },
      "geometry": {
        "type": "LineString",
        "coordinates": [
          [
            3.4523548,
            52.3590786
          ],
          [
            3.7186497,
            52.5147248
          ],
          [
            3.7279281,
            52.5201175
          ],
          [
            3.7359136,
            52.5247581
          ],
          [
            3.7611933,
            52.5394351
          ],
          [
            3.872666,
            52.6169146
          ]
        ]
      },
      "id": "way/1266181353"
    },
    {
      "type": "Feature",
      "properties": {
        "@id": "way/1296798565",
        "seamark:type": "separation_boundary",
        "source": "China MSA Notice No. 653/2024"
      },
      "geometry": {
        "type": "LineString",
        "coordinates": [
          [
            119.6514444,
            25.6933611
          ],
          [
            119.6381111,
            25.6848611
          ],
          [
            119.63825,
            25.6846111
          ],
          [
            119.6333333,
            25.6814722
          ],
          [
            119.6331667,
            25.6817222
          ],
          [
            119.6304444,
            25.68
          ],
          [
            119.6266944,
            25.6655556
          ],
          [
            119.6265833,
            25.6507778
          ]
        ]
      },
      "id": "way/1296798565"
    },
    {
      "type": "Feature",
      "properties": {
        "@id": "way/1296798566",
        "seamark:type": "separation_boundary",
        "source": "China MSA Notice No. 653/2024"
      },
      "geometry": {
        "type": "LineString",
        "coordinates": [
          [
            119.6504444,
            25.6946944
          ],
          [
            119.6372222,
            25.6862778
          ],
          [
            119.6370556,
            25.6865556
          ],
          [
            119.6321389,
            25.6834167
          ],
          [
            119.6323056,
            25.6831667
          ],
          [
            119.6288333,
            25.6809444
          ],
          [
            119.6249167,
            25.6657778
          ],
          [
            119.6248056,
            25.6507778
          ]
        ]
      },
      "id": "way/1296798566"
    },
    {
      "type": "Feature",
      "properties": {
        "@id": "way/1296800156",
        "seamark:type": "separation_boundary",
        "source": "China MSA Notice No. 653/2024"
      },
      "geometry": {
        "type": "LineString",
        "coordinates": [
          [
            119.71475,
            25.7173056
          ],
          [
            119.6756111,
            25.6650278
          ],
          [
            119.6583889,
            25.6543333
          ],
          [
            119.6586667,
            25.6540556
          ],
          [
            119.6536667,
            25.6509722
          ],
          [
            119.6533889,
            25.6512222
          ],
          [
            119.6423056,
            25.6443333
          ],
          [
            119.6307778,
            25.6166389
          ]
        ]
      },
      "id": "way/1296800156"
    },
    {
      "type": "Feature",
      "properties": {
        "@id": "way/1296800157",
        "seamark:type": "separation_boundary",
        "source": "China MSA Notice No. 653/2024"
      },
      "geometry": {
        "type": "LineString",
        "coordinates": [
          [
            119.71325,
            25.7181944
          ],
          [
            119.6743333,
            25.6661944
          ],
          [
            119.6571667,
            25.6555278
          ],
          [
            119.6568889,
            25.6558056
          ],
          [
            119.6518611,
            25.6526944
          ],
          [
            119.6521667,
            25.6524167
          ],
          [
            119.6408056,
            25.6453889
          ],
          [
            119.6291111,
            25.6171944
          ]
        ]
      },
      "id": "way/1296800157"
    },
    {
      "type": "Feature",
      "properties": {
        "@id": "way/1305420790",
        "seamark:type": "separation_boundary"
      },
      "geometry": {
        "type": "LineString",
        "coordinates": [
          [
            52.9954833,
            25.2359333
          ],
          [
            53.042,
            25.27235
          ],
          [
            53.1015167,
            25.32
          ],
          [
            53.1831833,
            25.3696
          ],
          [
            53.2517,
            25.41205
          ]
        ]
      },
      "id": "way/1305420790"
    },
    {
      "type": "Feature",
      "properties": {
        "@id": "way/1305420791",
        "seamark:type": "separation_boundary"
      },
      "geometry": {
        "type": "LineString",
        "coordinates": [
          [
            53.2108333,
            25.4229167
          ],
          [
            53.1590333,
            25.391
          ],
          [
            53.0807667,
            25.3432
          ],
          [
            53.0205667,
            25.2959333
          ],
          [
            52.9478489,
            25.2395707
          ]
        ]
      },
      "id": "way/1305420791"
    },
    {
      "type": "Feature",
      "properties": {
        "@id": "way/1335287161",
        "seamark:type": "separation_boundary",
        "source": "China MSA Notice No. 1184/2024"
      },
      "geometry": {
        "type": "LineString",
        "coordinates": [
          [
            117.1519722,
            23.5075278
          ],
          [
            117.1353333,
            23.5649722
          ]
        ]
      },
      "id": "way/1335287161"
    },
    {
      "type": "Feature",
      "properties": {
        "@id": "way/1335287162",
        "seamark:type": "separation_boundary",
        "source": "China MSA Notice No. 1184/2024"
      },
      "geometry": {
        "type": "LineString",
        "coordinates": [
          [
            117.1938611,
            23.4695556
          ],
          [
            117.1551944,
            23.5053056
          ],
          [
            117.13775,
            23.5655556
          ]
        ]
      },
      "id": "way/1335287162"
    },
    {
      "type": "Feature",
      "properties": {
        "@id": "way/1335287163",
        "seamark:type": "separation_boundary",
        "source": "China MSA Notice No. 1184/2024"
      },
      "geometry": {
        "type": "LineString",
        "coordinates": [
          [
            117.1918889,
            23.4677222
          ],
          [
            117.1653333,
            23.49225
          ],
          [
            117.1628611,
            23.4945556
          ],
          [
            117.1531111,
            23.5035556
          ],
          [
            117.1528333,
            23.5045833
          ]
        ]
      },
      "id": "way/1335287163"
    },
    {
      "type": "Feature",
      "properties": {
        "@id": "way/1336621189",
        "seamark:type": "separation_boundary"
      },
      "geometry": {
        "type": "LineString",
        "coordinates": [
          [
            3.1053333,
            52.0925
          ],
          [
            3.142,
            52.0728333
          ]
        ]
      },
      "id": "way/1336621189"
    },
    {
      "type": "Feature",
      "properties": {
        "@id": "way/1336621190",
        "seamark:type": "separation_boundary",
        "source": "IMO COLREG.2 Circ.67"
      },
      "geometry": {
        "type": "LineString",
        "coordinates": [
          [
            2.936,
            52.1831667
          ],
          [
            2.8677069,
            52.1346179
          ]
        ]
      },
      "id": "way/1336621190"
    },
    {
      "type": "Feature",
      "properties": {
        "@id": "way/1336621191",
        "seamark:type": "separation_boundary"
      },
      "geometry": {
        "type": "LineString",
        "coordinates": [
          [
            3.4466667,
            52.1301667
          ],
          [
            3.4366667,
            52.0771667
          ]
        ]
      },
      "id": "way/1336621191"
    },
    {
      "type": "Feature",
      "properties": {
        "@id": "way/1336621192",
        "seamark:type": "separation_boundary"
      },
      "geometry": {
        "type": "LineString",
        "coordinates": [
          [
            3.5031667,
            52.1103333
          ],
          [
            3.4466667,
            52.1301667
          ]
        ]
      },
      "id": "way/1336621192"
    },
    {
      "type": "Feature",
      "properties": {
        "@id": "way/1336621193",
        "seamark:type": "separation_boundary",
        "source": "IMO COLREG.2 Circ.67"
      },
      "geometry": {
        "type": "LineString",
        "coordinates": [
          [
            3.3255,
            52.0756667
          ],
          [
            3.142,
            52.0728333
          ]
        ]
      },
      "id": "way/1336621193"
    },
    {
      "type": "Feature",
      "properties": {
        "@id": "way/1336621194",
        "seamark:type": "separation_boundary"
      },
      "geometry": {
        "type": "LineString",
        "coordinates": [
          [
            3.4798592,
            52.4622549
          ],
          [
            3.7017757,
            52.5246697
          ],
          [
            3.7359136,
            52.5247581
          ]
        ]
      },
      "id": "way/1336621194"
    },
    {
      "type": "Feature",
      "properties": {
        "@id": "way/1336621195",
        "seamark:type": "separation_boundary"
      },
      "geometry": {
        "type": "LineString",
        "coordinates": [
          [
            3.4424331,
            52.4406662
          ],
          [
            3.2705502,
            52.3918236
          ]
        ]
      },
      "id": "way/1336621195"
    },
    {
      "type": "Feature",
      "properties": {
        "@id": "way/1336621196",
        "seamark:type": "separation_boundary"
      },
      "geometry": {
        "type": "LineString",
        "coordinates": [
          [
            4.9656667,
            54.0151667
          ],
          [
            4.6679651,
            53.5940878
          ]
        ]
      },
      "id": "way/1336621196"
    },
    {
      "type": "Feature",
      "properties": {
        "@id": "way/1336621197",
        "seamark:type": "separation_boundary"
      },
      "geometry": {
        "type": "LineString",
        "coordinates": [
          [
            3.9466667,
            52.8433333
          ],
          [
            3.872666,
            52.6169146
          ]
        ]
      },
      "id": "way/1336621197"
    },
    {
      "type": "Feature",
      "properties": {
        "@id": "way/1336621202",
        "ref:imo": "(c),(f),(i)",
        "seamark:type": "separation_boundary"
      },
      "geometry": {
        "type": "LineString",
        "coordinates": [
          [
            3.3861667,
            52.5618333
          ],
          [
            2.9838333,
            52.2236667
          ]
        ]
      },
      "id": "way/1336621202"
    },
    {
      "type": "Feature",
      "properties": {
        "@id": "way/1336621203",
        "seamark:type": "separation_boundary"
      },
      "geometry": {
        "type": "LineString",
        "coordinates": [
          [
            3.7186497,
            52.5147248
          ],
          [
            3.7053806,
            52.5146866
          ],
          [
            3.4767011,
            52.450353
          ]
        ]
      },
      "id": "way/1336621203"
    },
    {
      "type": "Feature",
      "properties": {
        "@id": "way/1336621204",
        "seamark:type": "separation_boundary"
      },
      "geometry": {
        "type": "LineString",
        "coordinates": [
          [
            3.445587,
            52.4525687
          ],
          [
            3.2891778,
            52.4081513
          ]
        ]
      },
      "id": "way/1336621204"
    },
    {
      "type": "Feature",
      "properties": {
        "@id": "way/1349929140",
        "seamark:type": "separation_boundary",
        "source": "China MSA Notice No. 14/2025"
      },
      "geometry": {
        "type": "LineString",
        "coordinates": [
          [
            119.4541944,
            25.3194444
          ],
          [
            119.4243611,
            25.3969167
          ],
          [
            119.4315,
            25.4320278
          ]
        ]
      },
      "id": "way/1349929140"
    },
    {
      "type": "Feature",
      "properties": {
        "@id": "way/1349929141",
        "seamark:type": "separation_boundary",
        "source": "China MSA Notice No. 14/2025"
      },
      "geometry": {
        "type": "LineString",
        "coordinates": [
          [
            119.4529722,
            25.3201667
          ],
          [
            119.4234167,
            25.3968611
          ],
          [
            119.4306111,
            25.4321944
          ]
        ]
      },
      "id": "way/1349929141"
    },
    {
      "type": "Feature",
      "properties": {
        "@id": "way/1361141459",
        "seamark:type": "separation_boundary",
        "source": "China MSA Notice No. 1053/2019"
      },
      "geometry": {
        "type": "LineString",
        "coordinates": [
          [
            118.9880833,
            25.207
          ],
          [
            118.98375,
            25.2104167
          ],
          [
            118.9666944,
            25.231
          ],
          [
            118.9648611,
            25.2338611
          ],
          [
            118.963,
            25.24
          ],
          [
            118.9629722,
            25.2433889
          ]
        ]
      },
      "id": "way/1361141459"
    },
    {
      "type": "Feature",
      "properties": {
        "@id": "way/1361141460",
        "seamark:type": "separation_boundary",
        "source": "China MSA Notice No. 1053/2019"
      },
      "geometry": {
        "type": "LineString",
        "coordinates": [
          [
            118.9847778,
            25.2043889
          ],
          [
            118.9824167,
            25.2090278
          ],
          [
            118.9650556,
            25.23
          ],
          [
            118.9610556,
            25.2361944
          ],
          [
            118.961,
            25.2433611
          ]
        ]
      },
      "id": "way/1361141460"
    },
    {
      "type": "Feature",
      "properties": {
        "@id": "way/1361345977",
        "seamark:type": "separation_boundary",
        "source": "China MSA Notice No. 719/2019"
      },
      "geometry": {
        "type": "LineString",
        "coordinates": [
          [
            118.9939722,
            24.7522222
          ],
          [
            119.0022222,
            24.85575
          ],
          [
            119.0593333,
            24.9469444
          ],
          [
            119.0618611,
            24.9524167
          ],
          [
            119.0628889,
            24.9582778
          ],
          [
            119.0623889,
            24.9641667
          ],
          [
            119.0463611,
            25.0365556
          ],
          [
            119.0443056,
            25.0424167
          ],
          [
            119.0409167,
            25.04775
          ],
          [
            119.0371667,
            25.0525278
          ],
          [
            119.0099167,
            25.0741944
          ],
          [
            119.0085833,
            25.0814444
          ],
          [
            119.005,
            25.0846667
          ],
          [
            118.99825,
            25.12175
          ],
          [
            118.9988889,
            25.1228611
          ],
          [
            119.0005556,
            25.1256667
          ],
          [
            119.0049444,
            25.1899444
          ]
        ]
      },
      "id": "way/1361345977"
    },
    {
      "type": "Feature",
      "properties": {
        "@id": "way/1361348509",
        "seamark:type": "separation_boundary",
        "source": "China MSA Notice No. 719/2019"
      },
      "geometry": {
        "type": "LineString",
        "coordinates": [
          [
            118.9989167,
            24.7518889
          ],
          [
            119.0068333,
            24.85125
          ],
          [
            119.0088056,
            24.8571667
          ],
          [
            119.0696111,
            24.9542778
          ],
          [
            119.0490556,
            25.0472778
          ],
          [
            119.02175,
            25.069
          ],
          [
            119.0168056,
            25.0738889
          ],
          [
            119.01325,
            25.0797222
          ],
          [
            119.01125,
            25.0861111
          ],
          [
            119.0046667,
            25.1223611
          ],
          [
            119.0046111,
            25.1234722
          ],
          [
            119.0042778,
            25.1293333
          ],
          [
            119.0084167,
            25.18975
          ]
        ]
      },
      "id": "way/1361348509"
    },
    {
      "type": "Feature",
      "properties": {
        "@id": "way/1364743214",
        "seamark:type": "separation_boundary",
        "source": "China MSA Notice No. 1114/2014"
      },
      "geometry": {
        "type": "LineString",
        "coordinates": [
          [
            122.1761389,
            37.437
          ],
          [
            122.1721111,
            37.4435833
          ],
          [
            122.1722222,
            37.4523333
          ],
          [
            122.1813056,
            37.4559444
          ]
        ]
      },
      "id": "way/1364743214"
    },
    {
      "type": "Feature",
      "properties": {
        "@id": "way/1364743215",
        "seamark:type": "separation_boundary",
        "source": "China MSA Notice No. 1114/2014"
      },
      "geometry": {
        "type": "LineString",
        "coordinates": [
          [
            122.1791389,
            37.4394722
          ],
          [
            122.1753056,
            37.4420278
          ],
          [
            122.1741111,
            37.44475
          ],
          [
            122.1746944,
            37.4493056
          ],
          [
            122.1766944,
            37.4518889
          ],
          [
            122.1797222,
            37.4536944
          ],
          [
            122.1821111,
            37.4546389
          ]
        ]
      },
      "id": "way/1364743215"
    },
    {
      "type": "Feature",
      "properties": {
        "@id": "way/1391083209",
        "seamark:type": "separation_boundary"
      },
      "geometry": {
        "type": "LineString",
        "coordinates": [
          [
            -82.0103646,
            9.1004442
          ],
          [
            -82.0077467,
            9.1039613
          ],
          [
            -81.9971466,
            9.1132412
          ],
          [
            -81.9910956,
            9.1181565
          ],
          [
            -81.9733716,
            9.1371392
          ],
          [
            -81.9659902,
            9.1646791
          ],
          [
            -81.961012,
            9.2007744
          ],
          [
            -81.9605828,
            9.2129748
          ]
        ]
      },
      "id": "way/1391083209"
    },
    {
      "type": "Feature",
      "properties": {
        "@id": "way/1391083210",
        "seamark:type": "separation_boundary"
      },
      "geometry": {
        "type": "LineString",
        "coordinates": [
          [
            -81.9709468,
            9.2153046
          ],
          [
            -81.9715906,
            9.2010709
          ],
          [
            -81.9765688,
            9.1720086
          ],
          [
            -81.984551,
            9.1414186
          ],
          [
            -82.0035625,
            9.1181566
          ],
          [
            -82.0097638,
            9.1076055
          ],
          [
            -82.013197,
            9.102012
          ]
        ]
      },
      "id": "way/1391083210"
    },
    {
      "type": "Feature",
      "properties": {
        "@id": "way/1421479607",
        "seamark:type": "separation_boundary",
        "source": "China MSA Notice No. 602/2025"
      },
      "geometry": {
        "type": "LineString",
        "coordinates": [
          [
            117.7756667,
            38.8410833
          ],
          [
            118.0209722,
            38.7916667
          ]
        ]
      },
      "id": "way/1421479607"
    },
    {
      "type": "Feature",
      "properties": {
        "@id": "way/1421479608",
        "seamark:type": "separation_boundary",
        "source": "China MSA Notice No. 602/2025"
      },
      "geometry": {
        "type": "LineString",
        "coordinates": [
          [
            117.7761389,
            38.8425
          ],
          [
            118.0214444,
            38.7931111
          ]
        ]
      },
      "id": "way/1421479608"
    },
    {
      "type": "Feature",
      "properties": {
        "@id": "way/1422280068",
        "seamark:type": "separation_boundary",
        "source": "China MSA Notice No. 758/2014"
      },
      "geometry": {
        "type": "LineString",
        "coordinates": [
          [
            119.5618611,
            34.6102778
          ],
          [
            119.5919444,
            34.6059444
          ],
          [
            119.5985278,
            34.6251389
          ]
        ]
      },
      "id": "way/1422280068"
    },
    {
      "type": "Feature",
      "properties": {
        "@id": "way/1422280069",
        "seamark:type": "separation_boundary",
        "source": "China MSA Notice No. 758/2014"
      },
      "geometry": {
        "type": "LineString",
        "coordinates": [
          [
            119.5622778,
            34.6121389
          ],
          [
            119.5671111,
            34.6114444
          ],
          [
            119.5796944,
            34.6121944
          ],
          [
            119.5903889,
            34.61775
          ],
          [
            119.5966944,
            34.6268056
          ]
        ]
      },
      "id": "way/1422280069"
    },
    {
      "type": "Feature",
      "properties": {
        "@id": "way/1424463983",
        "seamark:type": "separation_boundary"
      },
      "geometry": {
        "type": "LineString",
        "coordinates": [
          [
            -4.8000333,
            53.3508
          ],
          [
            -4.6933707,
            53.4387598
          ],
          [
            -4.6495833,
            53.4748167
          ],
          [
            -4.5161333,
            53.4857167
          ]
        ]
      },
      "id": "way/1424463983"
    },
    {
      "type": "Feature",
      "properties": {
        "@id": "way/1424463984",
        "seamark:type": "separation_boundary"
      },
      "geometry": {
        "type": "LineString",
        "coordinates": [
          [
            -4.5392833,
            53.5846167
          ],
          [
            -4.74285,
            53.5684
          ],
          [
            -4.8314174,
            53.4953856
          ],
          [
            -4.9354833,
            53.4094333
          ]
        ]
      },
      "id": "way/1424463984"
    },
    {
      "type": "Feature",
      "properties": {
        "@id": "way/1424556638",
        "seamark:type": "separation_boundary"
      },
      "geometry": {
        "type": "LineString",
        "coordinates": [
          [
            -3.53485,
            53.4993167
          ],
          [
            -3.6868333,
            53.4973
          ]
        ]
      },
      "id": "way/1424556638"
    },
    {
      "type": "Feature",
      "properties": {
        "@id": "way/1424556639",
        "seamark:type": "separation_boundary"
      },
      "geometry": {
        "type": "LineString",
        "coordinates": [
          [
            -3.6893333,
            53.5739833
          ],
          [
            -3.5373,
            53.5759833
          ]
        ]
      },
      "id": "way/1424556639"
    },
    {
      "type": "Feature",
      "properties": {
        "@id": "way/1424556640",
        "seamark:type": "separation_boundary"
      },
      "geometry": {
        "type": "LineString",
        "coordinates": [
          [
            -3.5633167,
            53.529
          ],
          [
            -3.59135,
            53.5286833
          ]
        ]
      },
      "id": "way/1424556640"
    },
    {
      "type": "Feature",
      "properties": {
        "@id": "way/1424556641",
        "seamark:type": "separation_boundary"
      },
      "geometry": {
        "type": "LineString",
        "coordinates": [
          [
            -3.5638167,
            53.5456667
          ],
          [
            -3.5918167,
            53.5453167
          ]
        ]
      },
      "id": "way/1424556641"
    },
    {
      "type": "Feature",
      "properties": {
        "@id": "way/1445268883",
        "seamark:type": "separation_boundary"
      },
      "geometry": {
        "type": "LineString",
        "coordinates": [
          [
            -79.9866833,
            9.4816333
          ],
          [
            -80.0497167,
            9.4660833
          ]
        ]
      },
      "id": "way/1445268883"
    },
    {
      "type": "Feature",
      "properties": {
        "@id": "way/1445268887",
        "seamark:type": "separation_boundary"
      },
      "geometry": {
        "type": "LineString",
        "coordinates": [
          [
            -79.8016,
            9.5323333
          ],
          [
            -79.7235575,
            9.6261739
          ],
          [
            -79.6488333,
            9.716
          ]
        ]
      },
      "id": "way/1445268887"
    },
    {
      "type": "Feature",
      "properties": {
        "@id": "way/1464307538",
        "seamark:type": "separation_boundary",
        "source": "China MSA Notice No. 1228/2025"
      },
      "geometry": {
        "type": "LineString",
        "coordinates": [
          [
            118.6275278,
            38.6315833
          ],
          [
            118.5253056,
            38.669
          ]
        ]
      },
      "id": "way/1464307538"
    },
    {
      "type": "Feature",
      "properties": {
        "@id": "way/1464307539",
        "seamark:type": "separation_boundary",
        "source": "China MSA Notice No. 1228/2025"
      },
      "geometry": {
        "type": "LineString",
        "coordinates": [
          [
            118.6501389,
            38.6695833
          ],
          [
            118.5479167,
            38.7069722
          ]
        ]
      },
      "id": "way/1464307539"
    },
    {
      "type": "Feature",
      "properties": {
        "@id": "way/1464308902",
        "seamark:type": "separation_boundary",
        "source": "China MSA Notice No. 1228/2025"
      },
      "geometry": {
        "type": "LineString",
        "coordinates": [
          [
            118.4193889,
            38.7076389
          ],
          [
            118.3258056,
            38.7418333
          ]
        ]
      },
      "id": "way/1464308902"
    },
    {
      "type": "Feature",
      "properties": {
        "@id": "way/1464308903",
        "seamark:type": "separation_boundary",
        "source": "China MSA Notice No. 1228/2025"
      },
      "geometry": {
        "type": "LineString",
        "coordinates": [
          [
            118.442,
            38.7456111
          ],
          [
            118.3483889,
            38.7797778
          ]
        ]
      },
      "id": "way/1464308903"
    },
    {
      "type": "Feature",
      "properties": {
        "@id": "way/1470203568",
        "seamark:type": "separation_boundary"
      },
      "geometry": {
        "type": "LineString",
        "coordinates": [
          [
            122.49485,
            30.9909667
          ],
          [
            122.5143667,
            30.97855
          ],
          [
            122.5533167,
            30.9705833
          ],
          [
            122.5532333,
            31.00505
          ],
          [
            122.5452232,
            31.0065137
          ],
          [
            122.5220752,
            31.0114672
          ],
          [
            122.5143667,
            31.0131167
          ],
          [
            122.4949833,
            31.0085333
          ],
          [
            122.49485,
            30.9909667
          ]
        ]
      },
      "id": "way/1470203568"
    },
    {
      "type": "Feature",
      "properties": {
        "@id": "way/1470203570",
        "seamark:type": "separation_boundary"
      },
      "geometry": {
        "type": "LineString",
        "coordinates": [
          [
            122.4949167,
            31.10115
          ],
          [
            122.51435,
            31.08615
          ],
          [
            122.5219932,
            31.0861729
          ],
          [
            122.5457039,
            31.0862441
          ],
          [
            122.5532333,
            31.0862667
          ],
          [
            122.5532528,
            31.0927786
          ],
          [
            122.5533151,
            31.1135759
          ],
          [
            122.5533333,
            31.1196833
          ],
          [
            122.5458349,
            31.1196641
          ],
          [
            122.5219922,
            31.119603
          ],
          [
            122.5143167,
            31.1195833
          ],
          [
            122.4949167,
            31.1047667
          ],
          [
            122.4949167,
            31.10115
          ]
        ]
      },
      "id": "way/1470203570"
    },
    {
      "type": "Feature",
      "properties": {
        "@id": "way/1470203571",
        "seamark:type": "separation_boundary"
      },
      "geometry": {
        "type": "LineString",
        "coordinates": [
          [
            122.5143167,
            31.1195833
          ],
          [
            122.5219922,
            31.119603
          ],
          [
            122.5458349,
            31.1196641
          ],
          [
            122.5533333,
            31.1196833
          ],
          [
            122.5533,
            31.1530333
          ],
          [
            122.5458365,
            31.1530429
          ],
          [
            122.5213119,
            31.1530744
          ],
          [
            122.5143167,
            31.1530833
          ],
          [
            122.5143167,
            31.1195833
          ]
        ]
      },
      "id": "way/1470203571"
    },
    {
      "type": "Feature",
      "properties": {
        "@id": "way/1470203572",
        "seamark:type": "separation_boundary"
      },
      "geometry": {
        "type": "LineString",
        "coordinates": [
          [
            122.5533333,
            31.1196833
          ],
          [
            122.5533151,
            31.1135759
          ],
          [
            122.5532528,
            31.0927786
          ],
          [
            122.5532333,
            31.0862667
          ],
          [
            122.5909333,
            31.0861333
          ],
          [
            122.5908999,
            31.0928535
          ],
          [
            122.5907953,
            31.1138722
          ],
          [
            122.5907667,
            31.1196167
          ],
          [
            122.5533333,
            31.1196833
          ]
        ]
      },
      "id": "way/1470203572"
    },
    {
      "type": "Feature",
      "properties": {
        "@id": "way/1470203573",
        "seamark:type": "separation_boundary"
      },
      "geometry": {
        "type": "LineString",
        "coordinates": [
          [
            122.5143667,
            31.0131167
          ],
          [
            122.5220752,
            31.0114672
          ],
          [
            122.5452232,
            31.0065137
          ],
          [
            122.5532333,
            31.00505
          ],
          [
            122.5532333,
            31.0862667
          ],
          [
            122.5457039,
            31.0862441
          ],
          [
            122.5219932,
            31.0861729
          ],
          [
            122.51435,
            31.08615
          ],
          [
            122.5143667,
            31.0131167
          ]
        ]
      },
      "id": "way/1470203573"
    },
    {
      "type": "Feature",
      "properties": {
        "@id": "way/1470203574",
        "seamark:type": "separation_boundary"
      },
      "geometry": {
        "type": "LineString",
        "coordinates": [
          [
            122.5532333,
            31.00505
          ],
          [
            122.5533167,
            30.9705833
          ],
          [
            122.5910167,
            30.9625833
          ],
          [
            122.5909833,
            30.9972833
          ],
          [
            122.5532333,
            31.00505
          ]
        ]
      },
      "id": "way/1470203574"
    },
    {
      "type": "Feature",
      "properties": {
        "@id": "way/1470203575",
        "seamark:type": "separation_boundary"
      },
      "geometry": {
        "type": "LineString",
        "coordinates": [
          [
            122.5143,
            30.9410833
          ],
          [
            122.5532333,
            30.9412833
          ],
          [
            122.5533167,
            30.9705833
          ],
          [
            122.5143667,
            30.97855
          ],
          [
            122.5143,
            30.9410833
          ]
        ]
      },
      "id": "way/1470203575"
    },
    {
      "type": "Feature",
      "properties": {
        "@id": "way/1471105287",
        "seamark:type": "separation_boundary"
      },
      "geometry": {
        "type": "LineString",
        "coordinates": [
          [
            122.7560462,
            30.4671547
          ],
          [
            122.8165141,
            30.4277646
          ],
          [
            122.8848079,
            30.3832575
          ],
          [
            122.9247711,
            30.3572041
          ],
          [
            122.9797808,
            30.3213299
          ],
          [
            123.0665,
            30.26475
          ],
          [
            123.0601167,
            30.2575833
          ],
          [
            122.9704141,
            30.316154
          ],
          [
            122.9168146,
            30.3511346
          ],
          [
            122.8757473,
            30.3779279
          ],
          [
            122.808884,
            30.4215355
          ],
          [
            122.7488333,
            30.4606833
          ],
          [
            122.6411683,
            30.4810514
          ],
          [
            122.5470127,
            30.4988603
          ],
          [
            122.4910167,
            30.50945
          ],
          [
            122.4648667,
            30.51435
          ],
          [
            122.4438,
            30.5186667
          ],
          [
            122.4353956,
            30.5200637
          ],
          [
            122.4353629,
            30.5200691
          ],
          [
            122.4235167,
            30.5223333
          ],
          [
            122.4241167,
            30.5243
          ],
          [
            122.3586367,
            30.5330018
          ],
          [
            122.2963104,
            30.5412838
          ],
          [
            122.2825167,
            30.5431167
          ],
          [
            122.2447657,
            30.5482546
          ],
          [
            122.2289667,
            30.55115
          ],
          [
            122.2292717,
            30.5523225
          ],
          [
            122.2295273,
            30.5535036
          ],
          [
            122.2297333,
            30.5546919
          ],
          [
            122.2298894,
            30.5558859
          ],
          [
            122.23,
            30.5569667
          ],
          [
            122.2543833,
            30.5542667
          ],
          [
            122.2979029,
            30.5477179
          ],
          [
            122.3598841,
            30.5387412
          ],
          [
            122.4250667,
            30.5293
          ],
          [
            122.4257833,
            30.5313167
          ],
          [
            122.4404,
            30.5282667
          ],
          [
            122.493889,
            30.5180839
          ],
          [
            122.5494824,
            30.5074993
          ],
          [
            122.6428939,
            30.4897119
          ],
          [
            122.7294167,
            30.4732333
          ],
          [
            122.7560462,
            30.4671547
          ]
        ]
      },
      "id": "way/1471105287"
    },
    {
      "type": "Feature",
      "properties": {
        "@id": "way/1471105288",
        "seamark:type": "separation_boundary"
      },
      "geometry": {
        "type": "LineString",
        "coordinates": [
          [
            122.1647432,
            30.534936
          ],
          [
            122.1657697,
            30.5341221
          ],
          [
            122.1668297,
            30.5333407
          ],
          [
            122.1679218,
            30.5325928
          ],
          [
            122.1690445,
            30.5318793
          ],
          [
            122.1701964,
            30.5312011
          ],
          [
            122.1713759,
            30.5305593
          ],
          [
            122.1725816,
            30.5299545
          ],
          [
            122.1738118,
            30.5293876
          ],
          [
            122.175065,
            30.5288593
          ],
          [
            122.1763395,
            30.5283704
          ],
          [
            122.1776337,
            30.5279214
          ],
          [
            122.1789459,
            30.5275129
          ],
          [
            122.1802743,
            30.5271455
          ],
          [
            122.1816173,
            30.5268197
          ],
          [
            122.182973,
            30.5265358
          ],
          [
            122.1843398,
            30.5262943
          ],
          [
            122.1857157,
            30.5260954
          ],
          [
            122.1870992,
            30.5259395
          ],
          [
            122.1884882,
            30.5258267
          ],
          [
            122.1898811,
            30.5257571
          ],
          [
            122.191276,
            30.5257309
          ],
          [
            122.192671,
            30.5257481
          ],
          [
            122.1940645,
            30.5258087
          ],
          [
            122.1954545,
            30.5259126
          ],
          [
            122.1968392,
            30.5260596
          ],
          [
            122.1982169,
            30.5262497
          ],
          [
            122.1995857,
            30.5264824
          ],
          [
            122.2009438,
            30.5267575
          ],
          [
            122.2022896,
            30.5270747
          ],
          [
            122.2036212,
            30.5274335
          ],
          [
            122.2049368,
            30.5278336
          ],
          [
            122.2062349,
            30.5282742
          ],
          [
            122.2075136,
            30.528755
          ],
          [
            122.2087713,
            30.5292752
          ],
          [
            122.2100065,
            30.5298341
          ],
          [
            122.2112173,
            30.5304311
          ],
          [
            122.2124024,
            30.5310654
          ],
          [
            122.2135601,
            30.5317361
          ],
          [
            122.214689,
            30.5324423
          ],
          [
            122.2157875,
            30.5331832
          ],
          [
            122.2168542,
            30.5339578
          ],
          [
            122.2178878,
            30.534765
          ],
          [
            122.2188869,
            30.5356039
          ],
          [
            122.2198502,
            30.5364732
          ],
          [
            122.2207764,
            30.5373719
          ],
          [
            122.2216643,
            30.5382989
          ],
          [
            122.2225128,
            30.5392528
          ],
          [
            122.2233207,
            30.5402325
          ],
          [
            122.2240871,
            30.5412366
          ],
          [
            122.2248109,
            30.5422639
          ],
          [
            122.2254911,
            30.5433131
          ],
          [
            122.2261269,
            30.5443827
          ],
          [
            122.2267175,
            30.5454713
          ],
          [
            122.227262,
            30.5465776
          ],
          [
            122.2277598,
            30.5477001
          ],
          [
            122.2282102,
            30.5488373
          ],
          [
            122.2286127,
            30.5499878
          ],
          [
            122.2289667,
            30.55115
          ],
          [
            122.2292717,
            30.5523225
          ],
          [
            122.2295273,
            30.5535036
          ],
          [
            122.2297333,
            30.5546919
          ],
          [
            122.2298894,
            30.5558859
          ],
          [
            122.23,
            30.5569667
          ],
          [
            122.2300508,
            30.5582844
          ],
          [
            122.230056,
            30.5594858
          ],
          [
            122.2300109,
            30.5606866
          ],
          [
            122.2299154,
            30.5618851
          ],
          [
            122.2297697,
            30.56308
          ],
          [
            122.229574,
            30.5642695
          ],
          [
            122.2293286,
            30.5654521
          ],
          [
            122.2290338,
            30.5666263
          ],
          [
            122.2286899,
            30.5677906
          ],
          [
            122.2282974,
            30.5689434
          ],
          [
            122.2278569,
            30.5700832
          ],
          [
            122.2273688,
            30.5712086
          ],
          [
            122.2268339,
            30.5723181
          ],
          [
            122.2262528,
            30.5734102
          ],
          [
            122.2256263,
            30.5744835
          ],
          [
            122.2249551,
            30.5755366
          ],
          [
            122.2242403,
            30.5765682
          ],
          [
            122.2234827,
            30.5775769
          ],
          [
            122.2226832,
            30.5785613
          ],
          [
            122.2218431,
            30.5795203
          ],
          [
            122.2209632,
            30.5804525
          ],
          [
            122.2200448,
            30.5813567
          ],
          [
            122.2190891,
            30.5822318
          ],
          [
            122.2180973,
            30.5830767
          ],
          [
            122.2170708,
            30.5838901
          ],
          [
            122.2160108,
            30.5846711
          ],
          [
            122.2149187,
            30.5854186
          ],
          [
            122.213796,
            30.5861317
          ],
          [
            122.2126442,
            30.5868095
          ],
          [
            122.2114646,
            30.587451
          ],
          [
            122.2102589,
            30.5880554
          ],
          [
            122.2090287,
            30.588622
          ],
          [
            122.2077755,
            30.5891499
          ],
          [
            122.206501,
            30.5896385
          ],
          [
            122.2052068,
            30.5900873
          ],
          [
            122.2038946,
            30.5904955
          ],
          [
            122.2025662,
            30.5908626
          ],
          [
            122.2012233,
            30.5911882
          ],
          [
            122.1998675,
            30.5914719
          ],
          [
            122.1985008,
            30.5917133
          ],
          [
            122.1971248,
            30.591912
          ],
          [
            122.1957414,
            30.5920678
          ],
          [
            122.1943523,
            30.5921806
          ],
          [
            122.1929594,
            30.5922501
          ],
          [
            122.1915645,
            30.5922763
          ],
          [
            122.1901695,
            30.5922591
          ],
          [
            122.188776,
            30.5921985
          ],
          [
            122.187386,
            30.5920947
          ],
          [
            122.1860013,
            30.5919478
          ],
          [
            122.1846236,
            30.5917579
          ],
          [
            122.1832548,
            30.5915253
          ],
          [
            122.1818967,
            30.5912504
          ],
          [
            122.1805509,
            30.5909334
          ],
          [
            122.1792194,
            30.5905748
          ],
          [
            122.1779037,
            30.590175
          ],
          [
            122.1766057,
            30.5897346
          ],
          [
            122.1753269,
            30.5892542
          ],
          [
            122.1740692,
            30.5887343
          ],
          [
            122.1728341,
            30.5881757
          ],
          [
            122.1716232,
            30.5875791
          ],
          [
            122.1704381,
            30.5869452
          ],
          [
            122.1692804,
            30.5862749
          ],
          [
            122.1681515,
            30.585569
          ],
          [
            122.167053,
            30.5848285
          ],
          [
            122.1659863,
            30.5840543
          ],
          [
            122.1649527,
            30.5832475
          ],
          [
            122.1639536,
            30.5824091
          ],
          [
            122.1629903,
            30.5815402
          ],
          [
            122.1620641,
            30.5806418
          ],
          [
            122.1611762,
            30.5797153
          ],
          [
            122.1603277,
            30.5787618
          ],
          [
            122.1595198,
            30.5777825
          ],
          [
            122.1587534,
            30.5767787
          ],
          [
            122.1580297,
            30.5757518
          ],
          [
            122.1573494,
            30.574703
          ],
          [
            122.1567136,
            30.5736337
          ],
          [
            122.1563862,
            30.5730727
          ],
          [
            122.1561231,
            30.5725454
          ],
          [
            122.1555785,
            30.5714394
          ],
          [
            122.1550807,
            30.5703172
          ],
          [
            122.1546303,
            30.5691802
          ],
          [
            122.1544437,
            30.5686829
          ],
          [
            122.1542278,
            30.56803
          ],
          [
            122.1538739,
            30.566868
          ],
          [
            122.1535688,
            30.5656957
          ],
          [
            122.1533132,
            30.5645147
          ],
          [
            122.1531072,
            30.5633265
          ],
          [
            122.1529512,
            30.5621326
          ],
          [
            122.1528453,
            30.5609347
          ],
          [
            122.1527897,
            30.5597342
          ],
          [
            122.1527845,
            30.5585328
          ],
          [
            122.1528297,
            30.557332
          ],
          [
            122.1529251,
            30.5561334
          ],
          [
            122.1530708,
            30.5549385
          ],
          [
            122.1532665,
            30.5537488
          ],
          [
            122.1535119,
            30.5525661
          ],
          [
            122.1538067,
            30.5513917
          ],
          [
            122.1541506,
            30.5502272
          ],
          [
            122.1545431,
            30.5490742
          ],
          [
            122.1549836,
            30.5479341
          ],
          [
            122.1554717,
            30.5468085
          ],
          [
            122.1560066,
            30.5456987
          ],
          [
            122.1565877,
            30.5446063
          ],
          [
            122.1572143,
            30.5435326
          ],
          [
            122.1578854,
            30.5424792
          ],
          [
            122.1586002,
            30.5414472
          ],
          [
            122.1593578,
            30.5404382
          ],
          [
            122.1601573,
            30.5394533
          ],
          [
            122.1609975,
            30.538494
          ],
          [
            122.1618773,
            30.5375614
          ],
          [
            122.1627957,
            30.5366567
          ],
          [
            122.1637514,
            30.5357812
          ],
          [
            122.1647432,
            30.534936
          ]
        ]
      },
      "id": "way/1471105288"
    },
    {
      "type": "Feature",
      "properties": {
        "@id": "way/1487545533",
        "seamark:type": "separation_boundary",
        "source": "https://navy.mnd.gov.tw/Files/Others/25-164(民).pdf"
      },
      "geometry": {
        "type": "LineString",
        "coordinates": [
          [
            120.2113889,
            22.5916667
          ],
          [
            120.2183333,
            22.5716667
          ]
        ]
      },
      "id": "way/1487545533"
    },
    {
      "type": "Feature",
      "properties": {
        "@id": "way/1487545534",
        "seamark:type": "separation_boundary",
        "source": "https://navy.mnd.gov.tw/Files/Others/25-164(民).pdf"
      },
      "geometry": {
        "type": "LineString",
        "coordinates": [
          [
            120.1725,
            22.5916667
          ],
          [
            120.1797222,
            22.5716667
          ]
        ]
      },
      "id": "way/1487545534"
    },
    {
      "type": "Feature",
      "properties": {
        "@id": "way/1489736973",
        "seamark:type": "separation_boundary",
        "source": "China MSA Notice No. 524/2011"
      },
      "geometry": {
        "type": "LineString",
        "coordinates": [
          [
            121.8044444,
            31.3069444
          ],
          [
            121.8004167,
            31.3148611
          ],
          [
            121.7986111,
            31.3247222
          ],
          [
            121.7981944,
            31.3506111
          ],
          [
            121.7948611,
            31.3666667
          ],
          [
            121.7844444,
            31.3847222
          ]
        ]
      },
      "id": "way/1489736973"
    },
    {
      "type": "Feature",
      "properties": {
        "@id": "way/1489740385",
        "seamark:type": "separation_boundary",
        "source": "China MSA Notice No. 524/2011"
      },
      "geometry": {
        "type": "LineString",
        "coordinates": [
          [
            121.7955556,
            31.3075
          ],
          [
            121.7947222,
            31.3122222
          ],
          [
            121.7944444,
            31.3226389
          ],
          [
            121.7943056,
            31.3404167
          ],
          [
            121.7941667,
            31.3506944
          ],
          [
            121.7908333,
            31.3654167
          ],
          [
            121.7798611,
            31.3847222
          ]
        ]
      },
      "id": "way/1489740385"
    }
  ]
}